{"type":"FeatureCollection","features":[{"type":"Feature","geometry":{"type":"Polygon","coordinates":[[[-85.52149224598313,38.28463611534129],[-85.52154611404289,38.284752138406375],[-85.52174661793461,38.28518437451806],[-85.52188192378068,38.285476237166115],[-85.5219760881596,38.28567931365831],[-85.52224046575567,38.28624898664456],[-85.5231344436888,38.28600511362173],[-85.52470372533085,38.28554885480715],[-85.52674423430648,38.28496220868594],[-85.52714293148642,38.284859300864895],[-85.52883068223369,38.28442359694837],[-85.52969249173896,38.28419317178092],[-85.53100725546585,38.28384381373362],[-85.53133330959274,38.283755661843294],[-85.53226259214428,38.28349596702558],[-85.53233865842866,38.2834747110953],[-85.53353650452773,38.28313265900558],[-85.53361641755605,38.28310982271071],[-85.5342379554639,38.282932101917005],[-85.5351193140875,38.2826999898565],[-85.53560456649289,38.28256788189935],[-85.53680532783572,38.28224089832702],[-85.53705095959587,38.282178404403055],[-85.53826806698774,38.28178383606629],[-85.53852404058695,38.28170885687076],[-85.53974933121305,38.281369386510626],[-85.54058727779359,38.28114023425235],[-85.54066444607841,38.2811156098606],[-85.54074374945615,38.281091373898725],[-85.54129269501996,38.280925314493786],[-85.54246910549834,38.28045529083706],[-85.54278647585477,38.28036439920069],[-85.54347262949756,38.28016279923678],[-85.5439947887412,38.28001721054685],[-85.54445108273676,38.279889824275386],[-85.54503300760031,38.27972447776474],[-85.54590632615509,38.27946260753821],[-85.54596466823224,38.279583146495376],[-85.54598546979477,38.279626165872834],[-85.54641094129703,38.27950371830856],[-85.54679642122652,38.27939538427002],[-85.54671932703236,38.27923990792647],[-85.54646205160091,38.27873362167659],[-85.54619193902879,38.278216494048905],[-85.5460707207671,38.277961176066974],[-85.54593911855912,38.27768939585303],[-85.54589655134608,38.277599462347816],[-85.54564352172423,38.27706154441509],[-85.54559200633048,38.27694356488845],[-85.5460160944355,38.276852609094306],[-85.54985555385684,38.27587031063778],[-85.54940741856936,38.27476309773706],[-85.54906731227798,38.27392281153016],[-85.55048040298554,38.27353489224783],[-85.55029414347355,38.273039695067844],[-85.55002129658877,38.27240453582738],[-85.54997239547036,38.27228790849462],[-85.54969157257221,38.27158263522186],[-85.55006638889805,38.271656061462465],[-85.55097949998627,38.27181472385437],[-85.55135391738723,38.27176549484522],[-85.55138796605387,38.2716914611085],[-85.55154378975259,38.27135242488339],[-85.55170402943534,38.27100392408633],[-85.55194131998195,38.270487514061735],[-85.55207186441139,38.2702035335105],[-85.55233115043427,38.269647012827114],[-85.551928099428,38.26953085201679],[-85.55186929419821,38.269513732767415],[-85.55164583231611,38.26944849969845],[-85.55139421936362,38.269375044614556],[-85.5515286069542,38.26906784890652],[-85.55172374953263,38.268506943169186],[-85.55179621232178,38.26829849433242],[-85.55182479254444,38.26821613362487],[-85.55196332468056,38.26781802617496],[-85.55213525867688,38.2673128525737],[-85.55242433832204,38.26646746983438],[-85.55242501286386,38.26646607718206],[-85.55306784128706,38.26662614724095],[-85.55329881636557,38.26668369871967],[-85.55356056783256,38.26674889587952],[-85.55382542958215,38.26681482017957],[-85.55392549825598,38.26683974694012],[-85.55428012963255,38.26692807879084],[-85.55455663208376,38.26699690555525],[-85.55485543965543,38.26707134445851],[-85.55525066296032,38.26716978956043],[-85.55555538310094,38.26724567974867],[-85.55562472501745,38.2671061698918],[-85.5557489554485,38.2668964097902],[-85.55588047456128,38.266674209395234],[-85.55591879078388,38.26652849493425],[-85.55595612895773,38.266360565793946],[-85.55592263643672,38.266203482446514],[-85.55589022778183,38.26605188227334],[-85.5557775053038,38.26589942956477],[-85.55565812501287,38.26575153275464],[-85.55550362923104,38.2655765575592],[-85.55533077335066,38.265380540768646],[-85.55515518091823,38.26518173075011],[-85.5550369853931,38.26504777932292],[-85.55494748846964,38.264946375248755],[-85.5549026175098,38.26489557748182],[-85.55493926497546,38.26473572541299],[-85.55495728054291,38.264657144892084],[-85.55498942409665,38.26451675683649],[-85.55501996345491,38.26438357827712],[-85.55508231888612,38.26411828094483],[-85.55509665051926,38.264071859356704],[-85.55514511880662,38.26391539172277],[-85.55520711858847,38.26371504994442],[-85.55524543853247,38.26359116395078],[-85.55525274300695,38.263550067138226],[-85.55527447035966,38.263427980967364],[-85.55522042033603,38.26329745158313],[-85.5550971180203,38.26318185772936],[-85.55495946238203,38.26309777987143],[-85.55477444066366,38.26298482376341],[-85.55457560043384,38.26286338276428],[-85.55453480902023,38.262838506671486],[-85.55410583600913,38.262576580467176],[-85.55402048098668,38.26250138678863],[-85.55385296353447,38.262319944954555],[-85.55382659727617,38.26225980114619],[-85.55372707302108,38.26203270049176],[-85.55363021738408,38.26181166129732],[-85.55360597306147,38.26175637800861],[-85.55353899791483,38.261603516847785],[-85.5534563856579,38.26141505179252],[-85.55337377496681,38.261226586671256],[-85.55328625411407,38.26102676576822],[-85.55321958485712,38.260874531065795],[-85.55319982591092,38.26082959181473],[-85.55315210924542,38.26072695833117],[-85.5531130359751,38.26065333110014],[-85.553020024483,38.26047797352859],[-85.55292459984466,38.26029333289881],[-85.5528548628876,38.260080079127235],[-85.5527551247523,38.2598893731167],[-85.55264313327866,38.25967523160031],[-85.55252727205142,38.25944925573904],[-85.55240649756988,38.259213704279155],[-85.55228238612013,38.25897179985884],[-85.5522158576195,38.25883668021982],[-85.55215193673902,38.258706710265365],[-85.55207193168252,38.25854892333731],[-85.55187462029772,38.258159867816836],[-85.55156678402018,38.25821464387424],[-85.55121569070265,38.25827780828054],[-85.55077448988249,38.258357312033056],[-85.55030199211217,38.258442386016874],[-85.55024744356514,38.25832036375883],[-85.55010507389503,38.258001739339385],[-85.55001216187613,38.257794070171926],[-85.54992894636639,38.25760795651046],[-85.54978397346792,38.25728375030438],[-85.54975336655923,38.25721513652164],[-85.54957360655621,38.256813125680075],[-85.54924810907012,38.25690570424893],[-85.54884707189609,38.257016857447546],[-85.5484104436028,38.2571207842508],[-85.54837568421168,38.25701062165857],[-85.54806282822162,38.25631764335087],[-85.5478896147174,38.25593415208915],[-85.54736696817099,38.2547709768574],[-85.5473281749272,38.25473167728402],[-85.54725137952799,38.25472015042215],[-85.5460219206765,38.255086377633695],[-85.54416636705027,38.25562502402398],[-85.54376040483447,38.25575278676034],[-85.54361563201405,38.25538982019017],[-85.54348896385441,38.25507241674433],[-85.54313219145641,38.254209049036184],[-85.54287419351267,38.253565770748644],[-85.54260051686903,38.25288375998831],[-85.5427714682782,38.25284588400848],[-85.54251902884418,38.25224511627581],[-85.54230014623016,38.25172412369653],[-85.54163135628471,38.251894160094935],[-85.54026045007252,38.25224281800399],[-85.54007044575948,38.252291089677655],[-85.53940103356209,38.25246135291513],[-85.5390091241797,38.25256099740726],[-85.5384148799572,38.252712205823016],[-85.53809569995856,38.25279337068192],[-85.53775730139954,38.25287853831405],[-85.53744544332693,38.25295707023319],[-85.53712443280976,38.25303794087603],[-85.53681226919116,38.25311656607761],[-85.5365406615391,38.25319189852914],[-85.53592205903703,38.253329010833276],[-85.5347366645176,38.25362788824537],[-85.53390442408008,38.253841480968816],[-85.53371543053305,38.253895610423356],[-85.53369523820234,38.25383681926691],[-85.53340166537114,38.25316927063166],[-85.53276400332958,38.25344085920176],[-85.53240038692115,38.253596835585455],[-85.53206405421697,38.25374252348707],[-85.53174280306159,38.253901364318764],[-85.53148872316058,38.25402604681645],[-85.53127873535632,38.25412691592281],[-85.53107716127776,38.254227654263495],[-85.53095331942045,38.254290794977365],[-85.53064038019312,38.254441234127256],[-85.52901296350826,38.25524157278588],[-85.5290171005539,38.25525459936751],[-85.52905724881165,38.255380961739355],[-85.52927300357128,38.25606003949106],[-85.52927622582924,38.25609237820667],[-85.52795561286199,38.25632318684799],[-85.52677774596773,38.25652155968681],[-85.52681196166975,38.2565922972154],[-85.52701119561847,38.25694359343716],[-85.52708445436693,38.25709600064264],[-85.52714081343468,38.257231258664476],[-85.52714562942717,38.25733204354175],[-85.52714833146797,38.25748681707202],[-85.52625589737555,38.25784260657667],[-85.52516301065855,38.25828234110127],[-85.52527728256848,38.25872114187536],[-85.52528662507505,38.2587569790064],[-85.5253893945462,38.25914926473252],[-85.52551237976948,38.2595910152195],[-85.52557266574732,38.25981787361846],[-85.52561947892424,38.26002412855448],[-85.52569466598477,38.260363809611036],[-85.52454867799771,38.260229316700695],[-85.52440506343657,38.26021240776865],[-85.52427208906612,38.25929161852528],[-85.52389286418918,38.25933258019105],[-85.52352730168823,38.25937202794922],[-85.52359196799728,38.2597589536448],[-85.523775124863,38.2608568686382],[-85.52389910375452,38.26085402876925],[-85.52402690521008,38.260857782068825],[-85.52450687413373,38.26091668219027],[-85.5247819603814,38.2609535541864],[-85.52519479472016,38.261031891646304],[-85.525315138394,38.26136079305921],[-85.5254418813878,38.26171167900607],[-85.52552212358795,38.26193371989045],[-85.52561048572595,38.26219303698798],[-85.52577118773897,38.26264716627913],[-85.525893710868,38.26304333471854],[-85.52595566273945,38.26320514404841],[-85.52599589027473,38.263331814548174],[-85.52601019864504,38.26337934457991],[-85.52602480850727,38.26342769234768],[-85.52604116886575,38.263482101459225],[-85.52612671645406,38.263765548455275],[-85.52620635069052,38.2640288396929],[-85.52624535821828,38.264156035730025],[-85.52631455711179,38.264381612912246],[-85.52637089531557,38.26456533522759],[-85.52642976923873,38.26475742857787],[-85.52650059941486,38.26498882616722],[-85.52661303312108,38.26535636736093],[-85.52664793605553,38.26547004562689],[-85.52666967372058,38.2655411000222],[-85.52650982993559,38.265764368834134],[-85.52579205501559,38.26702596903071],[-85.5218802467853,38.27258328066398],[-85.52162072424004,38.27296131092458],[-85.52124262242263,38.273520275407044],[-85.52058710803422,38.27443862441689],[-85.51831939784839,38.277564620685176],[-85.51813780074812,38.277977796436346],[-85.51830397346048,38.278143563815966],[-85.51851029111035,38.27822820294203],[-85.5188731040112,38.27897818314896],[-85.51889376771831,38.27902106200108],[-85.5189943047671,38.27922886570646],[-85.51906902514457,38.27938349066716],[-85.51931083936333,38.27991798115897],[-85.51940877597657,38.28013900086642],[-85.51943699922177,38.28020290544843],[-85.51950828702913,38.28036367870735],[-85.519757459834,38.28092650118419],[-85.52005684890857,38.28156336623646],[-85.51930899844278,38.28157470041681],[-85.5181885746041,38.28158857052455],[-85.51803874366668,38.281789297540676],[-85.51763292409221,38.282333146278184],[-85.51816662770149,38.28255223286803],[-85.51870825441634,38.282774602065054],[-85.51876265460636,38.282796969048256],[-85.51916163199502,38.28314877560876],[-85.51921595364318,38.28319667250059],[-85.5192529984513,38.28322929429375],[-85.51947672966011,38.283426567375095],[-85.51951596510762,38.28346126103292],[-85.51974754493537,38.283665376277305],[-85.51985837712759,38.283763145017204],[-85.51991719987112,38.283815040641066],[-85.5199629448267,38.28385537233814],[-85.52008503175897,38.28396306688734],[-85.52026041199458,38.284116155566906],[-85.52032939603443,38.28417638918214],[-85.5204887759594,38.28410121381744],[-85.5209386129375,38.28397236595228],[-85.52100632031367,38.28395302465813],[-85.52117449860582,38.283951186630254],[-85.52149224598313,38.28463611534129]]]},"properties":{"name":"ANCHORAGE","ballot_code":"ANS"}},{"type":"Feature","geometry":{"type":"Polygon","coordinates":[[[-85.72098193459902,38.20775452815115],[-85.72147765812304,38.20849792236269],[-85.72157587696898,38.20867997852249],[-85.72204280339375,38.20938677404023],[-85.72262673283828,38.210269040172555],[-85.72306712497583,38.21093409147168],[-85.72365880234827,38.210671851228476],[-85.72410463288391,38.21046251162489],[-85.72514511560124,38.20998140271758],[-85.72620331983603,38.2094948075755],[-85.72725254961287,38.209016326108525],[-85.72830743332811,38.20853221156672],[-85.73059201328483,38.20745229073211],[-85.7308895940415,38.2073115124111],[-85.73057956102348,38.20683916879506],[-85.7305288233465,38.20676227990068],[-85.7304084653932,38.2065801319172],[-85.73037776710042,38.20653358458862],[-85.73029066695972,38.206401925966816],[-85.73016854455706,38.206216892525184],[-85.7300760853988,38.20607696284267],[-85.73004745789335,38.20603373403885],[-85.72999732965677,38.20595780633602],[-85.72992527508045,38.205848603913495],[-85.72990389650744,38.205816146484054],[-85.73022615010335,38.205675228904504],[-85.73035388186341,38.20561928470624],[-85.73054048114817,38.20553637686215],[-85.73067375777262,38.20547778888476],[-85.73088003975296,38.20538723899481],[-85.73097796929731,38.205344270457594],[-85.73107334079758,38.205302360068046],[-85.73126030364051,38.2052202683184],[-85.73144044186495,38.205141156507146],[-85.73158639138046,38.20507699248499],[-85.73181113608814,38.204978509901146],[-85.73189541511032,38.20494135695776],[-85.73199389273614,38.204898148000424],[-85.73204301044505,38.204876663751854],[-85.73217122595304,38.20482028428649],[-85.73235617542596,38.20473905632188],[-85.73249005893076,38.204680273568684],[-85.73254740162331,38.20465508824463],[-85.7327265619173,38.20457626262857],[-85.73291352114056,38.204493879939164],[-85.73309018220912,38.20441587148787],[-85.73325294814562,38.2043439180203],[-85.73340431868137,38.20427686670439],[-85.73345593408241,38.204254180323005],[-85.73363320266306,38.20417578642678],[-85.73370596261228,38.204143630069154],[-85.7338169306012,38.2040946037464],[-85.73399681907607,38.20401505461769],[-85.73418091162642,38.203933679511394],[-85.73431954486979,38.20387239602097],[-85.73455129023449,38.20376991873365],[-85.7346242320877,38.20373766632866],[-85.73473014027086,38.203690898117095],[-85.73483799981972,38.20364321557636],[-85.73491295229289,38.20361004966705],[-85.73519783248348,38.2034841157276],[-85.7352337241884,38.20346830099325],[-85.73507425624278,38.20321879262583],[-85.7344748271964,38.202295811764984],[-85.73431067280936,38.202041203986084],[-85.73416101732538,38.201809051874264],[-85.73393546982894,38.201459188369526],[-85.7338883257444,38.20138614843422],[-85.7337953575957,38.2013392087137],[-85.7336047912565,38.201242925522834],[-85.73335579972385,38.20111725678692],[-85.73315950814488,38.201018327719744],[-85.73295761069176,38.20091636845509],[-85.73278002316083,38.20082676828844],[-85.73259189565405,38.200731734353305],[-85.73239237658588,38.20063097635974],[-85.73221546054955,38.20054171240105],[-85.73200046817014,38.20043321027751],[-85.73180893156413,38.2003365870581],[-85.73171158006166,38.20028748268298],[-85.73161818776315,38.200240205109125],[-85.7314158687238,38.20013819447243],[-85.73120179310328,38.200030172146974],[-85.73102353863314,38.19994008899744],[-85.7308320045788,38.19984351283536],[-85.73062170814663,38.19973736498272],[-85.73061202075779,38.199732458512464],[-85.72992472231866,38.199386405452934],[-85.72996007646587,38.199996071049945],[-85.72996304801207,38.20004780616679],[-85.72995675902298,38.20009939555849],[-85.72983561969527,38.20036824069386],[-85.72971262525849,38.200512893843275],[-85.72956495809919,38.20064249369482],[-85.72939584890304,38.200754395472366],[-85.72916471285144,38.20086638249724],[-85.7289201763667,38.200959182324425],[-85.72871714461905,38.20101429433655],[-85.727619409882,38.20131281460003],[-85.7263493376657,38.20167230579512],[-85.7259080834825,38.201853863963706],[-85.72559650245582,38.20199111779049],[-85.72545670546198,38.202062680821534],[-85.72534902235796,38.202117758132566],[-85.72511238283332,38.20225680568659],[-85.72490548051785,38.20238681964669],[-85.72475574102829,38.20248083279707],[-85.72464939432784,38.20254764217727],[-85.7244618733897,38.20265371533531],[-85.72432262510345,38.2027166224178],[-85.72421585877788,38.20276020792033],[-85.7240508374917,38.20281801227432],[-85.72377272696933,38.202881369274834],[-85.72348779871216,38.20292174125944],[-85.72319910156709,38.20293898471543],[-85.72299680413111,38.202954661518866],[-85.72279980038287,38.20299370583939],[-85.72261217008665,38.203055108660735],[-85.72239716826735,38.20315444102098],[-85.72219982831822,38.203274259781246],[-85.72213174883017,38.2033247755332],[-85.72203928995094,38.203393268834574],[-85.7218906906355,38.20352141543354],[-85.72166326731315,38.20374825318789],[-85.7213758027683,38.2040335407747],[-85.72118860751593,38.20421932564112],[-85.72009969620467,38.20495583912034],[-85.71996603030158,38.2050547064294],[-85.71987837712842,38.205132911676955],[-85.71953470424974,38.20545534622722],[-85.71934318392279,38.20562098222487],[-85.7192933808586,38.20567135689289],[-85.72029982425411,38.20640469530387],[-85.72039375760389,38.20647082923691],[-85.72064156625052,38.20664931704754],[-85.72122161658817,38.20706852804382],[-85.7212899660977,38.2071178753866],[-85.72141353732738,38.20728503227829],[-85.72121906533498,38.20751649257149],[-85.72098193459902,38.20775452815115]]]},"properties":{"name":"AUDUBON PARK","ballot_code":"APK"}},{"type":"Feature","geometry":{"type":"Polygon","coordinates":[[[-85.59648174397525,38.29963492986527],[-85.59655926497436,38.29973469837779],[-85.59669184528303,38.29990858056175],[-85.59672525007967,38.29995227913321],[-85.5968223594599,38.300079574185474],[-85.59687821541323,38.300152775289725],[-85.59697508136124,38.30027973293995],[-85.59701974230092,38.300338207062396],[-85.59712549274781,38.300476955022596],[-85.59716206074741,38.30052488928796],[-85.59727821744276,38.30067711336378],[-85.5973108304444,38.30071980167888],[-85.59744992610632,38.30090215303925],[-85.59758421527246,38.30107824727942],[-85.59773986269276,38.30128215848251],[-85.5978671557928,38.301449060949196],[-85.59794905745382,38.30155642999078],[-85.59802067475094,38.301650228348386],[-85.59818837338408,38.301869924535445],[-85.59829431067024,38.30200891307531],[-85.5983583233755,38.30209279648117],[-85.59838704342683,38.302130526999385],[-85.59857543285237,38.30237731798809],[-85.59868807882995,38.30251828599829],[-85.5988887037088,38.302779611719956],[-85.59892697798145,38.302829566599186],[-85.59903085175168,38.30296480117021],[-85.59917312245315,38.30315018249612],[-85.59932464280985,38.30334759581507],[-85.59947348661156,38.30354149634537],[-85.59959531302083,38.3037001192096],[-85.59962689579304,38.30374136312373],[-85.59977744501954,38.303937380830604],[-85.59988716356567,38.304080314280846],[-85.5999299423893,38.304136091923866],[-85.60007769461266,38.304328595599245],[-85.60025167525723,38.304555220383044],[-85.60037149686033,38.304711244240174],[-85.60053464729833,38.304923719078126],[-85.60114613947958,38.304625245024205],[-85.60173069259243,38.30433990768082],[-85.60198525361804,38.30421565339659],[-85.60223749286061,38.30409250112391],[-85.60248692260338,38.30397078722351],[-85.60273745028178,38.303848497554995],[-85.60298602247873,38.30372711848354],[-85.60338208741591,38.303533802750884],[-85.60373717004568,38.30336043605296],[-85.6042730894015,38.30309892176405],[-85.604468767641,38.303003340589456],[-85.60500993371748,38.30273918421738],[-85.60568924106057,38.302407499462404],[-85.60620731220683,38.302154608189916],[-85.60648079107303,38.302021136064035],[-85.60689228813659,38.30182027909754],[-85.60618420559534,38.30092933240539],[-85.60608481646304,38.30080430188498],[-85.6059406449833,38.30061733987051],[-85.60582166906687,38.300462956807344],[-85.60603841009711,38.30035576380475],[-85.6061257386656,38.30031447418544],[-85.60630375205074,38.300230214957665],[-85.60661067945307,38.30008505183216],[-85.60691290474968,38.2999420931457],[-85.60709499170771,38.29986452085852],[-85.60736192718535,38.29973310639254],[-85.60751399019772,38.299658141566255],[-85.60756931929943,38.29963089865701],[-85.60775264921791,38.299540634323826],[-85.60802001039256,38.29940897832332],[-85.60824388971203,38.299298664434836],[-85.60847204253642,38.299186239806765],[-85.60870520212207,38.29907146473653],[-85.60894336888467,38.29895409864233],[-85.60921548979728,38.29882004187037],[-85.60945987962731,38.29870167216809],[-85.60986067149615,38.298502234428575],[-85.6100366088441,38.29841455431376],[-85.61042976455875,38.29821847064287],[-85.61029033836844,38.298035172715565],[-85.61014610579001,38.29784571457344],[-85.60997497403052,38.297621078526376],[-85.60986457067668,38.297480124617756],[-85.60970153065772,38.297268430809524],[-85.60961937209592,38.29716159832436],[-85.6093774554482,38.296850911820364],[-85.60911896965851,38.296973543236746],[-85.60885565528349,38.297100255023295],[-85.60858969582812,38.29676194044704],[-85.60847679173948,38.29662328954154],[-85.60830665322145,38.2963939888793],[-85.60816383782246,38.29620135768241],[-85.6080199875452,38.2960074736455],[-85.6079020001302,38.29584838259022],[-85.60777190487003,38.295673025588435],[-85.60767326838456,38.295540016515815],[-85.60760341401736,38.295445841247734],[-85.6073567329691,38.29511331746753],[-85.60701385443095,38.29465105505683],[-85.60691668119215,38.29452006609961],[-85.60682900947229,38.29439726193833],[-85.60651052026007,38.29397680797992],[-85.60640951206867,38.29384182363513],[-85.60629493683994,38.29368874522505],[-85.60602629596444,38.29332979587321],[-85.60565269976746,38.29283032691239],[-85.60557815718087,38.29270330601108],[-85.60216913995423,38.29545052831977],[-85.60118303320601,38.29613312356485],[-85.60096316168698,38.296282614132124],[-85.60161263624045,38.29713981558102],[-85.60280007988254,38.296549010785895],[-85.60303519927403,38.2968582590378],[-85.59990711127122,38.29840253271348],[-85.59987832917804,38.2983652835475],[-85.59948694819832,38.29854421829467],[-85.59932568892617,38.29839972759154],[-85.59909882657746,38.298382946902905],[-85.59905578056343,38.29825096287952],[-85.59890226626413,38.29804960471612],[-85.59852271274417,38.29755135594489],[-85.5985011535673,38.297562386582285],[-85.59793535669786,38.29785494377396],[-85.59767566803545,38.2979876933144],[-85.59762749275801,38.297918061158974],[-85.59756068183673,38.29783225012475],[-85.59733597111902,38.29754387040782],[-85.59713328960946,38.297283788578014],[-85.59662205829147,38.29662771226276],[-85.59649866251236,38.29646941999899],[-85.59631157121488,38.29622527120504],[-85.59613725849712,38.29599772693501],[-85.59594743209254,38.29575006478583],[-85.59575675406529,38.29550134259034],[-85.59556492268956,38.2952509851463],[-85.59534948617471,38.29496982469341],[-85.59506408560554,38.294597271203045],[-85.59408607051856,38.293365062593075],[-85.59402890958364,38.293392922098604],[-85.59370072443119,38.293552544514384],[-85.5933896357507,38.29370391973056],[-85.59317876205746,38.2938065784114],[-85.59282358061975,38.293979384931546],[-85.59251613234815,38.29413845496002],[-85.59229070910158,38.294253881647535],[-85.59191225447205,38.29443800185092],[-85.5923771646149,38.29501864879286],[-85.59289069674466,38.29566003440091],[-85.59274387967614,38.29573200718128],[-85.59241347919344,38.29589388256876],[-85.59210573568775,38.296044682168514],[-85.59179133356463,38.29619883710431],[-85.59147418244551,38.29635428578447],[-85.59116405229747,38.29650628068854],[-85.59085056299207,38.29665995413031],[-85.59053798810977,38.29681309821152],[-85.5901825380549,38.29698738738788],[-85.59044775038886,38.29732213499201],[-85.59055605047732,38.2974588742809],[-85.59064366308726,38.2975696221489],[-85.59081594870644,38.2977414481485],[-85.59101216152528,38.297992925356894],[-85.59121013952256,38.29824661640976],[-85.59139021762105,38.298512014359396],[-85.5915899711948,38.29876426469743],[-85.59178352051936,38.29900852490646],[-85.59198035569095,38.29925706865822],[-85.59217329864848,38.29950060662477],[-85.59236873746846,38.299747368461546],[-85.59267893592964,38.30013890500015],[-85.59277274419468,38.300094267889854],[-85.59290058764992,38.30025473293808],[-85.59339805448239,38.30000740017244],[-85.59370001521243,38.29985726364991],[-85.59492921905887,38.29924596607125],[-85.59524870096965,38.29908714627764],[-85.59555602846437,38.29893436682623],[-85.5959799452201,38.29872351552013],[-85.5963625722128,38.29853328223743],[-85.59653534968054,38.29844730012913],[-85.59678721011812,38.29832526513674],[-85.59710531119663,38.29818172757332],[-85.59726771648485,38.298359445187515],[-85.59752152697332,38.298708297902365],[-85.59774686927585,38.299017833088094],[-85.597061883075,38.29934960944464],[-85.5965525408183,38.29959468356937],[-85.59648174397525,38.29963492986527]]]},"properties":{"name":"BARBOURMEADE","ballot_code":"BAR"}},{"type":"Feature","geometry":{"type":"Polygon","coordinates":[[[-85.6236803048293,38.26011730112373],[-85.62372254803272,38.26016585457223],[-85.62381094044758,38.26026750280043],[-85.62476688482397,38.260017326197804],[-85.62501951608591,38.25995127296093],[-85.62521766937037,38.259899421192664],[-85.62542085692466,38.259846222957115],[-85.62561494795723,38.25979544829513],[-85.62581315411184,38.259743592881165],[-85.62605997665993,38.25966998942193],[-85.62622412950623,38.259636023076496],[-85.62641719058851,38.25958551630674],[-85.6266004248012,38.25953624049404],[-85.62681251569214,38.25947924350962],[-85.62700620331715,38.259424609149725],[-85.62715837453932,38.259381705084984],[-85.62740689869912,38.25931741286078],[-85.62762163233788,38.25926184157318],[-85.62780527444727,38.259214362622544],[-85.62800489854614,38.25916274555194],[-85.6283165725545,38.25908217134201],[-85.62877175595561,38.258964458216276],[-85.62921160311186,38.2588498413919],[-85.62964797150835,38.25873612395324],[-85.62990601888791,38.25866888011979],[-85.62996620642981,38.25864010426782],[-85.63059291777827,38.25847633079616],[-85.63084923041818,38.258409534532],[-85.63107618507729,38.25835037985997],[-85.63132334170479,38.25828592306138],[-85.63170844060006,38.25820335662466],[-85.63193276804202,38.25815495780437],[-85.63212561048331,38.25811337087041],[-85.63219648436795,38.2581027551913],[-85.63242326300133,38.258068824537446],[-85.63264603774338,38.25803554988005],[-85.63285864977638,38.258003681949575],[-85.63297901562568,38.25798569269687],[-85.63314256492437,38.25797483108806],[-85.63336263687792,38.25796020941875],[-85.63357782135563,38.25794581678132],[-85.63353895577289,38.257863634741256],[-85.63349370610463,38.25776794106459],[-85.63382105633583,38.25774965629713],[-85.63436665187442,38.257724516049585],[-85.63474669083982,38.25770305836737],[-85.63477211802835,38.25750874500544],[-85.63480087806126,38.25728818369945],[-85.63481556647824,38.25717573969149],[-85.63482982239684,38.25706656392799],[-85.6348483983837,38.25692460294538],[-85.63486678997727,38.256783603095556],[-85.63488937734661,38.256610345858675],[-85.63490190553792,38.25651424667733],[-85.63490770687228,38.25647021084816],[-85.63491986532205,38.25637670785907],[-85.63492683882694,38.25632325005949],[-85.63493776266091,38.25623960233229],[-85.6349555974074,38.256103024697346],[-85.63498016072847,38.25591462424435],[-85.63502358195561,38.25555834785826],[-85.6350420956554,38.255417011087374],[-85.63505937548386,38.25528432770364],[-85.63506554720915,38.2552371199411],[-85.63507714868986,38.25514808691168],[-85.63508412325723,38.25509453268291],[-85.63509535411058,38.25500867336032],[-85.63510306876157,38.25494944651945],[-85.63511269657174,38.25487526924851],[-85.6351213356914,38.25480936000089],[-85.63513108540357,38.25473465398194],[-85.63513991077103,38.25466725472787],[-85.63514768658185,38.25460759547824],[-85.63515823841801,38.25452697544659],[-85.63516582936141,38.25446861429344],[-85.63517669080045,38.25438506194124],[-85.6351840347468,38.25432900789677],[-85.63519563548985,38.25424026403948],[-85.63521933425261,38.2540581611923],[-85.6352450669048,38.25386125126532],[-85.6352636688692,38.25370159620965],[-85.63529158908774,38.253470360088535],[-85.63530993458001,38.2533182538832],[-85.63532970035938,38.25315504203879],[-85.6353462541983,38.25301831883164],[-85.63536385879661,38.252872269920445],[-85.63538306947484,38.252713192004016],[-85.63540110511185,38.25256392256803],[-85.63541852406681,38.25241955553851],[-85.63543680720795,38.252268266376795],[-85.63545447299546,38.252122312981996],[-85.63547127324681,38.2519833303535],[-85.63548776548056,38.25184694398006],[-85.63549604233737,38.25177843863829],[-85.6355167955643,38.25160642348519],[-85.63552772886366,38.25151580939354],[-85.63472007055674,38.25145872363256],[-85.63429131533594,38.251423639938324],[-85.63391968644451,38.251391014493635],[-85.63357451526733,38.25136062576526],[-85.63322257804019,38.25132970049088],[-85.63287539560666,38.251299211335116],[-85.63220279080022,38.2512433474474],[-85.63194936802262,38.25122222873217],[-85.63159962398662,38.25119312795973],[-85.63125774434234,38.25116465840836],[-85.63091062255292,38.251135797884615],[-85.6305408833782,38.25110499086887],[-85.63018284913636,38.2510752045228],[-85.62978025485799,38.25104032286484],[-85.62831604633658,38.250925020935966],[-85.62823185697611,38.250918396085645],[-85.62807888003871,38.25121306366262],[-85.62796474390714,38.25143295911441],[-85.62788504343557,38.251586492069414],[-85.62771285791422,38.25191816056566],[-85.62762979217419,38.2520782290045],[-85.6274465448433,38.25242411716215],[-85.62728133983273,38.25273588822305],[-85.62717234369983,38.2529415079687],[-85.62713662343434,38.25300897515313],[-85.62709545887954,38.25308667695773],[-85.62704096081984,38.253189559276315],[-85.62697758926785,38.25331103892184],[-85.62687825106775,38.253501380053216],[-85.62676771778843,38.25371339278157],[-85.6266759025514,38.253889268573246],[-85.62599764022697,38.25518945404862],[-85.62546826727913,38.25619477448388],[-85.62449026930899,38.25674084026437],[-85.62444644719557,38.256765362877594],[-85.62427146238726,38.256863451687344],[-85.62410630372997,38.25695611791924],[-85.62393089148947,38.257054398571135],[-85.6237557829633,38.257152535131674],[-85.62358665547146,38.2572474082474],[-85.62342070153358,38.25734040962256],[-85.62325279482071,38.25743451414554],[-85.62308690051545,38.25752756286313],[-85.62291673410991,38.25762291500996],[-85.62266080567537,38.25777014815304],[-85.6222946126266,38.25796274570459],[-85.62214410613795,38.258041914238774],[-85.62198359481442,38.25815895968391],[-85.62221149023347,38.258425662942805],[-85.62226936177031,38.25849322957399],[-85.62237938494944,38.25862186518889],[-85.62244376792803,38.25869713111721],[-85.62250754550931,38.258770377313404],[-85.62262207665223,38.25890199881187],[-85.62274482490938,38.25904290797809],[-85.62286404281483,38.259179870634085],[-85.6229858177523,38.25931986582399],[-85.62310448940957,38.25945605822313],[-85.6232289432421,38.259598939983455],[-85.6235263560008,38.259940527716665],[-85.6236803048293,38.26011730112373]]]},"properties":{"name":"BEECHWOOD VILLAGE","ballot_code":"BWV"}},{"type":"Feature","geometry":{"type":"Polygon","coordinates":[[[-85.5912724095057,38.25500681392776],[-85.59128589953765,38.25483009112488],[-85.59157128672716,38.25467565650945],[-85.59178366174257,38.254560692786],[-85.59201239615581,38.25443690491351],[-85.59222110830062,38.254323859054594],[-85.59243342072737,38.25420889497387],[-85.5926422525887,38.254095896276766],[-85.59286060799624,38.25397766988195],[-85.59314201926941,38.253825390272084],[-85.59331221679707,38.253729455572824],[-85.59356908862048,38.253590027950295],[-85.59378267926431,38.25347429370183],[-85.59403197911239,38.25333898956869],[-85.59424726424903,38.25317070471705],[-85.59448930061738,38.25303841907345],[-85.59471436672482,38.25291543828602],[-85.59493369313567,38.25279567047274],[-85.59516425073441,38.25266961834478],[-85.59539047329565,38.25254601250955],[-85.59561053098348,38.25242571552494],[-85.59583412860795,38.252302730675666],[-85.59607700922398,38.252172125849775],[-85.59640302777917,38.25202523281124],[-85.59661112384327,38.251908524063005],[-85.59682488372482,38.251794659395095],[-85.59703748381868,38.25168108204693],[-85.59728116214353,38.25154614755804],[-85.59755976441404,38.25138692986983],[-85.59779445643258,38.2512622725882],[-85.59800979892242,38.25114816724336],[-85.59804765945205,38.25111960862213],[-85.59806141403101,38.25110202965808],[-85.59807120972063,38.25108280946899],[-85.59807673903167,38.25106257562935],[-85.59807438491681,38.251021319510166],[-85.59801882769867,38.25082094792941],[-85.59796169778842,38.250614372089814],[-85.59790771471815,38.25041938658547],[-85.59784870974238,38.25020602854125],[-85.59778759020315,38.24998334100708],[-85.59773022361416,38.24977416723556],[-85.59767049414356,38.24955806831317],[-85.59761009801932,38.24933965933016],[-85.59756162406117,38.24916487478829],[-85.59748899121236,38.248879283442335],[-85.59743582413215,38.24864516190288],[-85.59735228661745,38.24826791618484],[-85.59688883356318,38.24822366056837],[-85.59654052924935,38.24819032258401],[-85.59619045699937,38.24815683802335],[-85.59568049545696,38.24810804575125],[-85.59565709448124,38.24801579842372],[-85.59560028275176,38.24801081948968],[-85.59530817687944,38.24798471561477],[-85.59484410441839,38.247946846184185],[-85.59361330565804,38.247846517824236],[-85.59333149042313,38.24782676902543],[-85.59276945972532,38.24778145404283],[-85.59256939358708,38.24776695649598],[-85.59231806043536,38.247748639614976],[-85.59190329751709,38.247718853690984],[-85.59148682725612,38.24768891987207],[-85.59129327163022,38.24768014998129],[-85.59094349042766,38.24765535174659],[-85.59088091520782,38.24820111851151],[-85.59068505437378,38.24818686399232],[-85.59051022407711,38.248174319585914],[-85.59016915786896,38.248149531714894],[-85.58981779021117,38.24812419915269],[-85.58955798394823,38.24810533607949],[-85.58943281741473,38.247629416369485],[-85.58913217557314,38.247605256058485],[-85.58877825734537,38.247576840156945],[-85.58842342448796,38.247548325544805],[-85.58808297871032,38.247520983683806],[-85.58768675661712,38.247489045138096],[-85.58713260861386,38.24743832824535],[-85.5867313326363,38.24740402353301],[-85.58635456157536,38.247371866802574],[-85.58597712011203,38.247339755693446],[-85.585589499618,38.24730661926199],[-85.58513915514841,38.24726820196116],[-85.5850258360108,38.247259197511575],[-85.58515457096495,38.24776219627973],[-85.58535046586775,38.248577807749314],[-85.58547883011599,38.24911220118682],[-85.58553881473568,38.24936205933293],[-85.58560423619791,38.2496342345366],[-85.58566923499855,38.24990506216145],[-85.58573465835508,38.25017733275395],[-85.58575815716475,38.25027525637893],[-85.58580239377223,38.25045153004403],[-85.58586838763725,38.250714330429616],[-85.58593504598743,38.25098011205138],[-85.58600236865935,38.25124844244707],[-85.58608613202335,38.25158228084292],[-85.58613149326285,38.2517467758397],[-85.58622004007522,38.2520956694271],[-85.58628640615684,38.252356834727706],[-85.5863547066397,38.25262588783452],[-85.58642294710002,38.252894411935024],[-85.5864913697672,38.2531639453],[-85.58655924827639,38.253431266900904],[-85.58662845733195,38.25370368609814],[-85.58669621533033,38.25397067045319],[-85.5867659699617,38.25424535078323],[-85.5868334881487,38.25451118055907],[-85.58697529525394,38.25506939057657],[-85.58713614660297,38.255702629466555],[-85.58725686140278,38.25617811283185],[-85.58727826132744,38.25626228178082],[-85.58743854155595,38.25657660645567],[-85.58751810068557,38.25674821655672],[-85.5879485578461,38.25620863047501],[-85.58838944797355,38.25607980267632],[-85.58853921933083,38.25604423547717],[-85.58848534546685,38.25592045328318],[-85.58890897001163,38.25579501370685],[-85.58923313906158,38.25569900608306],[-85.58957414748375,38.255597972331145],[-85.5899270521732,38.255493539957094],[-85.59021961377499,38.25540681538828],[-85.59053420046573,38.25531372387496],[-85.59087520541931,38.25521263861251],[-85.5909356080549,38.25519478624609],[-85.59116429174397,38.25506801869314],[-85.5912724095057,38.25500681392776]]]},"properties":{"name":"BELLEMEADE","ballot_code":"BLM"}},{"type":"Feature","geometry":{"type":"Polygon","coordinates":[[[-85.65907737888804,38.25789507824327],[-85.65887582976143,38.258011179917375],[-85.65870332574352,38.2581106674985],[-85.65859586892513,38.25817255952893],[-85.65850860985093,38.25822283122794],[-85.65845796305815,38.258251880334285],[-85.65831908006098,38.25833110471914],[-85.65818587276556,38.258407159274356],[-85.65803753285066,38.25849176100338],[-85.6579001138711,38.25857002380838],[-85.65775616639206,38.25865217619704],[-85.65767085865195,38.258700862209714],[-85.65761630648784,38.25873197559975],[-85.65747772706595,38.258810958669514],[-85.65733243627403,38.25889383025254],[-85.65719452842059,38.258972572958115],[-85.65705649800891,38.259051315405195],[-85.65691572072016,38.25913159346113],[-85.65676450897146,38.25921777790391],[-85.65662324391141,38.25929834353026],[-85.65648264856092,38.259378574359964],[-85.656338820304,38.25946062870019],[-85.65617765997307,38.25955252558211],[-85.65597872750232,38.25966598004367],[-85.65608296434146,38.25978924236945],[-85.65617648592777,38.2598997556909],[-85.65630312931505,38.2600494795228],[-85.65641955197218,38.26018222383101],[-85.65652961697205,38.2603268862447],[-85.65657454369686,38.26038586763405],[-85.65662154461768,38.26044470558792],[-85.65673844349075,38.26058672888282],[-85.65696109946266,38.260858843105986],[-85.65715574402152,38.261100403343214],[-85.65721646590741,38.2611738202581],[-85.65728056167927,38.261251316606014],[-85.65729919326786,38.261273843370375],[-85.65748958649947,38.26150395666559],[-85.65765453173945,38.26170159738043],[-85.6578351213035,38.26192203879571],[-85.65800194980672,38.26215581687499],[-85.65911300170448,38.26351206276589],[-85.65932694244196,38.263773211796504],[-85.65952233871062,38.26401172057337],[-85.65953554642427,38.26400418787679],[-85.65973027642677,38.26389264790729],[-85.65987343878906,38.263810589039856],[-85.660165622617,38.263643493968345],[-85.66022872090964,38.26360719372547],[-85.66039470631692,38.26351236247716],[-85.66050271792308,38.263450469323395],[-85.66062739031395,38.2633780591933],[-85.66071239711631,38.26332879427452],[-85.66078129284459,38.26328884383488],[-85.66085201908403,38.26324798116527],[-85.660981145923,38.263172978362945],[-85.66106853197196,38.263122271645685],[-85.66112259828452,38.263090916683645],[-85.66126026747465,38.26301115934258],[-85.66140428289579,38.26292765681608],[-85.66152529174204,38.26285759898536],[-85.66167986349663,38.26276785408647],[-85.66176291571412,38.26271978792003],[-85.66181838571015,38.26268756786573],[-85.66196270531043,38.26260377657394],[-85.66209963980585,38.26252435465746],[-85.66221503415193,38.26245736870589],[-85.66243294544519,38.262330840536194],[-85.6628354486108,38.26209679743067],[-85.66272207213866,38.26195483147909],[-85.66246364135168,38.261645344540504],[-85.66138626003732,38.26032225571766],[-85.66116120394061,38.26005731238581],[-85.66097488773694,38.259827399877196],[-85.66072031984227,38.25951257547631],[-85.66048213352292,38.259217858708354],[-85.6602972318836,38.2589820809214],[-85.66006500426852,38.258703378670845],[-85.65994822187508,38.25856328221695],[-85.65985939235547,38.25845200599362],[-85.6597298326855,38.25828954235691],[-85.65961584680446,38.258156611192334],[-85.65949608844926,38.258008145717675],[-85.65940561500027,38.257895858807],[-85.6593010175797,38.25776615542764],[-85.65907737888804,38.25789507824327]]]},"properties":{"name":"BELLEWOOD","ballot_code":"BLW"}},{"type":"Feature","geometry":{"type":"Polygon","coordinates":[[[-85.56190693986818,38.24695709585997],[-85.56242736615542,38.247002251874555],[-85.56305065159057,38.24687678840212],[-85.563104053568,38.246927164363434],[-85.56338810082245,38.24709574805312],[-85.56373550645073,38.24723567844983],[-85.5642890027006,38.24732001512925],[-85.56435066193119,38.24726371446858],[-85.56446141131566,38.24705752951647],[-85.5645192453642,38.24617208420042],[-85.56464507147913,38.24615199172456],[-85.56470127385145,38.24615530067809],[-85.56533170198409,38.24619201016],[-85.56566963732658,38.246729204940536],[-85.5660541301761,38.24674052466324],[-85.56715924213803,38.246832050460384],[-85.56697907209144,38.246346405665676],[-85.56734810287014,38.24637178469031],[-85.5677169522521,38.246397163185016],[-85.56797357956361,38.246414866563825],[-85.56776610726955,38.245849079217145],[-85.56770163499671,38.24546751409372],[-85.56807096695663,38.24549322830004],[-85.56809777092344,38.24558794154774],[-85.56884703433481,38.24564566946004],[-85.56909942798329,38.2456651144898],[-85.5687955197064,38.24458856815106],[-85.56866051498824,38.24414716798618],[-85.5685407638993,38.24373090979701],[-85.56851201571092,38.243631079762594],[-85.56834653795592,38.2430816341498],[-85.56806666140255,38.24213517580443],[-85.56816782493794,38.242119606821916],[-85.56811235568966,38.241943789927134],[-85.56800728901511,38.24160956893931],[-85.56794509947333,38.24141547010055],[-85.56793173079366,38.241373234971334],[-85.56785563173891,38.24113406477943],[-85.56780405658053,38.24096171427754],[-85.56777309914808,38.240858535309364],[-85.56774747751112,38.24076699956998],[-85.56769797647743,38.2405945566959],[-85.5676631025656,38.24047324520088],[-85.56764883789418,38.24042346038816],[-85.56758913903974,38.240233692453224],[-85.56755375521782,38.24012098701714],[-85.56753191925829,38.24005181442128],[-85.56746950029486,38.23985314701186],[-85.56740901439835,38.23966097487402],[-85.56739228276976,38.23959868536183],[-85.56735985546645,38.239499060974424],[-85.56730933719786,38.239344117494504],[-85.56725964551684,38.239175184219626],[-85.56715448499595,38.23880831478522],[-85.56687191981585,38.23893543424468],[-85.56667049445477,38.23901325288031],[-85.56645167651129,38.239097967187526],[-85.56624646631647,38.23917736492151],[-85.56600946454066,38.23926902181416],[-85.5657502504813,38.2393693460388],[-85.56557231463145,38.23943820777083],[-85.56535660674548,38.23952167525958],[-85.5652646473224,38.23955744767984],[-85.56507902129883,38.2396299987148],[-85.56476444808696,38.239755572002785],[-85.56453115742283,38.23984862642428],[-85.56437853882274,38.23990959306477],[-85.56431757632656,38.239933970248806],[-85.56408294681785,38.24002567474431],[-85.5638648479596,38.24011322161142],[-85.56376153362935,38.24015469700723],[-85.56363460464348,38.240205557382495],[-85.5635420916672,38.24024272227715],[-85.56337696068765,38.24030895655111],[-85.56296663379418,38.240473607275476],[-85.56283188067118,38.24053171527209],[-85.56238496434169,38.24072390435711],[-85.56057617646263,38.24312901296813],[-85.56049709944476,38.2432497106804],[-85.56035059510874,38.24346530756086],[-85.5600103466932,38.24393969536834],[-85.55927399720636,38.24497968215381],[-85.55921679312509,38.2450573825108],[-85.55928377580368,38.2450645585233],[-85.56056810195999,38.24515297318022],[-85.5607389618623,38.24516406441196],[-85.56208292387097,38.24524948120427],[-85.56205978788098,38.24542820499366],[-85.56190693986818,38.24695709585997]]]},"properties":{"name":"BLUE RIDGE MANOR","ballot_code":"BRM"}},{"type":"Feature","geometry":{"type":"Polygon","coordinates":[[[-85.59043245110104,38.2758890703453],[-85.59054335199706,38.276302510924445],[-85.59059284679972,38.27648566458777],[-85.59035698884372,38.27651448266003],[-85.5904124075142,38.27658153236351],[-85.5906123631917,38.276823833527324],[-85.59063219657487,38.27684693811658],[-85.59083265878493,38.277081355338055],[-85.5909465370889,38.27722016941146],[-85.59118424964575,38.27751963883045],[-85.59093995463533,38.27761306571488],[-85.59069326444762,38.27768490116234],[-85.5904361513949,38.27772614374059],[-85.59015466826881,38.27772586042064],[-85.5898841773706,38.27769169478555],[-85.58961747092158,38.277600416009875],[-85.5887448234852,38.27727623209544],[-85.58854987669744,38.27725514809728],[-85.58834059612201,38.27728938428364],[-85.58850358915676,38.278002768760054],[-85.58851020521739,38.27804513603557],[-85.58901459381842,38.27814063555045],[-85.58889902216933,38.27841438659331],[-85.58906032107319,38.278511390714044],[-85.58947043722239,38.27876508520835],[-85.58977516421899,38.27926850556907],[-85.59001571036727,38.27913569907152],[-85.59063373870744,38.27982339455821],[-85.59009207223836,38.27989459162705],[-85.59004261906384,38.2799162566679],[-85.58971048908171,38.28006192104005],[-85.58951101726326,38.28015415507736],[-85.58976709685285,38.28059202455859],[-85.5899281512247,38.280579838126826],[-85.59045622782087,38.28053362579754],[-85.590694795223,38.280527360195116],[-85.59124518653704,38.28051290587023],[-85.59145927171046,38.28051699115968],[-85.59167331299095,38.280513335031195],[-85.59195661897857,38.280493135837375],[-85.59223630985433,38.2804520164689],[-85.5925098832188,38.2803905979813],[-85.59277764567544,38.28030811321298],[-85.59303398307134,38.280205467422405],[-85.59330243383147,38.28011423143797],[-85.59356052958033,38.2799875954003],[-85.59420249545414,38.27967323333104],[-85.59444654434171,38.27955369167618],[-85.59464687574129,38.279455007742136],[-85.5948765754414,38.27934203412144],[-85.59510041205249,38.27923183992485],[-85.59532339463756,38.27912198204334],[-85.5955449107187,38.27901293808799],[-85.5956567073564,38.278957648345816],[-85.5961691645877,38.278701763980315],[-85.59643346919995,38.278576235175],[-85.59625333107122,38.27835421051639],[-85.59616055491531,38.27823985293095],[-85.5961046425601,38.278172950370866],[-85.59595886231656,38.27800102046437],[-85.59582039321074,38.277832802802365],[-85.59567802710212,38.27766251220502],[-85.59553560700006,38.27748885630151],[-85.59541855627954,38.27734609995762],[-85.59527358257985,38.27716936273494],[-85.59513530162978,38.277000663364134],[-85.59499300608084,38.27682715018515],[-85.59488410786336,38.27669512618727],[-85.5947374922254,38.27651723199999],[-85.5946007323848,38.276351370161706],[-85.59446306127106,38.27618435374051],[-85.59420451044959,38.27587072833775],[-85.59408589038091,38.275722919599595],[-85.59382259694877,38.27540361377241],[-85.5934889921346,38.27499478584169],[-85.59302905827266,38.27513879958335],[-85.59250876111406,38.27544423057939],[-85.59188609837231,38.27570192437605],[-85.5912508912781,38.2759193552252],[-85.59109343930373,38.275962848279754],[-85.59087050805128,38.27593793210933],[-85.59043245110104,38.2758890703453]]]},"properties":{"name":"BRIARWOOD","ballot_code":"BRW"}},{"type":"Feature","geometry":{"type":"Polygon","coordinates":[[[-85.58427543542003,38.29356021064532],[-85.58444321955729,38.293823678850835],[-85.58453349942369,38.2940990589637],[-85.58454241724866,38.294229750270894],[-85.58454985314677,38.29442260668408],[-85.58449254395086,38.29467744248498],[-85.58440251808312,38.29466827831739],[-85.58393112483698,38.294583286770624],[-85.58366054724223,38.29453401077091],[-85.58347474043634,38.29471394992976],[-85.58326221224291,38.29491976691867],[-85.58323159428488,38.29502391116263],[-85.5831272604479,38.29537873293091],[-85.58310352885944,38.29545918471115],[-85.58302378531855,38.29573052679748],[-85.58292289250183,38.29607343003158],[-85.5828887080022,38.296189589556306],[-85.5830037111106,38.29637668299251],[-85.5832029010329,38.29667370863953],[-85.58335284279084,38.29689719961722],[-85.58342817818495,38.297009426647115],[-85.58371213268752,38.29743282655405],[-85.5837874101658,38.297544860452],[-85.58348691810491,38.297688387061115],[-85.58395677606856,38.2983267692311],[-85.58428217619725,38.298178427419515],[-85.58481169068071,38.29792657155555],[-85.58535544783508,38.297667944480104],[-85.5859597975396,38.29736476504327],[-85.58605984886492,38.297317380459134],[-85.58621291543678,38.29723772063504],[-85.58640843863064,38.297133178362095],[-85.58663630813635,38.29702343958381],[-85.5867922304305,38.296948410208],[-85.58689330907129,38.29689970103847],[-85.5870541165107,38.29682232296931],[-85.58714249018327,38.296779749569765],[-85.58732491805362,38.29669196789802],[-85.5873980232367,38.29665677821316],[-85.58764469981342,38.29653802410537],[-85.58783842573543,38.29644472801608],[-85.58791617232639,38.296407283889366],[-85.58817304537975,38.29628359102585],[-85.58838857249471,38.296179842205014],[-85.5885464458352,38.296103900508776],[-85.58861839402772,38.29606924184907],[-85.58868844812007,38.29603549502648],[-85.58898916159114,38.29589067072122],[-85.58881680901858,38.295670378118544],[-85.58865711073248,38.29546616007303],[-85.58849425105093,38.29525785169106],[-85.58839995412437,38.29513733216362],[-85.58834823868887,38.29504533432123],[-85.58821232758206,38.294872736219595],[-85.58800049945779,38.29457296179025],[-85.58787658383946,38.294411534317454],[-85.58771988158796,38.29420727127568],[-85.58760387488063,38.29405609540788],[-85.58754885074548,38.29399919086239],[-85.58729811539423,38.29375037246459],[-85.58719632794144,38.29381821717284],[-85.58694394479085,38.29362560046593],[-85.58671578377641,38.29351475239358],[-85.5866539330201,38.29348283840704],[-85.58634613800157,38.29338216856124],[-85.58610500679677,38.29334322674164],[-85.58601523432684,38.2933302657493],[-85.58590973025761,38.29331386829766],[-85.58576809405866,38.29330501833694],[-85.58518564588802,38.293261369912315],[-85.58447158898507,38.29322681448192],[-85.58445764542927,38.293295981477534],[-85.58440310459035,38.29356750494083],[-85.58427543542003,38.29356021064532]]]},"properties":{"name":"BROECK POINTE","ballot_code":"BKP"}},{"type":"Feature","geometry":{"type":"Polygon","coordinates":[[[-85.59648174397525,38.29963492986527],[-85.59641876667557,38.29955383514822],[-85.59638907329033,38.299515621753194],[-85.59599387120029,38.29900691182776],[-85.59569467385,38.299152731484504],[-85.59543065454845,38.29928133507608],[-85.5951591208522,38.29941367888854],[-85.59487634871671,38.29955153645909],[-85.59456841355649,38.29970162039855],[-85.59414406005968,38.299912755231524],[-85.59381584024091,38.300075118325104],[-85.59356097039723,38.300201278314226],[-85.59332692616623,38.30031708010278],[-85.59306692314978,38.300446645013125],[-85.59270491276196,38.30063001983124],[-85.59055527923766,38.30169777122834],[-85.58937428502934,38.3022969716444],[-85.58926250603876,38.302354033615245],[-85.58857991523976,38.302702544927655],[-85.58894599170424,38.30320700772813],[-85.58911623045819,38.303426047138416],[-85.58928220176618,38.30364368673519],[-85.58943515459083,38.303844143631935],[-85.5895766092166,38.30402958401142],[-85.5897189764046,38.30421632280618],[-85.58986773384083,38.30441124433051],[-85.59000681813161,38.304593556480356],[-85.59014115681241,38.30476965904647],[-85.59029673070465,38.30497362747326],[-85.5904240133008,38.30514053775451],[-85.59057751960317,38.30534171457847],[-85.59074514267512,38.30556142097769],[-85.59085113295251,38.30570041610394],[-85.59094385815759,38.305821987970866],[-85.59113223205952,38.306068790524904],[-85.59124486931967,38.30620981320769],[-85.59148374905826,38.30652106072649],[-85.59158761425121,38.306656349425104],[-85.59172987228919,38.306841691734526],[-85.59188138130813,38.307039163008675],[-85.592030213059,38.3072330240266],[-85.59218360971035,38.307432900223645],[-85.59233414655026,38.30762897492357],[-85.5924866314591,38.30782769628031],[-85.59263437181987,38.308020112626195],[-85.59280833805389,38.30824684359124],[-85.59292814987856,38.30840287480478],[-85.59308296306483,38.30862707981724],[-85.59408590705384,38.30811862254012],[-85.59422705458465,38.308083855256015],[-85.59441624556722,38.30798107021391],[-85.59473626268984,38.30781850224317],[-85.59495775877483,38.3077028742786],[-85.59514913855317,38.30760278384284],[-85.5953898670483,38.30748035285616],[-85.59562223972452,38.3073558428193],[-85.59587109633306,38.30722678599023],[-85.59611445100566,38.30710219287034],[-85.59632775479905,38.30699155191845],[-85.59669046230503,38.306805859932865],[-85.59724435569694,38.30652228364796],[-85.59750490101912,38.30640266231135],[-85.59767897129203,38.30631961385445],[-85.59804924032225,38.30613325439814],[-85.5982207457988,38.306050249599174],[-85.59838425048322,38.305971224589904],[-85.59867185746572,38.30583461467352],[-85.59889283113665,38.30572969986512],[-85.59901016462192,38.305670376379155],[-85.59925136779312,38.30554832189612],[-85.59941102970424,38.305467608505765],[-85.59948200015195,38.3054333222933],[-85.5997707075569,38.30529387491732],[-85.5999539363407,38.305205401117064],[-85.60030909219905,38.30503377557138],[-85.60053464729833,38.304923719078126],[-85.60037149686033,38.304711244240174],[-85.60025167525723,38.304555220383044],[-85.60007769461266,38.304328595599245],[-85.5999299423893,38.304136091923866],[-85.59988716356567,38.304080314280846],[-85.59977744501954,38.303937380830604],[-85.59962689579304,38.30374136312373],[-85.59959531302083,38.3037001192096],[-85.59947348661156,38.30354149634537],[-85.59932464280985,38.30334759581507],[-85.59917312245315,38.30315018249612],[-85.59903085175168,38.30296480117021],[-85.59892697798145,38.302829566599186],[-85.5988887037088,38.302779611719956],[-85.59868807882995,38.30251828599829],[-85.59857543285237,38.30237731798809],[-85.59838704342683,38.302130526999385],[-85.5983583233755,38.30209279648117],[-85.59829431067024,38.30200891307531],[-85.59818837338408,38.301869924535445],[-85.59802067475094,38.301650228348386],[-85.59794905745382,38.30155642999078],[-85.5978671557928,38.301449060949196],[-85.59773986269276,38.30128215848251],[-85.59758421527246,38.30107824727942],[-85.59744992610632,38.30090215303925],[-85.5973108304444,38.30071980167888],[-85.59727821744276,38.30067711336378],[-85.59716206074741,38.30052488928796],[-85.59712549274781,38.300476955022596],[-85.59701974230092,38.300338207062396],[-85.59697508136124,38.30027973293995],[-85.59687821541323,38.300152775289725],[-85.5968223594599,38.300079574185474],[-85.59672525007967,38.29995227913321],[-85.59669184528303,38.29990858056175],[-85.59655926497436,38.29973469837779],[-85.59648174397525,38.29963492986527]]]},"properties":{"name":"BROWNSBORO FARM","ballot_code":"BRF"}},{"type":"Feature","geometry":{"type":"Polygon","coordinates":[[[-85.66261816813451,38.26159035900743],[-85.66300234983738,38.262046052300846],[-85.66321905419011,38.262268291392324],[-85.66327556159263,38.262338144207426],[-85.66339941559204,38.26249112784872],[-85.66352345231594,38.26264464124824],[-85.6636470632597,38.262797239730794],[-85.66376525544507,38.262943487803625],[-85.66389349546347,38.26310185910181],[-85.6640140018115,38.26325075289832],[-85.66408969208132,38.26334427470487],[-85.66430044018422,38.263608288275684],[-85.66436565287106,38.26369261977952],[-85.66442331558089,38.263767280345995],[-85.66448280516222,38.26384429909975],[-85.66461694533726,38.26401791528116],[-85.66472143370241,38.26415294999064],[-85.66483992724005,38.26430616873273],[-85.66495336642848,38.264452940992555],[-85.66507033760514,38.26460423575953],[-85.66518591010134,38.264753941920205],[-85.66530391731276,38.2649064390579],[-85.66541918625575,38.26505561589969],[-85.66553707308373,38.265208304608194],[-85.66563693555618,38.26533737354581],[-85.66587382673004,38.2656278466889],[-85.665938139064,38.265649191835294],[-85.66600748179404,38.265644529070585],[-85.66610606096262,38.26561849203333],[-85.66630364354239,38.265565984653215],[-85.6665156847373,38.26550968871851],[-85.66672796901237,38.265453392574294],[-85.66694494876408,38.265395849720065],[-85.66715552490747,38.26533974441334],[-85.66737335919258,38.265281816662984],[-85.6675067064554,38.26524661929605],[-85.66794542306776,38.265131196669856],[-85.66810456622302,38.2650947659833],[-85.66832227080637,38.26504323136696],[-85.66815961366707,38.264674107961724],[-85.6683861704646,38.264612626500124],[-85.66851520271167,38.264452129291854],[-85.66874894011802,38.264182034275976],[-85.66896734957922,38.26392962213197],[-85.6687019445397,38.26361100855943],[-85.66857837778682,38.2634625021608],[-85.66845036496457,38.26330908866694],[-85.66832765279973,38.26316163940161],[-85.66820469576425,38.263013902428646],[-85.66808113085727,38.262865539637964],[-85.6680478803278,38.262825610629335],[-85.66801225319111,38.26278346812062],[-85.667952875,38.26271366333992],[-85.66782918708005,38.26256789583841],[-85.66770050473058,38.2624161640108],[-85.66766731442058,38.26237690794504],[-85.66757706104329,38.262270540555264],[-85.66748388428178,38.26216066183553],[-85.66745282589432,38.262123955093585],[-85.66732853731335,38.26197044651907],[-85.66721758621857,38.26183363102212],[-85.66712837485274,38.26172346557466],[-85.66709731872231,38.2616850766529],[-85.6669749804531,38.26153411695392],[-85.66685477449833,38.261385562367956],[-85.66677220194032,38.26128357566723],[-85.66673219416036,38.261234313928526],[-85.66661272044158,38.261086818220804],[-85.66645932809678,38.260897996856464],[-85.6663253620287,38.2607332301108],[-85.6661999820089,38.260578997849535],[-85.66603782246392,38.260379592485044],[-85.66598563702178,38.26031541733467],[-85.66592462209931,38.260240418115686],[-85.66554087778842,38.259768435201124],[-85.66464579812022,38.26033167145212],[-85.66434513841891,38.26051843584551],[-85.66375791328046,38.26088274139624],[-85.66289265566638,38.26141983032308],[-85.66261816813451,38.26159035900743]]]},"properties":{"name":"BROWNSBORO VILLAGE","ballot_code":"BRV"}},{"type":"Feature","geometry":{"type":"Polygon","coordinates":[[[-85.6151040650507,38.223668670765484],[-85.61525782768757,38.22362949093294],[-85.615279563762,38.223692697686886],[-85.61542135430946,38.223664457043455],[-85.61557435050744,38.22363398646098],[-85.6157575656737,38.223591416675504],[-85.61609477279303,38.223513068891194],[-85.61651460083415,38.22340747991299],[-85.6169015968842,38.22331148382849],[-85.61709662447586,38.223263105921035],[-85.61750555235612,38.22316166633882],[-85.61792519439219,38.22305756053542],[-85.61808578398586,38.223017710723354],[-85.6184357752802,38.22293285383091],[-85.61867204937477,38.22287561224334],[-85.61876302198628,38.22285393326142],[-85.61908740721071,38.22277236428526],[-85.6193267301178,38.22271421118356],[-85.61965123128275,38.22263547702719],[-85.62030834294426,38.22247585171358],[-85.62000206576106,38.22097670579463],[-85.61980395796655,38.22070480162036],[-85.61887486772221,38.22103595255818],[-85.61878015626279,38.221070946467016],[-85.6185624664712,38.22113426703813],[-85.61856037093041,38.22115466077693],[-85.61845774709991,38.22117297055731],[-85.61822086627976,38.221166340685386],[-85.61807249524482,38.22116214708918],[-85.61810441596086,38.22051246274243],[-85.61588830292527,38.22044775662841],[-85.61595896361577,38.21949685780204],[-85.61569284280331,38.21948294955572],[-85.61544817292915,38.219470267001306],[-85.61511983471627,38.2194530648235],[-85.61481648082432,38.21943714083025],[-85.61473853455706,38.2203976944394],[-85.61472473806737,38.22060932732721],[-85.61471138073503,38.22081374937079],[-85.61469796173999,38.22101874794925],[-85.61468293654983,38.22123514009505],[-85.614676802474,38.22132340792201],[-85.614667912945,38.22145124301798],[-85.61465332708491,38.221660904521],[-85.61463786380294,38.22188311365815],[-85.61462390284619,38.22208450498207],[-85.61460919046563,38.22229637816938],[-85.61459297749771,38.22252926014419],[-85.61457795522901,38.222743728629],[-85.61456313458885,38.22295657018638],[-85.61506260415152,38.22297915425883],[-85.61508838582633,38.2230787574736],[-85.61511929557825,38.22320702263529],[-85.6151234387615,38.2233075624924],[-85.6151040650507,38.223668670765484]]]},"properties":{"name":"CAMBRIDGE","ballot_code":"CAM"}},{"type":"Feature","geometry":{"type":"Polygon","coordinates":[[[-85.52656923073108,38.317714238132936],[-85.52665360119254,38.31780430408595],[-85.52684416285346,38.317912552887854],[-85.52692543193612,38.317958717087755],[-85.52846045453391,38.31778937922441],[-85.52967935211908,38.31766102230357],[-85.53084557774231,38.31755414288261],[-85.5313893394077,38.317527261707696],[-85.53241162128887,38.31753698127379],[-85.53427020086293,38.317547881112446],[-85.53526543044953,38.31756377661241],[-85.53547536502569,38.3175621370905],[-85.53538552582941,38.31746072015806],[-85.53513727220552,38.31714732419837],[-85.53482846422067,38.31675693938154],[-85.53472798307948,38.31662261728852],[-85.53460008659573,38.31645136787337],[-85.53449260943245,38.316309867647995],[-85.53438488724397,38.31616822362232],[-85.53427749126179,38.316019993294134],[-85.53417799617255,38.315882739027096],[-85.53411434649372,38.315800022806755],[-85.5340669277436,38.31573849207752],[-85.533909414869,38.315533724152054],[-85.53375951260452,38.3153353179404],[-85.5336124072887,38.315140329407015],[-85.53345235005926,38.31492983519569],[-85.53335812848104,38.31480576341864],[-85.53325004760555,38.314663540127505],[-85.53314342501996,38.314523290664205],[-85.53300847804091,38.314345488354704],[-85.53295279583254,38.31427235407904],[-85.53266655074445,38.313895611530555],[-85.53242735629836,38.31358078371961],[-85.53236781369708,38.31359610749108],[-85.53221654382567,38.31363515833231],[-85.53197354739615,38.31369798274199],[-85.53190905743907,38.31371459543516],[-85.53172683518785,38.31375854114036],[-85.53159126650509,38.31379127296976],[-85.53149807884854,38.313813746310444],[-85.53129081672041,38.31386389499371],[-85.53106907449026,38.31392007449336],[-85.53086553126805,38.31397147891408],[-85.53066357521958,38.31402279042383],[-85.53045526760346,38.31407533942458],[-85.53014846034996,38.314150879335195],[-85.52994387307997,38.31420415509589],[-85.52963644288391,38.31428382785141],[-85.52944244787732,38.314325055217324],[-85.52936867292465,38.31434424485395],[-85.52924066692049,38.314377950285206],[-85.5291508911209,38.31440158224515],[-85.52903009162357,38.314433281871416],[-85.52892718601318,38.314460301939384],[-85.52882464524573,38.31448727575012],[-85.52861785636715,38.31454155506477],[-85.52850084187999,38.31457234676772],[-85.52840978371965,38.31459636047006],[-85.52820262672758,38.314650782521426],[-85.52804298415036,38.3146928890706],[-85.52793299269396,38.31472177075946],[-85.52784255353161,38.31474251566318],[-85.52776677054372,38.31475992207315],[-85.5276336463291,38.314790443041396],[-85.5274996669303,38.31482125055538],[-85.52736818230564,38.31485403387044],[-85.52708646569899,38.31492456501657],[-85.52704275554801,38.31486962432068],[-85.52693059627642,38.31472820472196],[-85.52686871059751,38.31465015296805],[-85.52681989513678,38.31458875992226],[-85.52671047105301,38.31445066342909],[-85.5266259827362,38.314340787254025],[-85.526476937923,38.314148190721085],[-85.52636448766332,38.31400277972372],[-85.52630431070315,38.31392501828257],[-85.52625003047478,38.313854912453145],[-85.52613800587646,38.313710079534935],[-85.52601886974604,38.31355604973856],[-85.52591177015977,38.31341752350013],[-85.52579919878447,38.31327206395043],[-85.52568504914997,38.31312458138183],[-85.52551142574059,38.3128891944314],[-85.52540408778358,38.312749224839514],[-85.52523846284595,38.312533180573205],[-85.52512905931765,38.31239070667605],[-85.52501503698583,38.3122421182006],[-85.52490612096203,38.312100174764346],[-85.52485110297914,38.31203176062249],[-85.52478514829076,38.31194974572949],[-85.52466583651339,38.31179518529091],[-85.52454038616875,38.31163272797647],[-85.52441390309971,38.31146901804272],[-85.5243572593472,38.311394868753446],[-85.52429016111988,38.311307284454216],[-85.52416465685427,38.31114319229903],[-85.52403933477181,38.31097953280245],[-85.52391614063191,38.310818665648675],[-85.52378917905376,38.31065269452019],[-85.5236687293404,38.31049250533806],[-85.52356158903926,38.310350034218146],[-85.52339948318503,38.3101439457635],[-85.52327706907853,38.3099883688368],[-85.52304609921711,38.309694787933154],[-85.52293347163088,38.30955158493542],[-85.52271824737046,38.30927793900804],[-85.52236474894484,38.30885883701605],[-85.52235453222566,38.308846724896895],[-85.52230073914221,38.30885952482373],[-85.51995679655211,38.309417190364826],[-85.51992584761351,38.30954133449646],[-85.51987159322304,38.30975895860468],[-85.51918301256885,38.311895174220545],[-85.51912610690897,38.31207170782066],[-85.51975557524196,38.31219982569517],[-85.52218751000999,38.31513453818821],[-85.5222051485369,38.31514791507968],[-85.52266046791068,38.31549324473517],[-85.52260789349715,38.31554304975645],[-85.5236785675081,38.31613815414689],[-85.52407207362823,38.31613241496962],[-85.5245762770746,38.31608798880034],[-85.52468863871295,38.31610286723095],[-85.52479603520479,38.316125572515794],[-85.52498929855767,38.316166277715254],[-85.52507073042982,38.31633764124173],[-85.52512117872882,38.31644384736534],[-85.52521916556903,38.316649860024874],[-85.52547266243553,38.31673092112041],[-85.52556752529172,38.316761246439185],[-85.52563124673355,38.3168576689157],[-85.52588107416847,38.317261668642],[-85.5259735399743,38.31741805256967],[-85.52619665582017,38.317316594858696],[-85.52656923073108,38.317714238132936]]]},"properties":{"name":"COLDSTREAM","ballot_code":"COL"}},{"type":"Feature","geometry":{"type":"Polygon","coordinates":[[[-85.57279183416574,38.29335973542721],[-85.57249674779418,38.292742783667414],[-85.5724139252367,38.29259593736404],[-85.57222785156087,38.292253557279366],[-85.57221889538579,38.29223726639938],[-85.57211243891295,38.29204228724549],[-85.57193089686386,38.2917364108645],[-85.57170897065431,38.29136233823809],[-85.5716137420966,38.291192033549905],[-85.57147693335973,38.29094727025548],[-85.57207685524597,38.29065650369207],[-85.5722603872271,38.290575642585836],[-85.57231536876166,38.29054959398597],[-85.5726251814053,38.29040278939793],[-85.57260716524407,38.2903773439391],[-85.57248664727811,38.290207141661305],[-85.57236141582575,38.29003022191255],[-85.57223042394072,38.28984512897323],[-85.57210826143964,38.28967263810412],[-85.57204902173143,38.289592634908935],[-85.57202935821432,38.28956598501367],[-85.57159901979871,38.28898063132813],[-85.57112353493744,38.28919086581282],[-85.5712075485389,38.289332759755176],[-85.57118444730774,38.289343086686195],[-85.57085737425686,38.289489308252726],[-85.57066597774828,38.289574804194785],[-85.57061430301277,38.289487589726384],[-85.57039013276194,38.28910924856751],[-85.57025448887943,38.288880354784894],[-85.57023879696716,38.28885386918145],[-85.57021146253874,38.28880772159975],[-85.56989619670718,38.28895271695334],[-85.56964334448958,38.289068945540905],[-85.56938612210402,38.289187190451564],[-85.56912824988427,38.28930578427716],[-85.56899823887427,38.289362781464256],[-85.5689012736532,38.289404640854244],[-85.5685511604091,38.2895797223604],[-85.56853125958543,38.28958397857815],[-85.56848303503756,38.28960607341374],[-85.56842294743228,38.289633603483075],[-85.56834767448807,38.28966809438374],[-85.56809308328558,38.28978476474748],[-85.56807813008547,38.289791688992416],[-85.56786033448925,38.289892525341855],[-85.56762071155013,38.29000344352624],[-85.56738509249078,38.290112432159745],[-85.56741275157384,38.29016680834479],[-85.56749740996935,38.29045136123387],[-85.56752152781378,38.290532927071695],[-85.56753653605324,38.29056933141654],[-85.56756145973445,38.29064450895576],[-85.56765061368291,38.290923233174425],[-85.56769054307547,38.29105490795642],[-85.56772737446073,38.291173756549625],[-85.567762997694,38.29128520828089],[-85.56782310031788,38.29147609646388],[-85.56783233378138,38.29150415810106],[-85.56790112803745,38.29171449216229],[-85.56793284666881,38.29180982255257],[-85.5679538720506,38.29187384024348],[-85.56799583091914,38.291999788872445],[-85.56803639260993,38.29212265589273],[-85.56806979886237,38.29222354767935],[-85.56809244688682,38.292297630523215],[-85.56809807651096,38.29231538064735],[-85.56812557859931,38.2924046681366],[-85.56815560624975,38.29250218155009],[-85.56815892960448,38.29250812480427],[-85.56818695643672,38.29260162140937],[-85.56820898317787,38.292675093326295],[-85.56820919859562,38.29267581531661],[-85.56821352524682,38.2926902533488],[-85.5682621364539,38.29285626822321],[-85.56829354293997,38.29295016009055],[-85.56832482570843,38.29304511307401],[-85.56833246364394,38.29306671241196],[-85.56837235815479,38.29320514483501],[-85.56837319538093,38.29320497493904],[-85.56838593437018,38.29324919409311],[-85.56839689606763,38.293287257944705],[-85.56839736201294,38.293288838021375],[-85.56839746858603,38.293289196762174],[-85.56843625581298,38.293414112333636],[-85.5684431918084,38.29343621421566],[-85.568455235813,38.29347534373876],[-85.56850259330652,38.293629136092825],[-85.56851187410159,38.29366232142216],[-85.56854355499475,38.293758318234715],[-85.5685556866203,38.29379116736958],[-85.56855757121214,38.29379740391643],[-85.5686405543497,38.2940721976368],[-85.56866384875092,38.294149334631236],[-85.56875114732408,38.29443146316202],[-85.56915136327716,38.29432558754086],[-85.56946762110528,38.29424192519984],[-85.56980087823804,38.294153759719485],[-85.57012926826415,38.29406688957866],[-85.5704384269345,38.2939851004428],[-85.57076277260329,38.293898917040956],[-85.57109730418394,38.29381002547461],[-85.57143318250378,38.29372077281187],[-85.57177288414825,38.29363049877014],[-85.57210994476425,38.29354093784076],[-85.57244586752704,38.29345166975552],[-85.57279183416574,38.29335973542721]]]},"properties":{"name":"CREEKSIDE","ballot_code":"CKS"}},{"type":"Feature","geometry":{"type":"Polygon","coordinates":[[[-85.62807618237446,38.279853019443344],[-85.62818185198631,38.27998428862971],[-85.62833506240459,38.28017455218113],[-85.62847841170142,38.280352545265224],[-85.62864507421203,38.280559457351714],[-85.62879146921043,38.28074134706513],[-85.62893579386241,38.28092044602829],[-85.62908383394374,38.28110440472288],[-85.62923485677884,38.281291876366794],[-85.62938654966455,38.28148035845496],[-85.62953873068022,38.281669272389315],[-85.62968890244352,38.28185578124072],[-85.62984212065784,38.28204604273716],[-85.6299918080611,38.28223192453024],[-85.63024498079868,38.28254633136125],[-85.63032076950424,38.282640355460096],[-85.63095082313659,38.2822923193993],[-85.63088660110489,38.28221176932861],[-85.63021968154014,38.28137610211532],[-85.63003097935069,38.28113974493035],[-85.62985360070282,38.28091743842994],[-85.62958321264993,38.28057868562857],[-85.6299717774279,38.28037738709735],[-85.63033744613556,38.280188131474496],[-85.63065696228942,38.280022676363856],[-85.63077099612879,38.27996375015846],[-85.6310201256999,38.27983471526174],[-85.63120725533047,38.28006236619954],[-85.63135025181039,38.28023650929319],[-85.631560638622,38.280492502528084],[-85.63233066852598,38.28142995248141],[-85.63238276808757,38.28150096940239],[-85.63315372265834,38.281062912320586],[-85.63307511795105,38.28101273646884],[-85.63303938065854,38.28097072769161],[-85.63216488629486,38.27994158675015],[-85.6319413354166,38.279678465712536],[-85.63182870897704,38.27954589466244],[-85.63157782576856,38.27925062852332],[-85.63142094121898,38.27906599098112],[-85.63126661400199,38.27888433703176],[-85.63111356630857,38.27870422207919],[-85.63096252828201,38.27852646492626],[-85.6308114909854,38.27834870757134],[-85.63065052723124,38.278162237719584],[-85.63049364248867,38.27798057923145],[-85.63033511452106,38.27779709263571],[-85.63014663521109,38.27757876544152],[-85.62994196366606,38.2773417186622],[-85.62979433647502,38.2771706944095],[-85.6294623742884,38.27678629836867],[-85.62874724860069,38.27707717005765],[-85.62857379867282,38.27717997824311],[-85.62824869523939,38.277372538951795],[-85.6281800715626,38.27741314361162],[-85.62808183846361,38.277471315125105],[-85.62778383882181,38.27764774749379],[-85.62766637334082,38.27771734178626],[-85.62750793966954,38.27781126881738],[-85.62721537554138,38.27798212847586],[-85.62678629682335,38.27823287870299],[-85.62676663607391,38.27824436879193],[-85.62680370488115,38.278289601787385],[-85.62704730535916,38.27858640850992],[-85.62723149755386,38.2788109869335],[-85.62739249959269,38.27900717369725],[-85.62739437024655,38.279009450535824],[-85.62742348285782,38.2790448997682],[-85.627533962105,38.27917954049879],[-85.62760353523355,38.27926605869006],[-85.62775643698576,38.279455938008354],[-85.62790660109398,38.279642305091045],[-85.62807618237446,38.279853019443344]]]},"properties":{"name":"CROSSGATE","ballot_code":"CRG"}},{"type":"Feature","geometry":{"type":"Polygon","coordinates":[[[-85.54589346012358,38.243766574844614],[-85.5461668264587,38.2438721891605],[-85.5467287735381,38.243903201079156],[-85.54729389543148,38.24393436532624],[-85.54735724096915,38.24393317553712],[-85.54746289898112,38.24393124097206],[-85.54760824657137,38.24395096123979],[-85.5478312630464,38.24397086360409],[-85.54818026468493,38.244001749680045],[-85.54818030133875,38.243988383078964],[-85.5490840910689,38.244062234045],[-85.54909062508392,38.244036089328965],[-85.55013728218164,38.24412344408715],[-85.5508164644195,38.24418012183256],[-85.55081477322194,38.24421911169035],[-85.55117476572906,38.244244670133654],[-85.55166034671169,38.24429274765334],[-85.55240868295321,38.24436621614359],[-85.55374744736682,38.24449431733128],[-85.5546306140062,38.24457862033089],[-85.55714440841983,38.24476549579966],[-85.55777044689421,38.244819162101436],[-85.55810369550633,38.24486239772823],[-85.55809365415142,38.24504268175363],[-85.55798167584892,38.24592438219177],[-85.55699293670838,38.24584704791073],[-85.55693300416554,38.24612706333978],[-85.55660975326288,38.247752646665624],[-85.55655427029117,38.24803165995247],[-85.55639956023764,38.248809195008505],[-85.55429744686138,38.24943553538759],[-85.55437628135877,38.249618706542385],[-85.55452958949748,38.24997470294772],[-85.5547467684657,38.250479033998644],[-85.55480960780166,38.25062510843324],[-85.5549423404171,38.250923999878125],[-85.555083960402,38.251252329317985],[-85.55515486169784,38.25141649456289],[-85.5553040578179,38.25176238685038],[-85.55539203931667,38.25173969314486],[-85.55613731209424,38.25154763534545],[-85.55743824026025,38.25122863395124],[-85.55757951062014,38.251554892987514],[-85.55909126062511,38.25189789132214],[-85.55947535753269,38.25155411414582],[-85.55736988067302,38.251023029176224],[-85.5571982630695,38.250598396884],[-85.55678378349815,38.2496700684887],[-85.55653666488168,38.249116360977105],[-85.55728802740903,38.24921874760676],[-85.55789329933172,38.24930117849191],[-85.55810076570346,38.24932949801118],[-85.55838539339294,38.249368230190015],[-85.56016432246854,38.249620776606974],[-85.56028742664522,38.24838839781937],[-85.56038038901738,38.24839426881106],[-85.560697400487,38.245322949949134],[-85.56070519736235,38.24525464166079],[-85.5607389618623,38.24516406441196],[-85.56056810195999,38.24515297318022],[-85.55928377580368,38.2450645585233],[-85.55921679312509,38.2450573825108],[-85.55927399720636,38.24497968215381],[-85.5600103466932,38.24393969536834],[-85.56035059510874,38.24346530756086],[-85.56049709944476,38.2432497106804],[-85.56057617646263,38.24312901296813],[-85.56238496434169,38.24072390435711],[-85.56227235609482,38.240465392020184],[-85.5621812020075,38.24025614758681],[-85.56208823111515,38.24004281342057],[-85.56199544243229,38.23982991191894],[-85.56190350220913,38.23961912713911],[-85.56187993740284,38.239560768587495],[-85.5618113636953,38.239390937169226],[-85.56172868940948,38.239180407519456],[-85.56165558514742,38.23899479833659],[-85.56150616497828,38.238639393788006],[-85.561430376034,38.2384547414862],[-85.56134337924452,38.23824324329252],[-85.56125644460906,38.23803131175757],[-85.5611683583351,38.23781697453889],[-85.56108130260006,38.23760499580495],[-85.56099218781894,38.23738810796176],[-85.56090604314439,38.23717805318191],[-85.56082107044793,38.23696242233841],[-85.56073634109306,38.23674741707763],[-85.56065318796546,38.23653621272516],[-85.56056930793213,38.23632313223292],[-85.56048137058285,38.23609999582575],[-85.56039870332911,38.235890090320005],[-85.5603116750154,38.23566921483056],[-85.56022488916301,38.23544886941797],[-85.56013925579887,38.235231409760516],[-85.56005295751288,38.235011978552464],[-85.55999106348676,38.23485528180862],[-85.55982295126559,38.23442709907304],[-85.5597480009674,38.234204127924556],[-85.55997180275331,38.23388619693424],[-85.56012665795815,38.23364022746842],[-85.56019704600739,38.23352855422379],[-85.56036493867438,38.23328472080143],[-85.56051955247754,38.23306053029945],[-85.56055020610937,38.23301600960241],[-85.56061903837322,38.232916305607304],[-85.56073785808483,38.232743839505126],[-85.56083012253168,38.23261003623554],[-85.5608890432559,38.23252440369936],[-85.5610105534054,38.23234814404319],[-85.56119084587142,38.23206846089922],[-85.5612939895897,38.23192303865394],[-85.56149608292637,38.23162675528192],[-85.56152428836825,38.23158549911438],[-85.56160847886015,38.231462019100206],[-85.56172938284834,38.23128292055704],[-85.56183572574271,38.23112509842422],[-85.56188308459751,38.23105478499061],[-85.56203292869121,38.2308327002667],[-85.56204377775427,38.23049884888736],[-85.56204964926407,38.2302999991164],[-85.56205380004863,38.2300830200928],[-85.56205794647374,38.22986729158811],[-85.56205984376878,38.22976882636594],[-85.56206343251606,38.22958093496615],[-85.56206524305821,38.22946857401813],[-85.56206738034719,38.229323519373516],[-85.56207401910918,38.22889609775663],[-85.56207695213786,38.22870195437418],[-85.56208154761286,38.228573348016944],[-85.56209104933158,38.22831339324402],[-85.56209872475301,38.22814781705614],[-85.56209022398063,38.22782460932576],[-85.56198159084796,38.227855351547895],[-85.56177243636145,38.227914446625725],[-85.56154072572569,38.227974562235914],[-85.56130181885263,38.22803654172355],[-85.56106912799925,38.2280986748097],[-85.5610525381546,38.228103071152965],[-85.5608118569472,38.22816716228263],[-85.5607986204036,38.22817069902609],[-85.56055757301547,38.228234884554624],[-85.56031920886966,38.22829835312159],[-85.56025766644099,38.228314746600766],[-85.5599871572574,38.22838676895744],[-85.55978904838591,38.22843948321466],[-85.55971664868659,38.22845879069594],[-85.55944613844436,38.228530811812675],[-85.55937678811382,38.22854925907078],[-85.55917568934763,38.22860283330985],[-85.55886565428777,38.228685366669175],[-85.55863466735885,38.228746872445534],[-85.55835085768341,38.228822428354384],[-85.55809809515523,38.22888971533635],[-85.55802599977943,38.22890892677335],[-85.55769729720902,38.22899647578309],[-85.55752840074616,38.229041396236454],[-85.55713193201295,38.229146959921806],[-85.55698816548676,38.22918523720988],[-85.55687133475644,38.2292022594851],[-85.55674563482285,38.22895261394988],[-85.55656937354149,38.228530085899685],[-85.55628444709978,38.22784851610696],[-85.55565137708379,38.22633415393965],[-85.55343313062559,38.22697832205211],[-85.55291216215069,38.22712232064884],[-85.55243479315476,38.227826043395645],[-85.55209652099106,38.22829844247691],[-85.55132424407408,38.22945520726617],[-85.55073352028427,38.23046314672241],[-85.55016033975528,38.23041542526748],[-85.54868397730243,38.23091209191142],[-85.54859801177176,38.23094146661121],[-85.5482808079923,38.231029874844005],[-85.54818479345396,38.2310561553147],[-85.54809587167126,38.231074225608104],[-85.54800466295241,38.23108195516234],[-85.54791299526718,38.23107920203912],[-85.5471255224794,38.23101357139679],[-85.5442077331986,38.23077261895425],[-85.54316889810968,38.23078367408558],[-85.54232416467849,38.23086699400766],[-85.54308838326058,38.23257750165626],[-85.54328282168672,38.233015178648245],[-85.5436650664507,38.23388898108852],[-85.54400236770982,38.234685102004434],[-85.54405581501847,38.234798423679926],[-85.54394900662861,38.23482381608181],[-85.5437393434598,38.23487811764359],[-85.54331031728778,38.23498910737971],[-85.54321797578079,38.2347902790014],[-85.5431961640879,38.234743122271006],[-85.54312465934201,38.23461337379099],[-85.54304814137079,38.23442433306645],[-85.54296058863724,38.23423560993314],[-85.54292356831446,38.23415587650214],[-85.54283407735498,38.23396325499992],[-85.54277251897882,38.23383049374951],[-85.54263849547746,38.23354187472505],[-85.54213911997745,38.23367855585774],[-85.54196214708291,38.233727045534],[-85.54165291841578,38.2338116515207],[-85.54126938570721,38.23391660725223],[-85.5410577011265,38.233974603471],[-85.54057649927164,38.2341063097443],[-85.5401076194692,38.234234044647884],[-85.53990374195949,38.234289503822396],[-85.5396352663655,38.233635666503865],[-85.53946475391656,38.2332367784136],[-85.5394424098347,38.233184668318295],[-85.53893424965166,38.23332237804189],[-85.5386623020208,38.23339353186568],[-85.53780265565449,38.23361869113806],[-85.53751477702394,38.23369659260403],[-85.53727783504877,38.23376083444443],[-85.53700901051403,38.23382607705202],[-85.5366319097555,38.233917711287674],[-85.5364771232865,38.233608660782515],[-85.53640106830997,38.23343399319745],[-85.53630528364437,38.23321053603445],[-85.5362782192136,38.23314759803054],[-85.53610413023334,38.23276956668747],[-85.53588242985059,38.23228874883188],[-85.53647283760758,38.23214422898169],[-85.53665723615927,38.23209922239182],[-85.53652183925927,38.23172597246105],[-85.5364625769036,38.231562680969404],[-85.53634635054063,38.23124259437693],[-85.53628158762675,38.231063715153915],[-85.53614525535362,38.23069921316034],[-85.53602797787116,38.230385278765844],[-85.53590350130317,38.23005277131513],[-85.53584410674407,38.229894239893774],[-85.53571576094878,38.229551531671326],[-85.53546537580178,38.2296106497254],[-85.53521151305839,38.22967067361372],[-85.53486591862352,38.22975043611304],[-85.53469357979624,38.2297793553229],[-85.53457036069626,38.229457089962594],[-85.53451116291903,38.229294519170075],[-85.53444833857483,38.22912194101587],[-85.534394161462,38.22897293792601],[-85.53436084439002,38.22888157335739],[-85.5343305521809,38.2287979067351],[-85.5342703310689,38.22863139129931],[-85.53413858533035,38.22826651037144],[-85.53411343288317,38.22819703695949],[-85.53242113656376,38.22857593355855],[-85.53240293273562,38.22850709783547],[-85.53216566240775,38.22856291478605],[-85.5313930388923,38.22874486769391],[-85.53068070687225,38.22892197473083],[-85.5297315791453,38.229157246450775],[-85.52969151591145,38.22906105954751],[-85.5295383238205,38.229107652318106],[-85.5294727672125,38.22893525920614],[-85.52935186132379,38.2286628997956],[-85.52925589960182,38.2284467448816],[-85.52914795256184,38.22820316102304],[-85.5289412256277,38.22785053961641],[-85.52879367274548,38.2275020188476],[-85.52874492151726,38.22747860887997],[-85.52859750737451,38.2271448963657],[-85.52854279410234,38.22701641980168],[-85.52773511452827,38.2271833299227],[-85.52756787036897,38.22679803725717],[-85.52742962103,38.226479678493455],[-85.5273187935457,38.22622430816282],[-85.52714164605429,38.22580985978808],[-85.52527853192886,38.22618612154761],[-85.52489129848094,38.22627067893195],[-85.52471998681257,38.2263042021394],[-85.52456861616828,38.22633381956914],[-85.52403814963581,38.22643771877805],[-85.52389470716506,38.22646585938892],[-85.5240567409296,38.22693355695189],[-85.52416204621446,38.22723767374912],[-85.52420935207064,38.227374311772984],[-85.52425303292672,38.22750050876676],[-85.52430778949497,38.22765240260076],[-85.52442546218049,38.227978803759335],[-85.52451806157966,38.22821317827501],[-85.52460376458771,38.228430568069086],[-85.52470930905518,38.228697902771515],[-85.524779106632,38.22887477902348],[-85.52482295701117,38.22898612004957],[-85.5249483733516,38.22931296685968],[-85.52505226272486,38.22958376044806],[-85.52520858181087,38.229991488587224],[-85.5254859109929,38.229934895791835],[-85.52576665495154,38.229877540294936],[-85.52591236111303,38.22984839083419],[-85.52597841343155,38.22983553391385],[-85.52604584934545,38.229828545762025],[-85.5261510021748,38.229825523815144],[-85.52625563072,38.22983490527604],[-85.52635717410067,38.2298567330561],[-85.52689919329733,38.2297495279383],[-85.52738918463521,38.22965270428428],[-85.52806385274552,38.229519299112695],[-85.52846882632117,38.22943817747209],[-85.52882616498974,38.229366629158235],[-85.52959158020265,38.22921492230335],[-85.52961149431545,38.229282031782255],[-85.52980683392192,38.229245950552],[-85.53065671675503,38.22903612043606],[-85.5311324227023,38.22892338788623],[-85.53220782364833,38.228713435651926],[-85.53228357116647,38.228904404991845],[-85.53237214558,38.229127515487235],[-85.53256052328845,38.22961178932505],[-85.53262777783188,38.229789713023095],[-85.53275718134287,38.230140839754064],[-85.53283252454828,38.230345944062954],[-85.53299219042904,38.23081218196956],[-85.5330496990203,38.23096777869241],[-85.53319398872003,38.231357636672186],[-85.53325743712212,38.231525072020645],[-85.53371272376691,38.23276454521895],[-85.53352107345171,38.23289059733396],[-85.53354708655606,38.23295790913788],[-85.53370722371938,38.233371018513864],[-85.53376078910105,38.23350064447418],[-85.53377918629185,38.23354611373041],[-85.53384527264686,38.23370903333823],[-85.53388820747334,38.233805608652546],[-85.5339702023414,38.234010243049326],[-85.53400626833081,38.23410045937813],[-85.53405547626267,38.23421983596175],[-85.53415100180551,38.23444641896403],[-85.53425201672276,38.234693206092544],[-85.53468361252942,38.2344162340923],[-85.53475018784327,38.2344753972115],[-85.53482678380973,38.23452655002522],[-85.53453381979143,38.23479843867323],[-85.53432582808453,38.23488301702094],[-85.53438000264735,38.23503432815388],[-85.53445097563217,38.23519465967787],[-85.53461056248223,38.23561185332403],[-85.53463268789912,38.23567492593007],[-85.53515827425193,38.2355484698575],[-85.5352496835613,38.23576682311039],[-85.53474305301026,38.23589374743528],[-85.5348945214166,38.23608615071895],[-85.53496017645298,38.23625209873622],[-85.53503694686422,38.23645306843947],[-85.53510778811089,38.23663835324923],[-85.53552424643482,38.236559728594095],[-85.5360191395612,38.236466244206035],[-85.53643949895451,38.23638690171232],[-85.53657526892971,38.23636089531688],[-85.53691591253805,38.23629559118152],[-85.53724124711482,38.23623323982644],[-85.53765329441285,38.236160369515964],[-85.53789519013583,38.23670651251996],[-85.53796654641917,38.236694572009],[-85.53822153727681,38.236652669890226],[-85.53845975551707,38.2366135266188],[-85.53872436903781,38.23657423719694],[-85.5388492665303,38.23655566064857],[-85.5389563570269,38.236539745187685],[-85.5391244917878,38.23651470626924],[-85.53919828358801,38.2365037793363],[-85.53943570523134,38.236466026471355],[-85.53955560478927,38.23644705647242],[-85.53976576393919,38.236413725934476],[-85.54010332387715,38.23636013859485],[-85.54023731798854,38.23633672052498],[-85.54224822369305,38.241024418708015],[-85.54240029803563,38.24099122207294],[-85.5432346462506,38.240791035888044],[-85.54383845553596,38.240647560679776],[-85.54466097056405,38.240447247410906],[-85.54487110967409,38.241036735834356],[-85.54489548707625,38.24110505210887],[-85.54499088027885,38.24137258966345],[-85.54336418228178,38.241749736404145],[-85.54349339181574,38.24202228766315],[-85.54360351043293,38.242254609943885],[-85.54372508534429,38.24251108794536],[-85.54381605444865,38.24270299009509],[-85.54391072157826,38.24290278292106],[-85.54400793351863,38.24310782098354],[-85.54412763220937,38.24336054543615],[-85.5442647862989,38.243649743994595],[-85.54443944602761,38.244018199340765],[-85.54503517598613,38.24387278232823],[-85.54540563742111,38.243809134424815],[-85.54566956702648,38.243771911352496],[-85.54589346012358,38.243766574844614]],[[-85.54206406090297,38.23599482639486],[-85.5416547381376,38.23605459162033],[-85.54156107269729,38.235592664769875],[-85.5415047895666,38.23527667961129],[-85.5417916971961,38.23524107691922],[-85.54189920400816,38.23522770745151],[-85.54191177931064,38.23528590660102],[-85.54206406090297,38.23599482639486]],[[-85.53419778893932,38.23283423402833],[-85.5343876604198,38.23260764164076],[-85.53491565161666,38.23288140933021],[-85.53458244780705,38.23328313781707],[-85.5342537235433,38.233112431348154],[-85.53429460878746,38.23305562710733],[-85.53411322798551,38.23294355776181],[-85.53419778893932,38.23283423402833]],[[-85.53884800492747,38.23497699700551],[-85.53881313054534,38.23493664365642],[-85.53881861590543,38.234724380036425],[-85.53923048758134,38.2347308833371],[-85.53921777797046,38.23499679190954],[-85.53890641718321,38.23499301586192],[-85.53884800492747,38.23497699700551]]]},"properties":{"name":"DOUGLASS HILLS","ballot_code":"DOH"}},{"type":"Feature","geometry":{"type":"Polygon","coordinates":[[[-85.65952233871062,38.26401172057337],[-85.65947189779966,38.26404048732559],[-85.65938286451207,38.26409080688369],[-85.6592442778425,38.26416902248555],[-85.65910782811737,38.264246037691194],[-85.6590621820257,38.26427182128469],[-85.65896863131478,38.26432463630534],[-85.65879245348309,38.264424218324415],[-85.65867912948856,38.26448826899555],[-85.65860571951164,38.26452768585371],[-85.65851864010845,38.26457444749412],[-85.65839280548389,38.26464637337208],[-85.65825421671899,38.26472550136994],[-85.65812557412319,38.2647990600168],[-85.65799973873028,38.2648709854722],[-85.65787780836558,38.26494065423827],[-85.65817176934279,38.26526224585185],[-85.65845909468491,38.26557647618199],[-85.6585797907353,38.26571518306225],[-85.65862990763706,38.265772772907454],[-85.65871510552692,38.265916356127626],[-85.65875926832376,38.26600668379548],[-85.6587824943182,38.26606237795439],[-85.65879182223159,38.26611339806146],[-85.65880279514097,38.26616581321034],[-85.65881657472524,38.26621726830056],[-85.65883740852522,38.26628536493705],[-85.65886500120294,38.26636039060387],[-85.65891584394042,38.26647375352901],[-85.65894798148628,38.266522963131685],[-85.65901861648429,38.26660912791743],[-85.65906996502915,38.266658449552466],[-85.65912509859858,38.266703974747806],[-85.65919389190954,38.26675119337843],[-85.6592693372049,38.26679389788276],[-85.65932534816804,38.26682033694816],[-85.65942580307996,38.26685839626921],[-85.65971753485904,38.26697074103868],[-85.66002106290479,38.267061842354586],[-85.66039842151686,38.267171798100065],[-85.66136088950526,38.26690611431017],[-85.66298524200276,38.26645753453863],[-85.66383995930954,38.26622184946092],[-85.66412965832397,38.2661457095336],[-85.6643878799611,38.26607805564414],[-85.66462841063077,38.266014908518635],[-85.66487595607101,38.2659499397145],[-85.66512508651482,38.26588458591993],[-85.66556466419053,38.2657692691533],[-85.66562044006076,38.26573594119169],[-85.66563891860508,38.265682874653],[-85.66543823913473,38.265403629383215],[-85.66530750374763,38.26523458447927],[-85.665177256301,38.26506606863211],[-85.66511685220152,38.26498784772696],[-85.66504974910816,38.26490106381665],[-85.66492772264039,38.26474332358582],[-85.664785663949,38.26455950869605],[-85.66465707760959,38.26438060813593],[-85.66452634678429,38.26421074515421],[-85.66438830914163,38.26403178880633],[-85.66434666165293,38.263977621218686],[-85.66425477644258,38.26386096216153],[-85.66408099204031,38.263640295067354],[-85.66397108737385,38.26349794729037],[-85.66388747932723,38.263396534496486],[-85.66385496205635,38.26335670125035],[-85.66379973092063,38.26328973451981],[-85.66370552731641,38.26317538066857],[-85.663606573746,38.26305520490544],[-85.66356699308149,38.263007145207624],[-85.66352710804603,38.262958506860514],[-85.66343911625968,38.262851610022224],[-85.66332671253541,38.26271031750611],[-85.66325175521473,38.262616796631555],[-85.66315670494895,38.26249801801078],[-85.66306299435716,38.2623810674301],[-85.66298858671915,38.26228807474285],[-85.66295467129608,38.26224574005791],[-85.66291089086253,38.26219099285487],[-85.6628354486108,38.26209679743067],[-85.66243294544519,38.262330840536194],[-85.66221503415193,38.26245736870589],[-85.66209963980585,38.26252435465746],[-85.66196270531043,38.26260377657394],[-85.66181838571015,38.26268756786573],[-85.66176291571412,38.26271978792003],[-85.66167986349663,38.26276785408647],[-85.66152529174204,38.26285759898536],[-85.66140428289579,38.26292765681608],[-85.66126026747465,38.26301115934258],[-85.66112259828452,38.263090916683645],[-85.66106853197196,38.263122271645685],[-85.660981145923,38.263172978362945],[-85.66085201908403,38.26324798116527],[-85.66078129284459,38.26328884383488],[-85.66071239711631,38.26332879427452],[-85.66062739031395,38.2633780591933],[-85.66050271792308,38.263450469323395],[-85.66039470631692,38.26351236247716],[-85.66022872090964,38.26360719372547],[-85.660165622617,38.263643493968345],[-85.65987343878906,38.263810589039856],[-85.65973027642677,38.26389264790729],[-85.65953554642427,38.26400418787679],[-85.65952233871062,38.26401172057337]]]},"properties":{"name":"DRUID HILLS","ballot_code":"DRH"}},{"type":"Feature","geometry":{"type":"Polygon","coordinates":[[[-85.54064965680053,38.31250257377687],[-85.54092159954114,38.312406271170715],[-85.54110705415073,38.31233875824641],[-85.54156506865858,38.312171913959844],[-85.54175107149392,38.3121042090882],[-85.54196382924773,38.31202669549773],[-85.54216223141529,38.31195444397245],[-85.54238176313228,38.31187660456271],[-85.54254473025068,38.31181909908611],[-85.54264502637166,38.31178374420026],[-85.54291030575384,38.31169016602138],[-85.54326702438411,38.31156429308948],[-85.5434390301967,38.311503581281656],[-85.54373521492727,38.31139914111284],[-85.54396128484503,38.31131688652039],[-85.54440669771864,38.31115674024484],[-85.54448811958652,38.31112740897648],[-85.54482951439367,38.31100217774191],[-85.54513731212883,38.31088929250956],[-85.54537834653473,38.31080052203712],[-85.54557918810441,38.310726539174986],[-85.54578137287756,38.31065212493333],[-85.54600078292995,38.31057124961522],[-85.54623454552062,38.31048525419275],[-85.54644399740415,38.31040811064745],[-85.54669107555935,38.31031713696641],[-85.54696741047755,38.31021577909234],[-85.54752233802903,38.31001244181113],[-85.54721474133046,38.30956833844572],[-85.54704623353054,38.30935914608745],[-85.54682822698494,38.309088568325215],[-85.5466067962611,38.30882091683043],[-85.54643367692601,38.30860392696343],[-85.54640217518566,38.308565313294466],[-85.54625427974129,38.308384185354676],[-85.54607354654618,38.308162950995154],[-85.54589828778585,38.30794836033353],[-85.54573050893269,38.307742870126795],[-85.54554320974323,38.30751393131876],[-85.54536485099453,38.307296017189984],[-85.54517013646867,38.30705778521226],[-85.54494641546916,38.30678426041442],[-85.54471855828251,38.30650702691716],[-85.54449945922406,38.30621860489982],[-85.54439817836173,38.30608534600807],[-85.54417141856364,38.30578806366212],[-85.54408132232295,38.30566987330754],[-85.54383061789339,38.30533932537107],[-85.54351945224622,38.30494246729474],[-85.5431888987874,38.30451994799631],[-85.54294545779477,38.30421301822147],[-85.54262437883965,38.30380796692956],[-85.54215312788224,38.304036141410265],[-85.54191360764452,38.3041566880888],[-85.54162905554846,38.304299896729205],[-85.54140150992268,38.30441450097488],[-85.54115581692162,38.30453772726446],[-85.54089600991158,38.30466804469149],[-85.54058346911992,38.3048248552144],[-85.5403571114892,38.304992443248295],[-85.54019112631073,38.304914645470824],[-85.54000661797313,38.3048280168823],[-85.53959964171436,38.304786331270776],[-85.53952486805929,38.30481797836271],[-85.53914337311785,38.30499716363547],[-85.53908736599452,38.30505918230096],[-85.5388231723881,38.30497240903315],[-85.53847198104184,38.304861008335024],[-85.53824036900204,38.304923482236696],[-85.53802993430213,38.30502628297583],[-85.53787540798652,38.30510187583029],[-85.53778747710747,38.30535797964639],[-85.53774686508402,38.30547627759071],[-85.53743700628445,38.30546158692716],[-85.53711895567415,38.30557909807929],[-85.53688122666502,38.305666799207515],[-85.53671001329303,38.30575120598407],[-85.53655487851229,38.30586723043745],[-85.53629121700482,38.306080514159454],[-85.53624204356599,38.30612028323889],[-85.53590551170723,38.30627569206134],[-85.53602316703825,38.3064383162906],[-85.53614440743478,38.30660604261366],[-85.53626546684129,38.30677328737174],[-85.5363836714984,38.306936681614054],[-85.53650418456077,38.30710344492035],[-85.5366233010867,38.30726818656085],[-85.53675597114102,38.3074513659893],[-85.53687654649129,38.30761812899987],[-85.5370055103832,38.30779634986506],[-85.5371303417766,38.307968937652326],[-85.53724745522136,38.308131030743944],[-85.53737684587634,38.30830977989409],[-85.53750076803355,38.308481068268456],[-85.53762858316765,38.30865664206972],[-85.53774363530522,38.30881464335144],[-85.53786282089496,38.308978373815116],[-85.53798297989391,38.30914335550228],[-85.53810265284925,38.30930776048527],[-85.53829477584277,38.3095716726276],[-85.53867063221324,38.31006837583941],[-85.53883339348029,38.310315888818096],[-85.53895745148502,38.3104844342216],[-85.53907944398573,38.310650139635534],[-85.53920496180713,38.3108208036777],[-85.53932622692258,38.31098535341482],[-85.53944919305053,38.31115264671373],[-85.53957367914714,38.311321625538994],[-85.5396977415526,38.31149021786751],[-85.53982131704716,38.311658137088386],[-85.53994756948472,38.31182942684383],[-85.53983355284049,38.31188191898032],[-85.53993887475359,38.31207471045074],[-85.54002569125271,38.31227309360136],[-85.54009357756333,38.312476011813565],[-85.54014192823605,38.312682404537],[-85.54064965680053,38.31250257377687]]]},"properties":{"name":"FINCASTLE","ballot_code":"FIN"}},{"type":"Feature","geometry":{"type":"Polygon","coordinates":[[[-85.58590428335962,38.21077260206286],[-85.58578436302888,38.21063406029822],[-85.58555170682104,38.21035977487534],[-85.5842898201693,38.21106267956773],[-85.5838033941787,38.210478109665],[-85.58340753706801,38.21077752591661],[-85.58324772868961,38.21089841528486],[-85.58293857126277,38.21106876039658],[-85.58285073045779,38.211779504361175],[-85.58258982953781,38.21192409764977],[-85.58224265086155,38.21211640856051],[-85.58207931084958,38.212206999834414],[-85.58176977255874,38.21238051541391],[-85.581624795602,38.21246170894044],[-85.58154120219862,38.21250861236858],[-85.58144418421057,38.2125629971712],[-85.58133776964064,38.21262265718074],[-85.5812547865387,38.21266917746256],[-85.58108289974561,38.21276542855597],[-85.58090003656308,38.21286503062541],[-85.58068105049786,38.2129843416491],[-85.58043515597925,38.213118181452344],[-85.58027425630651,38.21320584106103],[-85.58019557617621,38.21318289038408],[-85.58006141565623,38.213143896596584],[-85.57994826662357,38.21311094322729],[-85.57978420884669,38.213456981877776],[-85.57970523608113,38.21361284115698],[-85.57954040070638,38.213951954363814],[-85.57939912156705,38.213907949201456],[-85.57930461018813,38.21387858002872],[-85.57909049777874,38.21381254520228],[-85.57886237303877,38.21374499951172],[-85.5787802819751,38.21372098432379],[-85.57863333382379,38.21367802867422],[-85.57848346255156,38.21363405771604],[-85.57809681946075,38.21352089248703],[-85.57807746042828,38.21366895202994],[-85.57803837064536,38.213967666238034],[-85.57801530545188,38.214136875101076],[-85.5779603672217,38.214567499483984],[-85.57793235740827,38.21539179591316],[-85.57789066095255,38.21555386173777],[-85.57783684952237,38.216569912986664],[-85.57782798781926,38.21673736295516],[-85.57782046267096,38.216880198622974],[-85.57780018853643,38.21726216765979],[-85.57779234657652,38.217410532081864],[-85.57776022507588,38.21785493886954],[-85.5777358479458,38.218402009481665],[-85.57826963882738,38.219062590927486],[-85.57969335959973,38.22077601780099],[-85.57977157314403,38.220872819415206],[-85.57984931557087,38.220962553115164],[-85.58133742540026,38.22003572629147],[-85.58140174075659,38.220027692155966],[-85.58381403003366,38.218806261021236],[-85.58412478441244,38.21864418615558],[-85.58460857632396,38.21839196120344],[-85.58472358687573,38.218333800548045],[-85.5853569508993,38.21801769020589],[-85.58590557722324,38.21776665652878],[-85.58625098366436,38.21761121108152],[-85.58716694028817,38.217179704852555],[-85.58803643854009,38.21683515324193],[-85.58836615899985,38.21671501876029],[-85.58893027791812,38.21647605972062],[-85.58947759073834,38.21620115990235],[-85.58956038446064,38.21615713382661],[-85.59012019685076,38.215849264444735],[-85.59038941887776,38.21568918460254],[-85.59049284012788,38.21563143513232],[-85.59041750394981,38.21558094509461],[-85.59013061926835,38.21531510646185],[-85.58981764792922,38.21502432633152],[-85.58973742993604,38.21494911568975],[-85.58966262583122,38.214878769448774],[-85.58937428994567,38.21461061867591],[-85.58929591224529,38.21453031434892],[-85.58906616521585,38.21430787101057],[-85.58885001600724,38.214109774580066],[-85.58895302093735,38.21404664077868],[-85.58856038908382,38.21365453935169],[-85.5881354047123,38.213233832508365],[-85.58776454942989,38.212863827362085],[-85.58770151837753,38.212900570679686],[-85.58731940169307,38.212443810600064],[-85.58716380387473,38.21226017009499],[-85.58644415652934,38.21265372482203],[-85.58615456476257,38.21230176067649],[-85.58605696107826,38.21218286695264],[-85.58597212001597,38.21207976049866],[-85.58585142348433,38.211932900034824],[-85.58577934564872,38.21184538979765],[-85.58560468227782,38.21163292126417],[-85.58559058378572,38.21161573641016],[-85.586298008101,38.21123563303437],[-85.58610388062085,38.211007414551865],[-85.58539118755812,38.21137323000046],[-85.5852051622854,38.21114694579339],[-85.58590428335962,38.21077260206286]]]},"properties":{"name":"FOREST HILLS","ballot_code":"FRH"}},{"type":"Feature","geometry":{"type":"Polygon","coordinates":[[[-85.6634520941525,38.294070628685446],[-85.66261552440143,38.29421333867519],[-85.66178719398579,38.2942491677978],[-85.66119576426722,38.294274736964816],[-85.65956109776495,38.29426782651545],[-85.65827305752441,38.29422370836022],[-85.65734170898435,38.29419182851751],[-85.65637859430689,38.29404942954549],[-85.65583713919546,38.293780958661635],[-85.65408655968068,38.29336265943626],[-85.65410483130701,38.29338618444339],[-85.65375043835,38.2933000276654],[-85.65351046963376,38.29323175231544],[-85.65341789789717,38.29320528090359],[-85.65309379145812,38.29309928998242],[-85.65231673744402,38.29279556032324],[-85.65154409141105,38.29248471351676],[-85.65090968138833,38.29222590258773],[-85.65027955412361,38.29196074557019],[-85.6496669356272,38.29169790823886],[-85.64906630234796,38.29141877889037],[-85.64867044016647,38.291244490357776],[-85.64815163992417,38.290995475631206],[-85.64790900076743,38.29088204009072],[-85.64817286775916,38.29121699454468],[-85.6483433087842,38.29143681721679],[-85.64862897814058,38.29180525049606],[-85.64729483455608,38.292439996621276],[-85.64601115088695,38.293052655490804],[-85.64619378439987,38.29328109588928],[-85.64513558450624,38.29378860027878],[-85.64487088532074,38.294594894005094],[-85.64496744870272,38.295626950848984],[-85.6449813998273,38.29581235635657],[-85.64540654310795,38.29634198809572],[-85.64491170322597,38.29625664212001],[-85.64487411712695,38.296389625353605],[-85.64482953667626,38.29654735224939],[-85.64471718644175,38.296527780266295],[-85.64411097531509,38.2964217065193],[-85.64392223832294,38.29638877649553],[-85.64350964354645,38.29631678726316],[-85.64344078217538,38.29630518599888],[-85.64338014684824,38.29630032397128],[-85.64338465208009,38.29634936833086],[-85.64340278893243,38.29638831003849],[-85.64341068235349,38.29640525943649],[-85.64348524011191,38.2964858116476],[-85.64363882371032,38.296594848854426],[-85.64374067415761,38.296703166441496],[-85.64383555914381,38.29681864111483],[-85.64376529117027,38.296850503121014],[-85.64362164433498,38.29691499271983],[-85.64336444708084,38.29703034285859],[-85.64280658199556,38.29728057245672],[-85.64261055445269,38.29736717756646],[-85.64239914256981,38.29746030743742],[-85.64206233635944,38.297609046202695],[-85.64176643129862,38.297739551113956],[-85.64167369709163,38.29778047827559],[-85.6413694874147,38.297914724329],[-85.64129299277951,38.297948598167025],[-85.64090599806342,38.29811954811095],[-85.64052754480575,38.29828915866658],[-85.64015769884419,38.298454737050356],[-85.63976813115912,38.29862943150483],[-85.63939180978629,38.29879803043421],[-85.63900828283184,38.298969746787684],[-85.6386903845293,38.29911205096687],[-85.63836986021957,38.29925574647596],[-85.63830453392278,38.29928496470514],[-85.63790531230705,38.29946296117149],[-85.63766584821934,38.2995801914145],[-85.6377166916666,38.29964630055125],[-85.63799058273223,38.299999364703666],[-85.63816607356999,38.30022540563719],[-85.63834800483188,38.30043842199708],[-85.63862577521182,38.3007636517491],[-85.63947710348575,38.30184214249597],[-85.63965346123999,38.302065586279355],[-85.63968547757366,38.302105919867046],[-85.64009449342595,38.30262119179863],[-85.64031202040663,38.30289522473849],[-85.64075866828247,38.303452393273105],[-85.64105588109136,38.30381571154748],[-85.64131507982911,38.304140050845],[-85.64164627671217,38.30454888199663],[-85.6420199348722,38.305005156754405],[-85.6422961871863,38.30535614482963],[-85.64241358360887,38.30550527843931],[-85.64287044438898,38.30608563990885],[-85.64250310121703,38.3062687283522],[-85.6420052064445,38.30651684389777],[-85.64157197342226,38.30673261141842],[-85.64064382599713,38.30719504745166],[-85.64096416065084,38.307776377282934],[-85.64126772579264,38.30827081191507],[-85.6415480014086,38.30875431034628],[-85.6419098618354,38.3091981698702],[-85.6420951782719,38.309405222319924],[-85.64218966359077,38.309511033983526],[-85.64241561559339,38.30976355832729],[-85.64233329935863,38.309805216087476],[-85.6427856076133,38.310311255130166],[-85.64287585653449,38.310412224319926],[-85.64291959727835,38.31046130396854],[-85.64333416484489,38.31092631290964],[-85.64349929176018,38.311175126055886],[-85.64397123990486,38.31188543506846],[-85.64447889515198,38.3126373613275],[-85.64477963511435,38.313090147557645],[-85.64502442602507,38.31336787639515],[-85.64522793224606,38.31349921565051],[-85.64542748889484,38.313618964956085],[-85.64558429469393,38.313678047386574],[-85.64565504351064,38.31361868453529],[-85.6464926142111,38.314331852330106],[-85.64754618805429,38.31529155708307],[-85.647702112544,38.315461843560804],[-85.64773438978301,38.315420620048876],[-85.64793942529558,38.31520583597721],[-85.64801108609342,38.31514820324012],[-85.64827305380534,38.31488928272758],[-85.64842001028269,38.314749355748226],[-85.64853843688849,38.314630894295846],[-85.64867624056414,38.31448951584012],[-85.64889967291101,38.31424912031331],[-85.64910936199627,38.31401731843489],[-85.64918275982545,38.31393728184001],[-85.64921564028575,38.31390120189433],[-85.64931464497023,38.313793060511685],[-85.6494823435012,38.31360978208444],[-85.65069652051251,38.31428193997482],[-85.6507155709662,38.314183105571296],[-85.65075469293406,38.31408789354813],[-85.65081309020094,38.31399904478354],[-85.6511017474672,38.313577297826356],[-85.65131944813562,38.31328073630676],[-85.65151134855137,38.31297333530576],[-85.65195735681175,38.31238055596502],[-85.65235660111085,38.31184494971601],[-85.65267643260815,38.311415243811105],[-85.65298818546904,38.311001876165726],[-85.65311155189703,38.31073691816424],[-85.65323572115598,38.3105572042211],[-85.65343619099359,38.3103572153999],[-85.65365735885219,38.310053824794544],[-85.65376408359488,38.3099597729909],[-85.65384057286255,38.309842474754],[-85.65398413182938,38.30971763410734],[-85.6540511593405,38.30960239481767],[-85.65454846306366,38.30918301958437],[-85.65461244058898,38.30911292373614],[-85.6547497197417,38.30898254799337],[-85.65489929312537,38.308828670958775],[-85.65514620317757,38.308664679357605],[-85.65548839584085,38.30842720222941],[-85.65576316020787,38.30823818263458],[-85.65604832766608,38.30807282490093],[-85.65645986205061,38.30790641313692],[-85.65685628867026,38.30776830559385],[-85.65752264476262,38.30739631216328],[-85.65809239382241,38.30703231697354],[-85.65848177683043,38.306712748531474],[-85.65875409505671,38.30646756422577],[-85.65894960049928,38.30621491449521],[-85.65940894525731,38.30590842704226],[-85.65948563604131,38.30586468541228],[-85.65962869727359,38.30578277186843],[-85.65976997647412,38.30571138611887],[-85.65992374253965,38.30560794151382],[-85.66008747440065,38.30548714669415],[-85.6602219372408,38.30540056261342],[-85.66032647233412,38.30533823525026],[-85.66054100261445,38.30518920843783],[-85.66063642470517,38.30509475707457],[-85.66071464390153,38.30499625373351],[-85.66079010007172,38.304912268766415],[-85.66083096012626,38.30487845198352],[-85.66090434451706,38.304842399190754],[-85.66097843390423,38.30482932995647],[-85.6610816410784,38.30480402159772],[-85.66115672333734,38.304776336086164],[-85.66122303247796,38.30473830742324],[-85.6612691400596,38.30470463857209],[-85.66132293494752,38.30467049435492],[-85.66138319377924,38.30464058668269],[-85.6614301677031,38.304596629638276],[-85.66150640839341,38.30451812523343],[-85.66157228499804,38.30448384577724],[-85.66161764999842,38.30445892710085],[-85.66167664498657,38.30441295901081],[-85.66173497209033,38.30436516417989],[-85.66178241290142,38.3043386595236],[-85.66183815746923,38.30430672923938],[-85.66191027090055,38.304261780753954],[-85.66200581710915,38.304213051257534],[-85.66208249790566,38.30412324896403],[-85.66211616543869,38.30408356034506],[-85.66217993838747,38.304021826323556],[-85.66222420580857,38.30399551193666],[-85.66227006142454,38.303967178793165],[-85.66232270833719,38.30392361029186],[-85.66215158486256,38.30364832707777],[-85.6622001825681,38.30362336191942],[-85.66224393840575,38.30356565194575],[-85.66230838864448,38.30349829285297],[-85.66240364871518,38.303432446677746],[-85.6624838708937,38.30339110940773],[-85.66255864591625,38.30326149625941],[-85.66261368479496,38.30320667839559],[-85.66269565561329,38.30313091809445],[-85.66273922321332,38.30307614036429],[-85.66281964216722,38.30302263936028],[-85.66288906675692,38.30297975595038],[-85.66295686853896,38.30291494682908],[-85.66310790192463,38.30279125448748],[-85.66318939339025,38.30270717596663],[-85.66325647268476,38.3026340963716],[-85.66333179776949,38.30260540058547],[-85.66338264892353,38.30258245560016],[-85.66345788495299,38.30252539343653],[-85.66355953851132,38.30241671288427],[-85.66364815911331,38.302340139604176],[-85.66374038778672,38.302256789277656],[-85.6638122014976,38.30220342547063],[-85.663881972323,38.30212342461286],[-85.66394326111254,38.30204409055441],[-85.66401404986988,38.30198111099769],[-85.6641115877913,38.30189531185765],[-85.66419984217194,38.30181801713235],[-85.66425566898518,38.301764978419605],[-85.66431285372693,38.30169939140591],[-85.66437538981248,38.30164885761035],[-85.66444549313904,38.30159654988257],[-85.6644686037767,38.30155541142815],[-85.6645432564114,38.30147435598289],[-85.66467137282977,38.30137785719021],[-85.66478252004173,38.30128725984748],[-85.66487870308892,38.30121179742408],[-85.66496517584336,38.30114329855799],[-85.66503694448063,38.30107478907914],[-85.6650862646096,38.301055545137245],[-85.66516758970562,38.30095348313921],[-85.6653008333353,38.30080030258271],[-85.66536426715571,38.300764192119495],[-85.6654301800108,38.30069389974488],[-85.66545601151714,38.30062035694619],[-85.66553548888388,38.30058526780105],[-85.66562901908817,38.300533601319486],[-85.6656891044743,38.30048994017804],[-85.6657349017582,38.30045655853112],[-85.66581068625482,38.30039627254963],[-85.66587110095972,38.30038535368723],[-85.66600182167554,38.30035582971788],[-85.66612713958038,38.300516358800095],[-85.66793569670814,38.299002124618156],[-85.66773763404318,38.29885775036876],[-85.66748073781821,38.298677515015264],[-85.66738545341049,38.29861172461833],[-85.6668121784969,38.29819986243246],[-85.66630383141265,38.29783439066585],[-85.66697490407626,38.297269789056415],[-85.66730515448008,38.29699183512003],[-85.66590612213045,38.29558227489223],[-85.66514407194369,38.2962719073259],[-85.66484263779168,38.295895904542746],[-85.66418098126685,38.29502735798748],[-85.6634520941525,38.294070628685446]]]},"properties":{"name":"GLENVIEW","ballot_code":"GLV"}},{"type":"Feature","geometry":{"type":"Polygon","coordinates":[[[-85.64172536279054,38.29646113695959],[-85.64302300627078,38.295879405022205],[-85.64271375447439,38.29554617690953],[-85.64264499847665,38.295420675824815],[-85.64254356933186,38.29523523931668],[-85.64248537187288,38.295149316378485],[-85.6423193027948,38.294904106216194],[-85.64212450851075,38.294653436928726],[-85.64207140927904,38.294585596811714],[-85.64173764735385,38.29416661858386],[-85.64158278694929,38.29397675641832],[-85.64128354396998,38.293609877757675],[-85.6410773030912,38.293348426214],[-85.64096890993866,38.293215243066584],[-85.64078957551665,38.29299405746498],[-85.64054722660559,38.292689540599234],[-85.64056316158931,38.29268085307845],[-85.64017662528882,38.29219475128767],[-85.63942348342404,38.292624214863935],[-85.6389424649096,38.292820119835774],[-85.63885340208587,38.29285686519012],[-85.63838135840268,38.293047151682764],[-85.6382516143579,38.29307688579859],[-85.6368810962711,38.2934097835992],[-85.63518750615933,38.29376316999088],[-85.63395463065258,38.29403342350918],[-85.6337468651945,38.29413457083913],[-85.63403751378101,38.29451295078129],[-85.63415265587446,38.29465422382257],[-85.63421656871517,38.29474573242609],[-85.63443217414476,38.29501345573719],[-85.63716686426075,38.29849000449135],[-85.63724476645869,38.298455365254384],[-85.63760435959915,38.29829565138802],[-85.63770765872604,38.29824983448855],[-85.63798739694715,38.29812547789927],[-85.63807567682589,38.29808632878429],[-85.63834521708687,38.29796652950114],[-85.63840437599977,38.29793999745343],[-85.63878570012719,38.297770060305915],[-85.6390299637588,38.29766124617347],[-85.63940279893224,38.29749495240794],[-85.63971378843515,38.29735634180808],[-85.63989864736685,38.29727449080424],[-85.64031378336993,38.29709106955432],[-85.64064949295502,38.296942526627056],[-85.64109051366697,38.29674523214829],[-85.64132134059702,38.29664207326074],[-85.64154343630871,38.29654260881296],[-85.6415992350709,38.2965177550499],[-85.64172536279054,38.29646113695959]]]},"properties":{"name":"GLENVIEW HILLS","ballot_code":"GVH"}},{"type":"Feature","geometry":{"type":"Polygon","coordinates":[[[-85.63073226904034,38.29030672664288],[-85.63091532962288,38.29053937437542],[-85.6310981485758,38.29077158820915],[-85.63128066278668,38.29100351313464],[-85.63146147515229,38.291233128730916],[-85.63154841078222,38.291343557495125],[-85.62880415162869,38.292702191453365],[-85.62869038602425,38.29314002903623],[-85.62953895983907,38.29423032142422],[-85.62964219956923,38.294369183037354],[-85.63028521840258,38.294140160972425],[-85.63051345215196,38.29406057930594],[-85.6310123903069,38.29389338214535],[-85.63144272748401,38.29378053861992],[-85.63155062160175,38.29375910765533],[-85.6322197430692,38.293604190544734],[-85.6330633547921,38.29343905687471],[-85.63287912372293,38.29324276023259],[-85.63274482333883,38.293068436393646],[-85.63250197460326,38.29275327676988],[-85.63207448408177,38.29219845024555],[-85.63206955245656,38.29219205040915],[-85.63262293069033,38.291923356602865],[-85.63280810531994,38.29183132443478],[-85.63295566980564,38.291757908923685],[-85.63320421627095,38.29163439838385],[-85.63325837020514,38.29160743146837],[-85.63345850073615,38.291507863980414],[-85.6335555745636,38.29145963986054],[-85.63364184164972,38.291416742255265],[-85.63377200460674,38.29135201087139],[-85.63384538944385,38.291315543147725],[-85.63408697265217,38.291195437601566],[-85.63414088222282,38.29116861419202],[-85.6342667093034,38.291106185344866],[-85.63439528456412,38.291042125628],[-85.63457862323254,38.29095095378868],[-85.63471849161249,38.29088142335993],[-85.63501880405144,38.290732140911594],[-85.63531184975047,38.29058636075064],[-85.63545855464493,38.2905133737205],[-85.63562607796874,38.29043011869456],[-85.63587205176871,38.29030784964453],[-85.6359364597372,38.290275842466414],[-85.63620398226689,38.290142824447784],[-85.6362590491736,38.29011542457251],[-85.63660764623415,38.28994200029177],[-85.63686765718515,38.289812675564505],[-85.63701039154428,38.2897417027296],[-85.63705965779803,38.289717180878625],[-85.63785634675668,38.28932368863025],[-85.63766777827672,38.289090132776664],[-85.63763124625862,38.289044759696445],[-85.6374802460275,38.28885773170488],[-85.63744188736331,38.28881024140048],[-85.63723797832385,38.28855758274871],[-85.63701531845173,38.288281636138734],[-85.63697348966005,38.288229862857506],[-85.63678303980957,38.287993899987306],[-85.6365189252607,38.28766266928411],[-85.63620524542083,38.28727605135965],[-85.63578159519591,38.28751094330431],[-85.63549189466713,38.287671489125046],[-85.63534212897783,38.287754472916944],[-85.63521287743843,38.28782612986072],[-85.63507037713664,38.28790513094871],[-85.63490949921125,38.28799420913006],[-85.63464879634556,38.28813877029566],[-85.63457919296943,38.2881774549638],[-85.63437172842798,38.288292401867984],[-85.63409759169694,38.288444401334914],[-85.63403690290369,38.28847794909083],[-85.63378297336777,38.28861862016632],[-85.63348447263955,38.288784104005494],[-85.63323102940227,38.28892458246318],[-85.63318542027334,38.28894987574554],[-85.63313712464839,38.28897670427741],[-85.63294223299302,38.28908464177457],[-85.63286835584623,38.28912558078095],[-85.63275601200544,38.28918782782443],[-85.63265893160127,38.289241724583285],[-85.63253541376571,38.2893102111203],[-85.63237562907581,38.289398758956665],[-85.63220876072353,38.28949119432771],[-85.63202430640511,38.28959346741245],[-85.63187886917679,38.28967404736724],[-85.63138460774488,38.28994798926051],[-85.6312033274815,38.29004838936154],[-85.63073226904034,38.29030672664288]]]},"properties":{"name":"GLENVIEW MANOR","ballot_code":"GVM"}},{"type":"Feature","geometry":{"type":"Polygon","coordinates":[[[-85.58734295136671,38.29336570415886],[-85.58753473443922,38.29356818876939],[-85.58770111645178,38.29378126402002],[-85.58786360553826,38.29398923703119],[-85.58803394366416,38.29420702825623],[-85.58819309552403,38.294408168841706],[-85.58836368552275,38.294623556179026],[-85.588528922832,38.294832204978924],[-85.58869622915421,38.29504345288245],[-85.58888300493982,38.29527939135829],[-85.58914293017844,38.295599087259035],[-85.58926121347939,38.29574372555812],[-85.58951325775436,38.29562257109287],[-85.5896923814189,38.29553651199273],[-85.59015603634211,38.29531381107803],[-85.59033332635208,38.29522861343662],[-85.59039293555182,38.295198595852064],[-85.5910015977894,38.2948926214115],[-85.59143992236432,38.29467223649982],[-85.59186303070258,38.29446245630972],[-85.59191225447205,38.29443800185092],[-85.59229070910158,38.294253881647535],[-85.59251613234815,38.29413845496002],[-85.59282358061975,38.293979384931546],[-85.59317876205746,38.2938065784114],[-85.5933896357507,38.29370391973056],[-85.59370072443119,38.293552544514384],[-85.59402890958364,38.293392922098604],[-85.59408607051856,38.293365062593075],[-85.59390768561997,38.29313649950474],[-85.59368701910459,38.29285369461996],[-85.59350772356807,38.29262392782449],[-85.5933330543628,38.292400080683635],[-85.59315765530245,38.29217536649104],[-85.59297866851554,38.29194603170778],[-85.59280242035933,38.29172006531385],[-85.59262757191512,38.29149597627534],[-85.59242291703046,38.29123290291102],[-85.59221333336885,38.29096443763447],[-85.59186561237719,38.29113393406155],[-85.59150518636542,38.29130961458355],[-85.59140210331152,38.29135981524009],[-85.59127349307094,38.29142243449667],[-85.59092094334285,38.291594181237485],[-85.5907349244018,38.291685762126974],[-85.59038188162623,38.29185861295389],[-85.59019574090088,38.291949856773144],[-85.59014248868813,38.29197584391593],[-85.58989973501585,38.29209475191707],[-85.58966986750534,38.29220733148911],[-85.58952531329548,38.2922781483964],[-85.58946076200985,38.292309697686456],[-85.58935339764128,38.29236340083723],[-85.58922478032898,38.292427652164655],[-85.58896241557566,38.292558792604176],[-85.58886879152898,38.29260563796355],[-85.58866645896516,38.29270661729802],[-85.58850376151412,38.29278798625858],[-85.58836060737077,38.29285947755337],[-85.58809316967923,38.29299315700977],[-85.58798592595139,38.293046714925744],[-85.58776734558447,38.29315584388088],[-85.58759279981533,38.293242194707446],[-85.58734295136671,38.29336570415886]]]},"properties":{"name":"GOOSE CREEK","ballot_code":"GSC"}},{"type":"Feature","geometry":{"type":"Polygon","coordinates":[[[-85.63159992258494,38.275564400874266],[-85.63155030023795,38.27551103110132],[-85.63117262888674,38.27510447735828],[-85.63071611639104,38.27461312731673],[-85.63055172928311,38.274436317281896],[-85.63036189344527,38.27423198062713],[-85.63018021811314,38.274036497464145],[-85.63001029251889,38.273853623936624],[-85.62984292699109,38.27367334839691],[-85.62967598625202,38.273493793804],[-85.62951069174079,38.273315828119216],[-85.62934576181517,38.2731383427729],[-85.62918290456635,38.27296302339023],[-85.62899879886452,38.27276479515708],[-85.62881012951178,38.27256175537062],[-85.62864222078683,38.272381092796536],[-85.62847479902581,38.27220086293114],[-85.62829556834025,38.272007928054975],[-85.62814044720734,38.271841029127586],[-85.62805984215953,38.271754258238715],[-85.62798861340309,38.271677690338485],[-85.62783184946771,38.27150920271777],[-85.62766704928607,38.27133209977164],[-85.62750614684911,38.27115918374469],[-85.62737915398426,38.27102269842261],[-85.6271773451617,38.27080468919063],[-85.62701504622223,38.27062903031862],[-85.62685457433423,38.2704553930521],[-85.6266874076041,38.27027482475847],[-85.626514032309,38.27008703761031],[-85.62612177829523,38.27029678324409],[-85.62594762581615,38.27038977925957],[-85.62567781983414,38.27053407127724],[-85.62544750725667,38.27065705705014],[-85.62526779788409,38.270753363520235],[-85.62520272704249,38.27078800776316],[-85.6250763685874,38.270855570303375],[-85.62497638037102,38.270909218311424],[-85.624878529433,38.270961328764514],[-85.62475137635776,38.2710294189746],[-85.62467031105683,38.27107279695627],[-85.6244694177235,38.27118018672444],[-85.62426467806168,38.27128963884996],[-85.62419398927871,38.27132759477687],[-85.62399999359204,38.271431144002825],[-85.6239448103623,38.27146055722888],[-85.62367920842212,38.271602541790614],[-85.62358312477191,38.271653980939256],[-85.62339987061604,38.27175191509393],[-85.62329066257111,38.271810407041606],[-85.62313570261674,38.271910101796486],[-85.62305359626485,38.27181322980665],[-85.62294221554887,38.271681661272495],[-85.62282505250984,38.27154345089709],[-85.62275110268914,38.271456251071164],[-85.62257831111366,38.271252352504256],[-85.62251951773935,38.271183198713246],[-85.6223444748636,38.27097670081588],[-85.62221708949761,38.27082645916696],[-85.62214271567868,38.27073877827546],[-85.62207546256393,38.27065922982668],[-85.62195081685708,38.270512068493304],[-85.62179665308224,38.27033049737947],[-85.62176591850634,38.27029416377716],[-85.62165861882154,38.270167839239],[-85.62157536120458,38.27006952249589],[-85.62152320272618,38.27000816412477],[-85.62138206625313,38.269841319151084],[-85.6213303955739,38.26978024952577],[-85.62124750360766,38.269682461797224],[-85.62119187640663,38.26961701367535],[-85.62111616492945,38.2695277918211],[-85.62105378336437,38.26945420967538],[-85.62097630877165,38.269362437909656],[-85.62092555170442,38.26930276377035],[-85.62083870453655,38.26920035584238],[-85.62078794655002,38.269140681640074],[-85.62070505670147,38.269042508807026],[-85.62065247294507,38.26898076576152],[-85.62055941940483,38.26887089814682],[-85.62051846055131,38.26882272620304],[-85.6204244943192,38.268711559204014],[-85.62038664014513,38.26866689982578],[-85.62028689302544,38.26854918815999],[-85.62025080267745,38.26850693441369],[-85.62012166089896,38.26835438112454],[-85.61998180827226,38.268189554840774],[-85.61982242138902,38.26800153256362],[-85.61960876038822,38.267777823861564],[-85.619404615202,38.267897413084036],[-85.6191703110254,38.26803446965306],[-85.61883495728019,38.26823814838629],[-85.61868935602521,38.26832308746417],[-85.61849900606384,38.26843427640306],[-85.61830602892252,38.26854700093929],[-85.61815700824702,38.268633906838836],[-85.6178067816567,38.26883030617794],[-85.61763400791762,38.2689324263196],[-85.61689718315964,38.26936816263645],[-85.61574869781187,38.27003377675772],[-85.61569185218399,38.27003731879109],[-85.61564004807741,38.27001865260955],[-85.61543717917093,38.26980028509826],[-85.61359152684506,38.267771283201185],[-85.61343279003802,38.26757046398253],[-85.6131920279065,38.26730512342666],[-85.61308959293596,38.267197066163675],[-85.61289508271075,38.267311702787886],[-85.61169929868103,38.26799390709681],[-85.6113608009925,38.267622145025925],[-85.61056534564881,38.26673842139516],[-85.61043895035671,38.26659725504426],[-85.6102632518691,38.26669575453023],[-85.60767249075363,38.26813693084629],[-85.60754834859883,38.267998793179274],[-85.60748919897298,38.267932804570506],[-85.60730450785958,38.26772713838183],[-85.6071900443475,38.26759949278936],[-85.60698156128561,38.26736730570694],[-85.60673669144269,38.26709459072111],[-85.60654062581415,38.266876119568636],[-85.60640166063156,38.26696100387075],[-85.6061621526655,38.2670980761905],[-85.60581598329509,38.26729622358234],[-85.6055429545708,38.267452390073174],[-85.60519568356852,38.26765115955258],[-85.6051498325929,38.2676774509609],[-85.6049435916509,38.26779619554379],[-85.60463721257194,38.267977320533525],[-85.60481022344713,38.26816437004594],[-85.60497721045508,38.268345016941986],[-85.60515308264922,38.26853538674961],[-85.6053239670884,38.2687201255324],[-85.60549107747076,38.26890091687573],[-85.60566074650598,38.269084498643984],[-85.60544125406162,38.2692107283313],[-85.6050869511473,38.26941453685754],[-85.60490152602489,38.269521143016924],[-85.6045329931183,38.269733105879425],[-85.60436746644571,38.269830359419856],[-85.60443375441928,38.26989438704531],[-85.60463591334661,38.27011618628821],[-85.60482949360872,38.270328502924556],[-85.60500696019047,38.27051695125375],[-85.60516209115936,38.27068157329222],[-85.6053556273747,38.270887013799964],[-85.6055526932285,38.27109620805281],[-85.60575116096462,38.27130674969604],[-85.60585121612272,38.27141303090579],[-85.60595055410079,38.2714503179544],[-85.60609661466036,38.271608676867004],[-85.60649658590702,38.27204019553094],[-85.60666608200212,38.27222310335814],[-85.60855804596461,38.274263997343304],[-85.60875783144202,38.274432274328056],[-85.60973945594701,38.27386403584306],[-85.60978133052946,38.273909232184124],[-85.61016472080273,38.27432201561103],[-85.61033891985957,38.27450949052354],[-85.61073205473112,38.27493266880633],[-85.61089158650877,38.2751044030952],[-85.61101630402132,38.27523864370863],[-85.61132112724542,38.2755668072255],[-85.61158438200933,38.275850110676146],[-85.6118240816979,38.27610814495437],[-85.612077113524,38.27638047344575],[-85.61231590308233,38.27663749565682],[-85.61262061825333,38.276965462750496],[-85.61274521882015,38.27709960492455],[-85.61307264123052,38.27745202192818],[-85.61312255592718,38.27750578447336],[-85.61322877573372,38.277620047889826],[-85.61367913307062,38.27805563770435],[-85.61283023518695,38.27854570360813],[-85.61266936882049,38.27863857006672],[-85.6134749339117,38.27950595913571],[-85.61377552469673,38.27982367709548],[-85.61386978240533,38.27994263806293],[-85.61401760138536,38.279869250699555],[-85.61404872329999,38.27985379999584],[-85.61426585879961,38.27972568885253],[-85.61442504575315,38.27962951003855],[-85.61508039067955,38.28026826708718],[-85.61530357453151,38.28048579811778],[-85.6153722682389,38.28044298739113],[-85.61569735362926,38.28025368394403],[-85.61598128212302,38.28008832353301],[-85.61626319351288,38.279924643132205],[-85.61654828061094,38.27975808168946],[-85.61666264454348,38.27969142845848],[-85.61682939625693,38.27959439903041],[-85.61708688137638,38.279444440385944],[-85.61738277838445,38.2792683209496],[-85.61743425070519,38.279237751665754],[-85.6176317794983,38.27912017873316],[-85.61794538000312,38.278933548253335],[-85.61817612245463,38.27879624998357],[-85.61835329743097,38.2787010571228],[-85.61867964746696,38.27851179456384],[-85.61875395317125,38.27846870157686],[-85.61896124121645,38.27834834787779],[-85.61903243338855,38.27830707839729],[-85.61923685086207,38.27818850041418],[-85.61931494166329,38.2781432958187],[-85.61958932792221,38.2779841182859],[-85.61963853877283,38.27795551772558],[-85.6198717115932,38.27782023782694],[-85.62014762155654,38.277660244400494],[-85.62042988036279,38.27749641021075],[-85.62072673066405,38.27732422594078],[-85.6210264480098,38.277150264663405],[-85.62114159718905,38.2770835115174],[-85.62102219695954,38.276966067684995],[-85.62093591908284,38.27688116167319],[-85.62137152881972,38.27663580570273],[-85.62149504962422,38.27655939769155],[-85.62154668791557,38.27660647530384],[-85.62159870311396,38.27657777965902],[-85.62164613995715,38.27655158006943],[-85.62182430200276,38.27672447472908],[-85.6220082484867,38.27690304775632],[-85.62219371843537,38.27708282490248],[-85.62246588981641,38.277351498367295],[-85.62268289857231,38.27756453127724],[-85.62286075718652,38.277739251123634],[-85.62303745944999,38.2779129594864],[-85.62321568360285,38.278088110727666],[-85.62335947716869,38.27828197726435],[-85.62356574726876,38.27850115140206],[-85.62378559373025,38.27873481161743],[-85.62396574314371,38.2788925114125],[-85.62388813593448,38.278941517988365],[-85.62409352793699,38.27914083326492],[-85.62425312929469,38.279330868401466],[-85.6244472464636,38.279561903454955],[-85.62449307001002,38.279588155297596],[-85.62454575929927,38.27955816172738],[-85.62526794867865,38.27915371130914],[-85.6260770687256,38.27870045105413],[-85.62666939387208,38.279434954535844],[-85.62739437024655,38.279009450535824],[-85.62739249959269,38.27900717369725],[-85.62723149755386,38.2788109869335],[-85.62704730535916,38.27858640850992],[-85.62680370488115,38.278289601787385],[-85.62676663607391,38.27824436879193],[-85.62678629682335,38.27823287870299],[-85.62721537554138,38.27798212847586],[-85.62750793966954,38.27781126881738],[-85.62766637334082,38.27771734178626],[-85.62778383882181,38.27764774749379],[-85.62808183846361,38.277471315125105],[-85.6281800715626,38.27741314361162],[-85.62824869523939,38.277372538951795],[-85.62857379867282,38.27717997824311],[-85.62874724860069,38.27707717005765],[-85.6294623742884,38.27678629836867],[-85.63159992258494,38.275564400874266]]]},"properties":{"name":"GRAYMOOR-DEVONDALE","ballot_code":"GRD"}},{"type":"Feature","geometry":{"type":"Polygon","coordinates":[[[-85.6178373596819,38.318213071916176],[-85.62038026528415,38.3147584333624],[-85.61243984085276,38.31124385104923],[-85.60791461412434,38.31732933843257],[-85.60790306699228,38.31733619966136],[-85.60792208768241,38.31740959060164],[-85.60737472168753,38.317705195495684],[-85.60662821511634,38.31809849283811],[-85.60665257093788,38.31812655238331],[-85.60603441497962,38.318446969145846],[-85.60668407930136,38.31852386570891],[-85.60699292571003,38.31856039462249],[-85.607164616436,38.31858069815735],[-85.60772480032381,38.3186347881837],[-85.60795290672813,38.31867256359313],[-85.6082204774626,38.318721347548106],[-85.60827537960323,38.3187324713926],[-85.6084239884123,38.318760294462336],[-85.60856057902421,38.318785987587376],[-85.60863353987057,38.31879987348799],[-85.60884687564077,38.31883945575076],[-85.60913219711165,38.31889297071194],[-85.60924810459417,38.31891613833429],[-85.60941081680701,38.31897263223339],[-85.60969012875685,38.31904161957446],[-85.60998341030003,38.31911408508204],[-85.61023625037724,38.31917654946328],[-85.61052569457455,38.319245691833856],[-85.61103057556126,38.319374126858726],[-85.61132141820416,38.31944658528085],[-85.61162257069773,38.319521556040996],[-85.61192280929772,38.319596333067544],[-85.61218595680073,38.31966346855504],[-85.61245148420271,38.31973142427326],[-85.61258293640586,38.31976508731027],[-85.61272300744992,38.31979106886307],[-85.6130984958532,38.31986564088082],[-85.61338551063005,38.31996376388663],[-85.61344670390876,38.319973834879654],[-85.61363983026058,38.32005415723543],[-85.61394262936433,38.32029744750505],[-85.61572059792296,38.320982579752],[-85.61779086647265,38.31827624353597],[-85.6178373596819,38.318213071916176]]]},"properties":{"name":"GREEN SPRING","ballot_code":"GRS"}},{"type":"Feature","geometry":{"type":"Polygon","coordinates":[[[-85.61443860309477,38.09683386633066],[-85.61418986678781,38.100098000378175],[-85.61514440827607,38.100169618643925],[-85.61509120039565,38.10101725170668],[-85.61508052248588,38.1011873624588],[-85.61508012549385,38.10119370500164],[-85.61937533366049,38.10150953350486],[-85.62003084638168,38.10155771926823],[-85.62004830305817,38.1013713075698],[-85.62065094256145,38.09493531577005],[-85.61879892351689,38.094773238766415],[-85.61848424282353,38.09473497394568],[-85.61710315712887,38.094529703716375],[-85.61635229731868,38.094433785990006],[-85.61676020951758,38.08968596339387],[-85.61553202720096,38.089628668823565],[-85.61545385971621,38.08965969748907],[-85.61534242727323,38.08970392921305],[-85.61444664430503,38.089732226288696],[-85.61210972529054,38.08905208017206],[-85.61146268596497,38.088687829278754],[-85.61108474793552,38.088744980551766],[-85.60979025079314,38.090116773542945],[-85.60909848773443,38.09035604668322],[-85.60710432176877,38.091649574582455],[-85.60649324451148,38.09331920492923],[-85.60644143923992,38.09331690118383],[-85.6059975777135,38.093297167730015],[-85.6048087929627,38.09344053358126],[-85.60456000178912,38.093777210578516],[-85.60381354048228,38.094177579631825],[-85.60352418103496,38.09477428819591],[-85.60350811504559,38.094807415885285],[-85.60320268553036,38.09543725215713],[-85.60313473310555,38.09553889542935],[-85.60297785565459,38.095535520607186],[-85.60282590160111,38.09551653296099],[-85.60236903645814,38.09571309322496],[-85.60222491813606,38.09605089966448],[-85.60245052262178,38.0969321350291],[-85.60289316422782,38.09775627850358],[-85.60290102372294,38.09777091143802],[-85.60417461993474,38.09822547956661],[-85.60658436841157,38.09908550430708],[-85.60660472794991,38.09909277032202],[-85.6066304919769,38.09906128481951],[-85.60672906996321,38.09909638916482],[-85.60690246782089,38.09915813641553],[-85.60739563116121,38.09933375201011],[-85.60883312432416,38.099845628332616],[-85.60979532353387,38.099889906076164],[-85.61019777789664,38.09990842379367],[-85.61204310108964,38.09999331233884],[-85.61202050310007,38.10051898533103],[-85.61401438778022,38.10061067486543],[-85.61401926731652,38.1005095294968],[-85.61427974864593,38.09697618069077],[-85.61429059648341,38.096829021073546],[-85.61443860309477,38.09683386633066]]]},"properties":{"name":"HERITAGE CREEK","ballot_code":"HCK"}},{"type":"Feature","geometry":{"type":"Polygon","coordinates":[[[-85.56766098967962,38.28977796377475],[-85.56951770434046,38.288922400296805],[-85.5694897234407,38.288864566251114],[-85.56945562156957,38.28879076074568],[-85.56935895880234,38.28858142008494],[-85.56922061017757,38.28828220364713],[-85.56913031933558,38.288086767838934],[-85.56904179015966,38.287895180795985],[-85.56894349096008,38.287682423537845],[-85.56875896922708,38.28728313044254],[-85.56870394420092,38.28716034765812],[-85.56852127561699,38.28675322050224],[-85.5683908424165,38.28646247677652],[-85.56824888336524,38.28614589756407],[-85.56818299955131,38.28599915417505],[-85.56804547228465,38.285692484722325],[-85.5677555808457,38.285799351942956],[-85.56752540090365,38.285884193968485],[-85.56727965143551,38.285974733452896],[-85.56704953223989,38.28605952689402],[-85.56679321901278,38.28615399069904],[-85.56653635597478,38.28624864589899],[-85.56630879908181,38.28633247965187],[-85.5664290557121,38.286639893709115],[-85.56649057910396,38.28679720844461],[-85.56659059153128,38.28705304937788],[-85.56667284652343,38.2872631395125],[-85.56674394660936,38.28744522971453],[-85.56682092876895,38.28764180091826],[-85.56690469954755,38.28785607630717],[-85.56697871006014,38.28804547843695],[-85.56705957318115,38.28825215238861],[-85.56713753077835,38.28844925370135],[-85.56722367323734,38.28866713807272],[-85.56729247807564,38.288841532016946],[-85.5674286941119,38.28918618225095],[-85.56749222656401,38.2893468167335],[-85.56761353221391,38.28965374980818],[-85.56766098967962,38.28977796377475]]]},"properties":{"name":"HICKORY HILL","ballot_code":"HIH"}},{"type":"Feature","geometry":{"type":"Polygon","coordinates":[[[-85.62419002376457,38.303604227701776],[-85.62455062306384,38.30342364110969],[-85.62495860624193,38.30321939959941],[-85.62507664707441,38.3031603393219],[-85.62515108655927,38.3031229637522],[-85.62561530853732,38.30289060489843],[-85.62600905903533,38.30269336495453],[-85.62677255445297,38.302311068441156],[-85.62715603904059,38.302119053868495],[-85.62721759179045,38.30208820267996],[-85.62729709012582,38.302053139217094],[-85.62785240960301,38.30177293201265],[-85.62796171304738,38.30171808976281],[-85.62886673342415,38.30126447957308],[-85.62569541153225,38.2973731310219],[-85.6242577875661,38.2981230418672],[-85.62353136188256,38.29850199717748],[-85.62317394573188,38.29868897923208],[-85.62276114218542,38.29890508503701],[-85.62260823878064,38.29898141454808],[-85.62220131086731,38.29918487993404],[-85.62181135604804,38.29937980420316],[-85.62117499573803,38.29970196480772],[-85.62085342644895,38.29986373700371],[-85.6212106171066,38.300299818714215],[-85.62158588376235,38.30076356529427],[-85.6218241636207,38.30106263452821],[-85.6220653684502,38.30136521649571],[-85.6222767488306,38.301627524170335],[-85.6223281917452,38.30169219811944],[-85.62259411614615,38.30202687472911],[-85.62279170407385,38.302258011016036],[-85.62343005897563,38.30305421115528],[-85.62375372741813,38.30345135333725],[-85.6238760481683,38.303601490024185],[-85.62396267227105,38.30371812571529],[-85.62419002376457,38.303604227701776]]]},"properties":{"name":"HILLS AND DALES","ballot_code":"HAD"}},{"type":"Feature","geometry":{"type":"Polygon","coordinates":[[[-85.62437540496134,38.15683208187619],[-85.6247116294518,38.156561357828316],[-85.6248637646011,38.1564389125623],[-85.62520370474832,38.156165161925635],[-85.6254902927593,38.156075745361264],[-85.62624580495834,38.155845893926745],[-85.62632811188215,38.15582083368865],[-85.62697444440674,38.15562418338852],[-85.62770460355235,38.1554019896995],[-85.62814498490623,38.15535811357416],[-85.62865247910123,38.15530742934446],[-85.62876733886095,38.1552959596964],[-85.62884062154609,38.15594440815886],[-85.62944563038212,38.15591704324989],[-85.62934352911545,38.15523851620865],[-85.62931279718191,38.155041592420325],[-85.62927989405446,38.15483211752354],[-85.62924446051109,38.15460581238514],[-85.62921246286601,38.15440105050573],[-85.62917551179775,38.15417219489282],[-85.6291395266316,38.1539486776591],[-85.62910462660116,38.153732228813816],[-85.6290696056341,38.15351520319386],[-85.62903506660061,38.15330082242677],[-85.62900143400893,38.15309182773565],[-85.62896725728937,38.15288009167871],[-85.62888793451302,38.15238814081793],[-85.62874740169273,38.15209215468267],[-85.62865102966516,38.1514911861143],[-85.62854895615385,38.15084136113961],[-85.62822475803506,38.1486856477011],[-85.6281879151063,38.148689696589514],[-85.62791089389657,38.14871989458158],[-85.62767649972439,38.148745519417695],[-85.6276248137063,38.14841187960705],[-85.62708270896364,38.148470312469435],[-85.62692839640309,38.14848693177453],[-85.6265689822446,38.14852574338318],[-85.62616499036412,38.14856926708855],[-85.62565491503862,38.148624313135116],[-85.62545103119194,38.14864660048548],[-85.62506249135886,38.14869720401793],[-85.62487115431682,38.14871594564946],[-85.62461556230062,38.14874721545931],[-85.62406330268425,38.14879509480746],[-85.62370638839238,38.14883010092826],[-85.62386805012763,38.149038080829506],[-85.62369568194143,38.14914425147505],[-85.6235842631483,38.149212792654296],[-85.62322020187408,38.14943689337953],[-85.62317558573172,38.149464395764774],[-85.62260410213356,38.1498162636309],[-85.62243112713662,38.14991824939823],[-85.62221663648143,38.1500500485996],[-85.62200244977892,38.150181799084194],[-85.62181294835622,38.15029833493038],[-85.62170768245035,38.15036308245437],[-85.6216083900329,38.15042413333442],[-85.6214627120637,38.150513694841706],[-85.62140511145572,38.15054911558228],[-85.62123669758451,38.150652691179694],[-85.62118653356039,38.15068355283367],[-85.62098240032452,38.15080906229305],[-85.62077393854463,38.15093725879972],[-85.62066422471311,38.151003154680794],[-85.62052580085019,38.15108632778634],[-85.62040950633853,38.1511549561073],[-85.6199664179083,38.15098450263209],[-85.6196638850609,38.15087021667913],[-85.6192331136286,38.15158437049968],[-85.6195060153466,38.151688239191984],[-85.61947109828596,38.151738252913354],[-85.61922295321502,38.15209421083195],[-85.61897822471815,38.15244536434587],[-85.61889031586054,38.15257354781809],[-85.61865192307187,38.152921149666625],[-85.61820889104773,38.15356720216503],[-85.61873717209794,38.15391065611063],[-85.61918997349196,38.15420863627429],[-85.61938128477037,38.15400666661356],[-85.62031504214467,38.15459486123041],[-85.6208866642902,38.15495585457947],[-85.62114708214501,38.15513855785574],[-85.62129606253978,38.1552555090388],[-85.62188791611658,38.155718259243784],[-85.6222736359593,38.15601706739009],[-85.62288016492168,38.15648742545646],[-85.62326704877243,38.156786856826194],[-85.62386155235855,38.15724575259173],[-85.62437540496134,38.15683208187619]]]},"properties":{"name":"HOLLOW CREEK","ballot_code":"HOC"}},{"type":"Feature","geometry":{"type":"Polygon","coordinates":[[[-85.75498434867403,38.0927232926532],[-85.75473245646303,38.0924960685511],[-85.75296317212792,38.090900484981255],[-85.75177874357412,38.08983222852309],[-85.74959249441521,38.08802479834475],[-85.74911207640437,38.087627592652524],[-85.7486251548633,38.087198072479104],[-85.74794445756785,38.08755444517969],[-85.74744091038268,38.08786489955297],[-85.74717669401844,38.088015870677],[-85.74677680770793,38.08824434482808],[-85.74653503751978,38.08839569983847],[-85.74596467700744,38.088760477708],[-85.74488940298882,38.08943136953648],[-85.74484687498465,38.089458918324866],[-85.74495150848041,38.08955369223917],[-85.74526127432394,38.0898419073488],[-85.74509171209856,38.08995599795981],[-85.74493364817829,38.09006263668651],[-85.74483806834274,38.09012686990358],[-85.74477540254995,38.09016908327894],[-85.74461666850364,38.090275913458335],[-85.74445866364347,38.09038240738469],[-85.74430090345658,38.09048861279031],[-85.74413657016203,38.09059919288869],[-85.74393287324308,38.0907365041654],[-85.7437700597384,38.0908461215626],[-85.74357037692913,38.09098059608532],[-85.74340531176804,38.09109170399757],[-85.74325132004036,38.091195455685295],[-85.7430912430727,38.09130324507337],[-85.74293195688134,38.091410506305984],[-85.74287281759986,38.09145021860903],[-85.74277461755905,38.09151646910646],[-85.74260924557713,38.09162786419154],[-85.74246936758612,38.09172204716331],[-85.74229267767923,38.09184127883177],[-85.742116048759,38.091960557989346],[-85.74189202236525,38.09211190454493],[-85.74173571300149,38.092217384883256],[-85.74158299463403,38.0923207019797],[-85.74142851091915,38.09242488370293],[-85.74122455990194,38.09256252630175],[-85.74086978117671,38.09224357339361],[-85.74079745127372,38.09217851325264],[-85.74064935557963,38.09227428096858],[-85.74106745836933,38.0926695932382],[-85.74085760348451,38.09281026389264],[-85.74066989670041,38.09293622358014],[-85.74044373354567,38.09308780684933],[-85.7404918523761,38.093134210153124],[-85.74033389720226,38.093239159594354],[-85.74018141786073,38.093340454843286],[-85.74001549077043,38.0934508370885],[-85.73986148953998,38.093553189558165],[-85.73970164672,38.09365924440256],[-85.74001098236366,38.093943001333436],[-85.7397372954998,38.094121505401645],[-85.73965271818753,38.09417640732157],[-85.73922058291285,38.094463175888514],[-85.73904607294637,38.09457908445973],[-85.73879167032436,38.094332690000755],[-85.73809149691512,38.094783579924886],[-85.73738985416264,38.09523624495677],[-85.73744308434763,38.09527812973746],[-85.73677354763635,38.095788203101634],[-85.73741213572822,38.09622894184453],[-85.73766886288733,38.09640615028452],[-85.73785441318644,38.096534210654774],[-85.73805176655806,38.096670494394104],[-85.7385249839247,38.09641570872316],[-85.73869146398384,38.096326147968384],[-85.73874239278818,38.09629985282184],[-85.7390956128695,38.096118521291146],[-85.73931551522872,38.09600579010501],[-85.73954569927281,38.09588757776955],[-85.73977369339686,38.09577051896585],[-85.73995173035068,38.095679130205184],[-85.74013980738468,38.09558259823769],[-85.74031285510921,38.09549375742422],[-85.74049156002698,38.0954019363224],[-85.74066655319713,38.0953120851291],[-85.7408476310747,38.095219157251236],[-85.74101945860599,38.095137335846694],[-85.74120570689422,38.095046331431675],[-85.74128521813479,38.09512052698823],[-85.74151110033954,38.095329265942404],[-85.7421351572086,38.09590619402386],[-85.74342770246943,38.09721750830891],[-85.74356856138685,38.09714568253698],[-85.74420414935416,38.097721061164215],[-85.7455867799218,38.09654528265376],[-85.74604319873592,38.097043570024894],[-85.74742736939037,38.09584579638649],[-85.74792736031753,38.0963089297266],[-85.74905032459321,38.09734986402723],[-85.74949789315981,38.09705368401227],[-85.75066669047546,38.09629091532946],[-85.7512171921391,38.09593159634988],[-85.75094297124588,38.09568984414522],[-85.75124559660817,38.095433565289476],[-85.75124863847095,38.09543640248773],[-85.75184792323077,38.09500120724888],[-85.75245480631953,38.09456043071032],[-85.75307336316509,38.09411118856413],[-85.75487435558075,38.09280320916534],[-85.75498434867403,38.0927232926532]]]},"properties":{"name":"HOLLYVILLA","ballot_code":"HOV"}},{"type":"Feature","geometry":{"type":"Polygon","coordinates":[[[-85.61498119097197,38.218203816508115],[-85.61515687458703,38.21821141204259],[-85.61526088203608,38.21821590835666],[-85.61554034577728,38.21822808397613],[-85.61552715846929,38.218402794357196],[-85.61551025701829,38.218626397766336],[-85.61549381176792,38.218842776827294],[-85.6154809106152,38.21901326106537],[-85.61546562456897,38.219215146669285],[-85.61546209976042,38.2192622965423],[-85.61663318707775,38.21933209252083],[-85.61663838995388,38.219284925586194],[-85.61667509476511,38.21890276796902],[-85.61669560657889,38.218688988117904],[-85.61671762467996,38.218460020551376],[-85.6167378512912,38.21824909280637],[-85.61675896306178,38.218029210433414],[-85.61676809879329,38.21793411016766],[-85.61678015516412,38.217808410949814],[-85.61680325512253,38.21756757969843],[-85.61681250087454,38.21739960303215],[-85.61683062505394,38.21719531747447],[-85.61684122559964,38.21707631707763],[-85.61684584771258,38.217023653552545],[-85.6168617391431,38.216839560632124],[-85.61687365571701,38.216698146542356],[-85.61688444595723,38.21654046962299],[-85.61691136971578,38.216251603901654],[-85.6169340174368,38.215983733987],[-85.61694853189039,38.215812529592945],[-85.61695783426903,38.215702650875876],[-85.61697962306422,38.21544416622468],[-85.61700217805542,38.21517741333363],[-85.61701227662141,38.215057830266836],[-85.61698124291057,38.215009624243905],[-85.61690277113067,38.21488805401724],[-85.61681249511156,38.21474821143476],[-85.61666663325634,38.214522131283964],[-85.61663978693186,38.2144805691144],[-85.616468164309,38.214200637646044],[-85.61632609091694,38.213989230872755],[-85.6162389054213,38.213858537933255],[-85.61603569207603,38.2135539159728],[-85.61608461345443,38.21302867283268],[-85.61612840281703,38.21255842969458],[-85.61621655965482,38.21161182356664],[-85.61623201426792,38.21144588808052],[-85.61634324360669,38.21025154399329],[-85.61597971127593,38.21022416483513],[-85.61562203163368,38.21021354742442],[-85.6152890769485,38.21019569168338],[-85.61495796175674,38.2101779713494],[-85.61463366549576,38.210160567825874],[-85.61429455473707,38.21014243465095],[-85.61393165876308,38.210122991965136],[-85.6138737812671,38.21097154591894],[-85.61366509117737,38.210962778786296],[-85.61324120506174,38.210944994434236],[-85.61294136785732,38.210932360858344],[-85.61267400039652,38.21092110216395],[-85.61232283435199,38.21090636852147],[-85.61210425771633,38.21089717538314],[-85.61187235036232,38.210888109527545],[-85.61184293398212,38.21124651739254],[-85.61182834741906,38.21141196501469],[-85.61176633817931,38.21211522360131],[-85.61170414111558,38.212820574751206],[-85.6116898118278,38.2129830773221],[-85.61165693156946,38.2133559639477],[-85.61163671675801,38.2135851807844],[-85.61161942805951,38.21378128054714],[-85.61160122340391,38.21398772053386],[-85.61158264179734,38.21419841533588],[-85.6115641288689,38.214408360598206],[-85.61154641161905,38.21460928178392],[-85.61152842242502,38.21481327133347],[-85.61151000952287,38.215022085955134],[-85.6114930247308,38.21521471545205],[-85.61147376341036,38.215433100029294],[-85.61145686476546,38.21562475655567],[-85.61143821459756,38.215836248517356],[-85.6114199296077,38.21604357211605],[-85.61140175651434,38.21624963718013],[-85.61138338956367,38.21645792558977],[-85.61136595142148,38.21665565123342],[-85.61134713962284,38.216869008835005],[-85.61132563922115,38.21713887913054],[-85.61161783085525,38.2175511947823],[-85.61172882254152,38.2176981155123],[-85.61198044477533,38.21805160369618],[-85.61217199300907,38.21795890132158],[-85.61235063105897,38.217872546240365],[-85.61239763298468,38.21784976952487],[-85.61271214799586,38.21769762921326],[-85.61302806097895,38.21770921428513],[-85.61330281780036,38.2177193157191],[-85.61360457107475,38.21773037384061],[-85.61359997803947,38.217877022521975],[-85.61359341198495,38.21808941336931],[-85.61358684462796,38.218299404928096],[-85.6139657883086,38.21830717158922],[-85.61403304588413,38.21830852828971],[-85.614241100444,38.21831777151451],[-85.61469546682456,38.218334606815056],[-85.6147109038992,38.218192036577854],[-85.61498119097197,38.218203816508115]]]},"properties":{"name":"HOUSTON ACRES","ballot_code":"HOA"}},{"type":"Feature","geometry":{"type":"Polygon","coordinates":[[[-85.57732804150604,38.24117793187641],[-85.57733121392559,38.2414890619468],[-85.57733187861751,38.24164739067769],[-85.57727680485516,38.24189165193716],[-85.57726032411198,38.2423680048746],[-85.57724945016089,38.24289686854106],[-85.57724795485126,38.24301461386755],[-85.57726348096725,38.243256622964935],[-85.57726450579442,38.24341721175333],[-85.57726507737306,38.24369352740521],[-85.57724963549843,38.243804954629134],[-85.57724318623345,38.24385134199701],[-85.57722687725617,38.243968585451405],[-85.57721391099369,38.24481717694753],[-85.5772094963259,38.24508737939996],[-85.57719491971284,38.246154540350126],[-85.57726796420309,38.24625585546783],[-85.57760886459592,38.24631952881787],[-85.57778155391428,38.24638444848924],[-85.57817039041524,38.24641530402254],[-85.57931282682726,38.24650595333333],[-85.58080470078905,38.24663521857662],[-85.58154667503867,38.24668753003339],[-85.58275611619929,38.24678098216663],[-85.5851332345451,38.24694452025671],[-85.5863390496433,38.247027448932286],[-85.58728542756874,38.247092507724275],[-85.58768870061301,38.247132872257076],[-85.5888635743416,38.24723207976758],[-85.58905790475569,38.2472484506815],[-85.58962181369816,38.247296094111746],[-85.59032116983094,38.247355168882684],[-85.59393462003861,38.24763933298849],[-85.5943468233905,38.247669493136144],[-85.59469563785103,38.24769062574866],[-85.59559557383943,38.24775579764573],[-85.59580765034468,38.247771315701286],[-85.59858569219205,38.24802554346295],[-85.59919452502585,38.24808435350079],[-85.59956752233941,38.2481177141653],[-85.60006091029244,38.24816257383756],[-85.60055374951004,38.248207335256744],[-85.60073784351155,38.248222760478384],[-85.60237329604387,38.24835958019714],[-85.60271058851869,38.24838293440522],[-85.60309626564764,38.24841928099593],[-85.60449325353392,38.248536638758594],[-85.60496202790533,38.248575678875376],[-85.60494933223545,38.24864427316127],[-85.60520530389023,38.24866338604827],[-85.60543798832151,38.24868078694446],[-85.60597547234994,38.24872086738072],[-85.60579953547727,38.24852419897227],[-85.60550454128118,38.24819679993612],[-85.60546730894872,38.2481555499946],[-85.60529952399504,38.247969371624436],[-85.60511336561541,38.24776341066919],[-85.60496792656974,38.247593029557855],[-85.6047316130242,38.24731613611907],[-85.60462127238583,38.24718671381786],[-85.60441154996572,38.24693692170256],[-85.60480795515232,38.24672354973587],[-85.60510640301915,38.24656241490494],[-85.60537085403502,38.24641970113842],[-85.60559917367112,38.246296414235275],[-85.60601150450927,38.24607252812128],[-85.60606216812644,38.24604119400909],[-85.6060097984348,38.24597872260902],[-85.60572748690205,38.245654656647275],[-85.60553703046614,38.24543604510262],[-85.60541865650899,38.245300219553336],[-85.60520946611132,38.245060093063714],[-85.60503774710541,38.24486309150709],[-85.60483859677501,38.24463441972413],[-85.60464777956744,38.24441547017783],[-85.60431153073324,38.244027292347624],[-85.60403319202003,38.243705823605836],[-85.60393946086502,38.24359757556887],[-85.60366927519705,38.24328592474944],[-85.60347250612381,38.24305898424507],[-85.60324751667736,38.2427993143392],[-85.60299996339272,38.242513797122015],[-85.60244718561643,38.24185407694288],[-85.60225892490293,38.24161387557456],[-85.6023199646656,38.241485049470704],[-85.602394405715,38.24136061511611],[-85.60247155221933,38.241255271846306],[-85.60249645205064,38.2412110215495],[-85.60248270928494,38.241163741797315],[-85.60240010991272,38.241069930722375],[-85.60259308649161,38.240902901528926],[-85.60266012341543,38.24097447989789],[-85.60272124475529,38.24098638290775],[-85.6027793200592,38.24096712775895],[-85.60316447077564,38.24066725018276],[-85.60290943820668,38.24037532919099],[-85.60269546460921,38.24013038351861],[-85.60248958097378,38.239894776081464],[-85.6022464150906,38.239616329650175],[-85.60212489304449,38.23947727479409],[-85.60186713216807,38.23918227035295],[-85.60180010820024,38.23910545061772],[-85.60168802413511,38.23897289763971],[-85.60152102384711,38.23877527216018],[-85.60143700523552,38.238661553614925],[-85.60135104198272,38.2385453323939],[-85.6011528536335,38.238277037175756],[-85.60102099151165,38.23809878348293],[-85.60094379650458,38.23801771951264],[-85.60071197121017,38.23777409452239],[-85.60051517049656,38.23754522512416],[-85.60031424720167,38.23733548660327],[-85.60010152251034,38.23711352023412],[-85.59985388479211,38.23685506524386],[-85.5997246217403,38.236720276649855],[-85.59953744953154,38.23652497862748],[-85.59949237603449,38.23647785052092],[-85.59935462404016,38.23623179446041],[-85.59921383801618,38.23598010784395],[-85.59906539890936,38.235714853593436],[-85.59891563509268,38.23544272219801],[-85.59881876764847,38.23526686569342],[-85.59874903114408,38.23517869394635],[-85.59854326401319,38.23492875141917],[-85.59835130121694,38.23469555708931],[-85.59815532630759,38.23445764614713],[-85.59793563977478,38.234190760053096],[-85.59773164056055,38.23394307792583],[-85.5976988067884,38.23390312930826],[-85.59747626871207,38.23371965791985],[-85.59721241220575,38.233501947506404],[-85.59695293910752,38.23328799196851],[-85.59705078499977,38.23295987595501],[-85.59707521656344,38.232877882934325],[-85.59707660525298,38.23259046209796],[-85.59707684943236,38.23253175653853],[-85.59718486354681,38.23247299831981],[-85.59765719113449,38.23221584990788],[-85.59782927896097,38.23212221980275],[-85.59823435461935,38.23190166708333],[-85.59800813534004,38.23164294698688],[-85.5978272227729,38.23143606580598],[-85.5976024661445,38.23117898112612],[-85.59743073814707,38.23098254430058],[-85.59718952501626,38.23090266077038],[-85.59665410620829,38.23072546648442],[-85.59654635286539,38.230689746807336],[-85.59664135617926,38.23049663665856],[-85.59677369834503,38.23022741540102],[-85.59664168979216,38.23007333988162],[-85.59678273932262,38.23010097590881],[-85.59608027937327,38.2292992421121],[-85.59524893364075,38.229042467536615],[-85.5926132552375,38.22822624405655],[-85.58955502786165,38.2272849579329],[-85.58846819031308,38.22693057010396],[-85.58786935377003,38.226734017191674],[-85.58716802699468,38.226470776730196],[-85.58652117462492,38.22621640620015],[-85.58629286209218,38.22613079610662],[-85.58554909041565,38.22590989387831],[-85.58511441180829,38.22579360759487],[-85.58474261034566,38.22568731277237],[-85.58329815040383,38.22528718198321],[-85.5832180512292,38.225264904434184],[-85.58264438944745,38.22510600637691],[-85.58202175730119,38.22493357377542],[-85.58144103563521,38.2247726407722],[-85.58121702426357,38.22475583010432],[-85.58034328771487,38.224690008077474],[-85.57993145706874,38.22471485190643],[-85.57947232453358,38.22474255786865],[-85.57870175807302,38.2247890921689],[-85.5784478904694,38.225370542654055],[-85.57839728424348,38.225535095476936],[-85.57817132460389,38.226222122110336],[-85.57796862590352,38.226838455348606],[-85.57790138775238,38.227025052849754],[-85.57787620197757,38.22710867622547],[-85.57785712976278,38.22728866039742],[-85.5778306775796,38.22757527563893],[-85.57778752404427,38.22804418669841],[-85.57778981474983,38.228106886375784],[-85.5777615273246,38.22839609544653],[-85.57772930347627,38.2287259259572],[-85.57775780294601,38.228945646065334],[-85.57764390606587,38.23005488103463],[-85.57758240358699,38.23067992909793],[-85.57752535474151,38.23125036437001],[-85.57751189178342,38.23135112117672],[-85.57750619411708,38.23177969873834],[-85.57749156527268,38.2322994227459],[-85.57748969798082,38.23244601674254],[-85.57746139403487,38.2328190285097],[-85.57744126176743,38.23313829886035],[-85.57742043992398,38.2333092416454],[-85.57737498110323,38.23361496414794],[-85.57734996020785,38.2337834005981],[-85.5773486063967,38.23389258818187],[-85.57734505549723,38.23418510238248],[-85.57734163987531,38.23447203889299],[-85.57733907331009,38.23476027580841],[-85.5773363750452,38.23505303083836],[-85.57733403982859,38.23532102610766],[-85.57733232386988,38.23550666072846],[-85.57732997038114,38.235756624965774],[-85.57732443638544,38.23616645139332],[-85.57731032555985,38.23789394643622],[-85.57730684247413,38.23823530968333],[-85.57731223954212,38.23853346129413],[-85.57731635146165,38.23883310209647],[-85.57731292386015,38.23915080967435],[-85.57731886074397,38.23924471840771],[-85.57733215064295,38.239426384362034],[-85.57732328441593,38.239645712420646],[-85.57731728520126,38.239838359959535],[-85.57730648836277,38.240283084199476],[-85.57733821055199,38.2405333383864],[-85.57732446751784,38.24083054919863],[-85.57732804150604,38.24117793187641]]]},"properties":{"name":"HURSTBOURNE","ballot_code":"HUB"}},{"type":"Feature","geometry":{"type":"Polygon","coordinates":[[[-85.59101658483372,38.21590788050303],[-85.59039618504633,38.216250771377005],[-85.5890616971634,38.21699300562174],[-85.58821113333708,38.21729157734499],[-85.58722211569152,38.21769322947038],[-85.58709881407738,38.217782200530735],[-85.58669168763375,38.21795770977946],[-85.58637978129995,38.21809368248737],[-85.58606119798178,38.218244357008736],[-85.58563184958916,38.218435265361535],[-85.5851710769075,38.218669255857925],[-85.58489347153959,38.218807580696705],[-85.58494251339434,38.21887024922862],[-85.58462041571944,38.21903606109854],[-85.5845694671198,38.21906272244909],[-85.58427109628802,38.21921914242678],[-85.58264236335839,38.220072485845485],[-85.58214402716314,38.22033357637076],[-85.58205363261075,38.22044590763234],[-85.58203407888843,38.22060190026762],[-85.58224929677326,38.22086121374264],[-85.58269396055216,38.221396832886604],[-85.58287229573872,38.2216087336976],[-85.58343137101988,38.22227673192886],[-85.58393246927226,38.22287536171665],[-85.5847079579274,38.22380175153723],[-85.5847488637625,38.223851956442225],[-85.58513178866207,38.22432108030345],[-85.58608271809584,38.225112118780245],[-85.58638870833902,38.225238463996845],[-85.5887587831299,38.22399091214164],[-85.5890243969569,38.22385116830176],[-85.58907327517775,38.22382464640345],[-85.58949266792762,38.22359794126101],[-85.58954453386278,38.22357022133196],[-85.59052803381464,38.22304531330232],[-85.59138306749078,38.22259364367445],[-85.59132111310826,38.22252365193178],[-85.59156877983102,38.22239267709538],[-85.5917959451631,38.22227244356849],[-85.59203207806362,38.22214760592835],[-85.59226400032351,38.22202497497201],[-85.592521549319,38.221888721731744],[-85.59276671005692,38.22175908707752],[-85.59302163318341,38.221624223946414],[-85.59382263306134,38.22120309228339],[-85.59415602539731,38.22102236566517],[-85.59422230001401,38.22109635201929],[-85.59509322126748,38.22063265561873],[-85.59545155516501,38.220441958160386],[-85.5956756538085,38.2203252232936],[-85.5967618792461,38.221440557734624],[-85.59657035296955,38.2215441151981],[-85.59626869199701,38.22170733991159],[-85.5964598437963,38.221929959219025],[-85.59658223241881,38.22207257966312],[-85.59677879785482,38.22230150410427],[-85.59708222062515,38.222141308539264],[-85.59734128572478,38.22200451881487],[-85.5975602020806,38.22188897562691],[-85.59765349263066,38.22183904443916],[-85.59775849862706,38.22178292600462],[-85.59794361553311,38.22168387853428],[-85.59816277701772,38.22156650737919],[-85.59824105815935,38.22152468227214],[-85.59836808837866,38.221456715009374],[-85.59852891926025,38.221371338278324],[-85.59877034704131,38.221243273000916],[-85.59881781520369,38.22121789939921],[-85.59896985858072,38.22113727063812],[-85.59909115142256,38.221072949587196],[-85.59917290774845,38.22102954169088],[-85.59937315067678,38.22092329901769],[-85.5995720507237,38.22081724710228],[-85.59968040925206,38.22075939955558],[-85.59977668613746,38.22070812443269],[-85.60002622610784,38.2205750178603],[-85.6002035250474,38.22048115008649],[-85.60046825714225,38.22033854220125],[-85.60054867193212,38.220295275806215],[-85.60067045105171,38.22022970409843],[-85.60084817916481,38.220134007832414],[-85.60107453320023,38.22001207331391],[-85.60113310473582,38.21998060600387],[-85.60127934910794,38.21990184276759],[-85.60144359143888,38.2198135814399],[-85.60167604194653,38.21968939289311],[-85.60179367005584,38.2196266519594],[-85.60187798681085,38.21958165788502],[-85.60207840597445,38.219474737798635],[-85.6022768719452,38.21936882491465],[-85.60247070528685,38.219262905016784],[-85.60266819868224,38.21915506669462],[-85.60286953539972,38.21904502184851],[-85.60293841664405,38.21900731645489],[-85.60324240440384,38.218825132903206],[-85.60335503490238,38.218761662530554],[-85.60215188586788,38.21869544931998],[-85.60160995458884,38.21867289345551],[-85.60063204204427,38.21864444986097],[-85.60000538408583,38.218599999654494],[-85.59894490425428,38.218506865086894],[-85.59816564036028,38.21843490094645],[-85.59658245837518,38.21804561989403],[-85.59617694228325,38.21789835184913],[-85.59496962429792,38.217477131315725],[-85.59354008839583,38.216871841567524],[-85.59236663741171,38.21638803807268],[-85.59133091259457,38.21577136989138],[-85.59101658483372,38.21590788050303]]]},"properties":{"name":"HURSTBOURNE ACRES","ballot_code":"HBA"}},{"type":"Feature","geometry":{"type":"Polygon","coordinates":[[[-85.65437968558568,38.286470833244756],[-85.65455863664947,38.28634861617774],[-85.65516106820687,38.285879317617514],[-85.6553073707582,38.285765053849026],[-85.65563130385154,38.28550856906005],[-85.65597984133912,38.28523229374153],[-85.65621028484469,38.28504982350472],[-85.65629888408904,38.284979601607375],[-85.65643596520118,38.28487100329618],[-85.65657286320578,38.28476225962579],[-85.65666689519509,38.28468800277931],[-85.65681814159284,38.284568067727555],[-85.65690429770292,38.284499093962786],[-85.65712478743676,38.284322190959145],[-85.65731553846578,38.28416920788883],[-85.65739418428271,38.284106285863984],[-85.65752704988442,38.283999653343024],[-85.65756918116125,38.283965838475496],[-85.65763353794317,38.2839143958404],[-85.65774222386808,38.28382726417603],[-85.65780041369575,38.283780432206505],[-85.65788229206963,38.28371679070764],[-85.6581309174507,38.283523272549544],[-85.65836415542739,38.28334156961616],[-85.65846679196626,38.28326174109366],[-85.65860038399721,38.28315765579102],[-85.65874502667549,38.28304502163345],[-85.6588346572051,38.282975279702754],[-85.65896177585144,38.28287628567172],[-85.65906825426154,38.282796171268096],[-85.65921289082455,38.28268733492722],[-85.65930514664998,38.28261519001198],[-85.65957196132672,38.28240581607699],[-85.65962684987481,38.282362923226565],[-85.65970633905867,38.28230533660466],[-85.65957886827412,38.28214566399379],[-85.65909524088997,38.281541032854534],[-85.6589316145205,38.281322915043184],[-85.65886048519359,38.28123141387845],[-85.65876079393445,38.28110301297145],[-85.65853833214294,38.28081681668154],[-85.6583285991712,38.28054712169931],[-85.65828944169226,38.28049680032956],[-85.65785401285021,38.280093989701946],[-85.65762621734834,38.279883609644315],[-85.65708653078185,38.27983948312234],[-85.656893503356,38.2798227440778],[-85.6564753688597,38.27978673956909],[-85.65600309075606,38.27992733455924],[-85.65566846722079,38.28002678470372],[-85.6556388707631,38.27984795398912],[-85.65557273955628,38.27952485554732],[-85.6555623746431,38.27947450846944],[-85.65541261159927,38.279206490349786],[-85.65525481688485,38.27892433057574],[-85.65510248759917,38.27866183909989],[-85.65525241764763,38.278561521190426],[-85.65530278077217,38.27852761816393],[-85.65556251536451,38.278366855453584],[-85.65583201495718,38.278200090591945],[-85.65614998596685,38.27804725800974],[-85.65665805760949,38.27780856081359],[-85.65682246325518,38.27759305400411],[-85.65711400315426,38.27721085999596],[-85.65718639938004,38.2771159592266],[-85.6574298540878,38.27679815280563],[-85.65743821113013,38.276797245775434],[-85.65744516308594,38.27679850173109],[-85.65745205326421,38.276799805388436],[-85.65745900528171,38.27680101269192],[-85.65746589582417,38.27680202714334],[-85.65747443373833,38.27680270682713],[-85.6574829727404,38.27680252159792],[-85.65749133020628,38.27680127760855],[-85.65749968851703,38.27679936150959],[-85.65750639981862,38.27679749187371],[-85.65751292975911,38.27679533289039],[-85.65751957964474,38.27679322265178],[-85.6575261699769,38.27679120876805],[-85.65753282064232,38.27678938683372],[-85.65754117864942,38.276787710384625],[-85.65754965683874,38.27678680344117],[-85.65755819680058,38.27678676235951],[-85.65756679546968,38.27678729793185],[-85.65757368631351,38.276788072724244],[-85.65758063863409,38.276789039466856],[-85.65758759083374,38.27679010261074],[-85.65759454176963,38.27679126215501],[-85.6576014940908,38.2767922288964],[-85.65760838487542,38.276793051437124],[-85.65761533774003,38.27679358572152],[-85.6576228405348,38.27679306271785],[-85.65763046514313,38.27679201095034],[-85.65763747960857,38.27679172811871],[-85.6576441247787,38.276794281193055],[-85.65764918055672,38.27679923766612],[-85.65765265128535,38.27680404875035],[-85.6576556333245,38.27680938741071],[-85.65765830996219,38.27681491863631],[-85.65766080385393,38.276820353317554],[-85.65766317575428,38.27682554825054],[-85.65766554704851,38.27683213695458],[-85.6576670032288,38.27683752307589],[-85.65766846055222,38.276842909197995],[-85.657669857301,38.27684829527289],[-85.65767131348305,38.27685368049316],[-85.65767283138194,38.27685906666247],[-85.65767422807032,38.27686450138862],[-85.65767544062864,38.27687003147197],[-85.65767659261225,38.276875561508035],[-85.65767780523197,38.27688104294001],[-85.65767920192225,38.27688647676507],[-85.65768138914837,38.27689311397651],[-85.65768424763314,38.276899462505966],[-85.65768802196096,38.27690552344509],[-85.65769228341517,38.27691139286128],[-85.65769685129536,38.276917165213504],[-85.65770074864454,38.27692173607478],[-85.65770470777314,38.27692625833274],[-85.65770891040465,38.27693073302998],[-85.65771323544924,38.27693511232164],[-85.65771762113027,38.27693944300903],[-85.65772219094333,38.27694367743804],[-85.65772682018891,38.276947911913155],[-85.65773157305152,38.27695200233222],[-85.65773632483163,38.27695604499984],[-85.65774113845211,38.27695999041277],[-85.65774729271817,38.27696485133568],[-85.65775350768094,38.27696961590375],[-85.65775984505704,38.27697428506602],[-85.65776502471599,38.27697799111011],[-85.65777026615316,38.27698164945167],[-85.65777556714377,38.276985211437626],[-85.6577809309358,38.27698882122264],[-85.65778635440097,38.2769922391513],[-85.65779183952465,38.276995704878175],[-85.6577974470614,38.276999075199285],[-85.6578029929417,38.277002396820755],[-85.65780866129606,38.27700557438511],[-85.6578143295301,38.27700884835092],[-85.65782005852024,38.27701197821155],[-85.65782725069349,38.27701582997205],[-85.65783456534093,38.27701953767528],[-85.65784194074467,38.27702310127316],[-85.6578494992574,38.27702647311048],[-85.6578571196095,38.27702974859369],[-85.65786480071891,38.277032879070525],[-85.65787101852484,38.27703538404895],[-85.65787735874368,38.277037793621474],[-85.65788363838905,38.27704020224561],[-85.65788991803484,38.277042610869394],[-85.65789619653808,38.27704501949195],[-85.65790253675857,38.27704742906315],[-85.65790875468768,38.27704983763791],[-85.65791503421444,38.277052342662024],[-85.65792119144871,38.2770548475907],[-85.65792734856272,38.277057448920736],[-85.65793344389951,38.27706009795281],[-85.65794100344365,38.2770635652859],[-85.65794850018736,38.2770669848192],[-85.65795599795412,38.27707050075463],[-85.6579634957227,38.27707401578866],[-85.65797093285613,38.27707757942643],[-85.65797836884735,38.27708114306283],[-85.65798580598222,38.27708470669967],[-85.6579917181544,38.27708759614032],[-85.65799769210479,38.27709043787827],[-85.65800360536115,38.27709337506958],[-85.65800957810985,38.27709626455641],[-85.65801542970891,38.2770991539488],[-85.65802134296669,38.277102091139184],[-85.65802725514172,38.27710498057806],[-85.65803316846014,38.27710787001752],[-85.65803908063604,38.27711075945578],[-85.6580449938957,38.27711369664503],[-85.65805090601292,38.27711663383305],[-85.6580568181903,38.27711952327045],[-85.65806273151104,38.2771224127084],[-85.65806870540732,38.2771253021931],[-85.6580779095157,38.27712978076066],[-85.65808376093999,38.27713281430169],[-85.65808967299945,38.27713580013909],[-85.6580955863228,38.27713868957542],[-85.65810174308984,38.277141579200396],[-85.65810777762508,38.2771444200788],[-85.65811387267509,38.27714730965526],[-85.65811990715048,38.27715019918437],[-85.65812588093085,38.277153185067824],[-85.65813173241972,38.277156169955155],[-85.65813886398752,38.27716007030089],[-85.65814575073023,38.27716416235883],[-85.65815233315493,38.27716849473423],[-85.65815854840184,38.277173066477395],[-85.658164397372,38.277178071293555],[-85.65816884481211,38.277182402011825],[-85.65817304742576,38.277186925343536],[-85.6581770062378,38.277191735889446],[-85.6581806586256,38.27719664259933],[-85.65818394623919,38.27720169407928],[-85.65818686805811,38.27720679212494],[-85.65818942287639,38.27721198718863],[-85.65819191562113,38.277218383171935],[-85.65819343230525,38.277224779299246],[-85.65819324121665,38.27723136600479],[-85.65819152522322,38.27723814343035],[-85.65818968855538,38.27724362339266],[-85.65818760724115,38.27724915091567],[-85.65818577051319,38.27725467862822],[-85.65818448353318,38.277260206767146],[-85.65818398866165,38.27726568776997],[-85.65818440789295,38.27727136138433],[-85.65818519394459,38.27727708303357],[-85.65818591948087,38.27728275688546],[-85.6581861544034,38.27728958447522],[-85.65818474422885,38.277295834180386],[-85.65817967481485,38.2773008305273],[-85.65817332766176,38.2773039501028],[-85.65816679799828,38.277306782132904],[-85.65816063437174,38.27730937389269],[-85.65815416708683,38.277311676211305],[-85.65814757654411,38.27731383518264],[-85.65814116989324,38.27731608979714],[-85.65813354127323,38.27731940117968],[-85.65812700986626,38.277323626977626],[-85.6581206607262,38.27732833402457],[-85.65811565434495,38.27733227270108],[-85.6581107096217,38.277336259175584],[-85.65810582414903,38.27734039074905],[-85.65810118416695,38.27734471351452],[-85.65809678648422,38.27734903736885],[-85.65809263428987,38.277353554217115],[-85.65808884663096,38.27735811819769],[-85.65808463097602,38.27736402876775],[-85.6580810859791,38.27737013266191],[-85.65807839445054,38.277376476871574],[-85.65807625122724,38.277383062060885],[-85.65807465642973,38.27738979182818],[-85.65807355236751,38.277395272357296],[-85.65807262997131,38.277400800777905],[-85.65807176929319,38.27740632924641],[-85.65807084797997,38.27741190541816],[-85.65806986500804,38.27741743379167],[-85.65806857693325,38.27742291417783],[-85.65806716782923,38.27742829716727],[-85.65806484167372,38.277434930865596],[-85.658062088243,38.27744141917891],[-85.65805903091157,38.27744781175532],[-85.65805579071178,38.277454203288634],[-85.65805310079958,38.27745925012933],[-85.65805028859448,38.27746429597402],[-85.658047476389,38.27746934181861],[-85.65804454309213,38.27747433981871],[-85.65804173088476,38.277479386564096],[-85.6580388581625,38.27748438461108],[-85.65803604595547,38.27748943045535],[-85.65803323374807,38.27749447629959],[-85.65803054377311,38.27749957089005],[-85.65802736420366,38.277505914719214],[-85.65802442795761,38.2775123551391],[-85.65802228749166,38.27751764205887],[-85.65802063379388,38.277523025758484],[-85.65801928513818,38.27752850609688],[-85.65801811929171,38.27753403432768],[-85.65801701396073,38.277539610355895],[-85.65801578753849,38.277545138539594],[-85.65801443888202,38.277550618877875],[-85.65801235616362,38.27755725186311],[-85.65800960404688,38.277563596023825],[-85.65800593692057,38.277569555668315],[-85.65800135592971,38.27757512899548],[-85.65799598216311,38.27758036565161],[-85.65799005900674,38.277585312675235],[-85.65798499214506,38.27758915579813],[-85.65797974133149,38.27759295012647],[-85.65797436948701,38.27759664795872],[-85.65796899758229,38.27760039354104],[-85.65796368625134,38.277604140071205],[-85.65795526169106,38.27761052757101],[-85.65795068249759,38.27761465937588],[-85.65794610210202,38.27761883802912],[-85.65794158348298,38.27762296988072],[-85.65793700422823,38.27762714943542],[-85.65793254612504,38.277631328183205],[-85.65792796686921,38.27763550773749],[-85.65792338653084,38.2776396386395],[-85.65791886784947,38.27764381824055],[-85.65791434916758,38.27764799784145],[-85.6579097699706,38.27765212874377],[-85.65790519071217,38.27765630829719],[-85.6579006103701,38.277660440099204],[-85.65789493148758,38.277665627861914],[-85.65788913157286,38.27767072002935],[-85.65788333045457,38.277675859945965],[-85.65787752933545,38.277680999862305],[-85.65787166776073,38.277686043329524],[-85.65786690580906,38.27769007858711],[-85.65786208225916,38.2776940173948],[-85.65785713641473,38.2776979561071],[-85.65785219183343,38.27770179841841],[-85.65784724604778,38.277705689379935],[-85.65784223974697,38.27770953164279],[-85.65783717292999,38.27771332610791],[-85.65783216662814,38.27771716837027],[-85.6578271603258,38.27772101063249],[-85.6578222145375,38.27772490159291],[-85.65781733040735,38.277728840351585],[-85.65781128613571,38.27773373952136],[-85.65780530231802,38.27773873513965],[-85.65779956296686,38.27774382734978],[-85.65779394452551,38.27774911155636],[-85.65778851009601,38.27775439590596],[-85.65778325721178,38.27775982454889],[-85.65777812758195,38.27776539834071],[-85.65777311910367,38.277770971325744],[-85.657768231655,38.2777766408066],[-85.65776438337743,38.277781205629985],[-85.65776053503951,38.27778581820361],[-85.65775674841966,38.27779043082513],[-85.65775296059653,38.27779509119607],[-85.65774923449032,38.27779975251592],[-85.65774544678713,38.27780431648491],[-85.65774172062017,38.277809025554845],[-85.657737932855,38.27781363817491],[-85.65773414623231,38.277818250795725],[-85.65773029789055,38.277822863368286],[-85.65772644954833,38.27782747594071],[-85.65772260132543,38.27783199301232],[-85.65771875298222,38.277836605584525],[-85.65771496521421,38.27784121820383],[-85.65771117750678,38.277845782171674],[-85.657707329161,38.27785039564442],[-85.65770354253449,38.27785500826422],[-85.65769975470467,38.27785966863336],[-85.6576959064185,38.27786423345441],[-85.65769218036628,38.277868846121],[-85.65768839259493,38.277873458739414],[-85.6576846060271,38.277878022707256],[-85.65768075767801,38.2778826361791],[-85.65767593187347,38.27788835345443],[-85.6576711060682,38.27789407072958],[-85.65766621974525,38.277899741107845],[-85.65766133227977,38.27790541058407],[-85.65765632372317,38.277911031314254],[-85.65765241491587,38.277915548336225],[-85.65764832323916,38.277920064314465],[-85.65764429219757,38.277924532589445],[-85.65764026001258,38.27792900086341],[-85.65763616839428,38.27793346909084],[-85.65763207683544,38.27793788956777],[-85.65762792355858,38.27794230909546],[-85.65762377028007,38.27794672952396],[-85.65761961700221,38.27795114905135],[-85.65761534148827,38.27795552163372],[-85.65761002920514,38.27796090157097],[-85.65760465514037,38.277966331012074],[-85.65759915890251,38.27797166305488],[-85.65759476127391,38.27797589048805],[-85.65759036472659,38.27798016657329],[-85.65758596817989,38.27798444175744],[-85.65758144939817,38.277988669095585],[-85.65757699119061,38.27799289738178],[-85.6575724118932,38.27799707602097],[-85.65756783151123,38.27800120780967],[-85.65756313003827,38.27800529085229],[-85.65755836798901,38.27800937384744],[-85.65755232367711,38.27801427300362],[-85.65754615718987,38.278019076563226],[-85.65753980801377,38.27802373492671],[-85.65753327614769,38.27802824899504],[-85.65752662216633,38.27803261971642],[-85.65751978543612,38.27803689299196],[-85.65751288830938,38.27804102296872],[-85.65750727230329,38.278044335882555],[-85.65750165762091,38.278047504645],[-85.65749585886462,38.27805072101373],[-85.6574902430383,38.27805388977473],[-85.65748450605868,38.27805705934176],[-85.6574787690797,38.278060228007504],[-85.65747309267607,38.27806339672036],[-85.65746735455318,38.2780665653847],[-85.65746167808848,38.27806978184733],[-85.6574552088391,38.27807357519953],[-85.65745032358325,38.27807746619136],[-85.65744537895526,38.27808130848527],[-85.6574403724866,38.27808524713236],[-85.65743536613874,38.2780890893776],[-85.65743035985042,38.2780928838722],[-85.65742529286442,38.27809677472095],[-85.6574202865762,38.27810056831417],[-85.65741528016501,38.2781044592098],[-85.65741033445049,38.27810825375098],[-85.65740538981834,38.27811209604316],[-85.65740050443713,38.27811608253364],[-85.65739452176346,38.278121030381136],[-85.65738866012057,38.278126073823834],[-85.65738304174079,38.2781312625096],[-85.65737742323994,38.27813654669577],[-85.65737211092521,38.278141927523045],[-85.65736685792243,38.27814740389722],[-85.65736172835548,38.278152881268724],[-85.65735659752451,38.278158454139806],[-85.65735158892628,38.278164075757665],[-85.65734664090319,38.2781696974227],[-85.65734273200297,38.27817426218442],[-85.65733888367934,38.2781788260925],[-85.65733503529394,38.27818343865178],[-85.65733124748401,38.278188051258304],[-85.65732746081653,38.27819266386561],[-85.65732367294436,38.27819732512319],[-85.65731994685189,38.27820193777765],[-85.65731615897988,38.278206598133984],[-85.65731249340114,38.27821125948694],[-85.65730876724713,38.27821591989141],[-85.65730504109148,38.27822058119668],[-85.65730137551247,38.27822524164833],[-85.6572975876381,38.27822990200406],[-85.65729392211831,38.27823451470511],[-85.65728927894871,38.27824037716023],[-85.65728469755862,38.27824619101219],[-85.6572801161678,38.27825200486397],[-85.65727553357199,38.27825786736599],[-85.65727101269553,38.27826372901519],[-85.6572665535362,38.27826959161352],[-85.65726209317299,38.27827550196111],[-85.65725842752717,38.278280211062636],[-85.65725482239674,38.27828496796181],[-85.65725127910629,38.27828962850762],[-85.65724773575408,38.27829433770461],[-85.65724413182538,38.27829904685401],[-85.6572405872089,38.27830385155058],[-85.65723704391554,38.2783085129969],[-85.65723350050128,38.27831326994377],[-85.65722995714678,38.27831797914018],[-85.65722641373162,38.278322736086814],[-85.6572228692333,38.27832744528211],[-85.65721938759643,38.27833215452657],[-85.65721584303697,38.27833691147198],[-85.65721217852925,38.27834161967194],[-85.65720863402905,38.278346328866796],[-85.65720515239045,38.278351038110806],[-85.65720160782914,38.278355795055795],[-85.65719586547722,38.278363194568506],[-85.65732126673896,38.278461567618734],[-85.65735065642649,38.27851697837507],[-85.65742301063337,38.27860155767442],[-85.65752813308875,38.27867457629991],[-85.65763308217726,38.2787401906819],[-85.65777102901494,38.278805398224044],[-85.6578757525202,38.278856155535294],[-85.65799869116302,38.27887697300182],[-85.65808851700255,38.27889074533124],[-85.65829114297773,38.278888305926415],[-85.65839370530144,38.278862230731875],[-85.6584212160816,38.27866493389679],[-85.65888052495234,38.27869322227787],[-85.65959872406063,38.278744833350636],[-85.65986157890177,38.27931578420151],[-85.66000901593952,38.27920488123334],[-85.66029787637846,38.27911177818539],[-85.66083812915326,38.27893770639259],[-85.66095705314851,38.27889938026211],[-85.66108246992042,38.27883759633099],[-85.66123156043975,38.27876919541809],[-85.66160256738958,38.27919146568327],[-85.66198691687336,38.279629130181135],[-85.66206695510571,38.27972015591949],[-85.66228336626101,38.27997364659271],[-85.66253224443939,38.2802651917553],[-85.6626288482956,38.28037815305692],[-85.66279854577243,38.28057708635151],[-85.66300412000969,38.28081768226851],[-85.663242732955,38.28107825536681],[-85.66352502465465,38.281386554364644],[-85.66359526248077,38.281463628759745],[-85.66414601444491,38.28207454098743],[-85.66437021312741,38.282305580738985],[-85.66443552030012,38.282376064203916],[-85.66466159645876,38.282619941469285],[-85.6647972672951,38.2827661038378],[-85.66484667405028,38.28281945938181],[-85.66488749173452,38.282863385698484],[-85.66510839281489,38.28310148867249],[-85.6653432467718,38.28335474615426],[-85.6655988169248,38.283629365915175],[-85.66579559715925,38.28384105433986],[-85.66601912485167,38.28408137014118],[-85.66607017878934,38.28413621649105],[-85.66625502104196,38.28433529948501],[-85.66649470806361,38.28458317303057],[-85.6667476174415,38.28484495070668],[-85.66685484942765,38.28495575269285],[-85.66698279810971,38.285088060342424],[-85.66724841275628,38.28533749020187],[-85.66731873116123,38.28540359960314],[-85.66768391719647,38.285746419129104],[-85.66777628386444,38.28584413264231],[-85.66747505210871,38.2860748956913],[-85.66731841097011,38.286394177215165],[-85.66728667968061,38.286458917941516],[-85.66711909316298,38.28680045215576],[-85.66703111203583,38.28697847561917],[-85.66670180704524,38.28764539307754],[-85.66665826908365,38.28773815470721],[-85.66598469791082,38.28741376884152],[-85.66593101584,38.28746815702826],[-85.6659002174551,38.2875013053718],[-85.66561127751176,38.2873711785332],[-85.66556100314591,38.287348539698016],[-85.66512193298804,38.28717776181912],[-85.66491533444794,38.287078953376074],[-85.66466258878317,38.287152908728615],[-85.664516637279,38.28721131193831],[-85.66438198163402,38.287277458678965],[-85.6642846030159,38.2873513614933],[-85.66425051809664,38.2874448453446],[-85.6642488247014,38.28762567075707],[-85.66443120284394,38.28784245283333],[-85.66455949213103,38.28791632142553],[-85.66461829489141,38.28793726313918],[-85.66454900437772,38.288119877699565],[-85.66435775168048,38.288157091030364],[-85.66424767675112,38.28817106525243],[-85.66423271967656,38.2881874147369],[-85.66404166973125,38.28820930617907],[-85.66404097864681,38.2882196458594],[-85.66394141037912,38.288240932311425],[-85.66395394357063,38.288303256399665],[-85.66389772093271,38.28830846715547],[-85.66337341489414,38.288356116074354],[-85.66341831496722,38.28887256783927],[-85.66254162782916,38.2889956318023],[-85.66172796345994,38.28910998536489],[-85.6609578570107,38.28921979919288],[-85.66100587662567,38.28946383720894],[-85.66105766069805,38.2897212444768],[-85.6596037958881,38.289905728802935],[-85.65969493715583,38.29025124782539],[-85.65750728836632,38.29054707371852],[-85.65751791869657,38.29058318929848],[-85.65786548840028,38.29162961610403],[-85.65779186588648,38.291669800508025],[-85.65693843382348,38.29213497302831],[-85.65598182026794,38.29265635674198],[-85.65599643284743,38.29267824513955],[-85.65618323934264,38.29295951218173],[-85.65629932063605,38.29296931630288],[-85.65675606786546,38.29301857304224],[-85.65755303168547,38.29312756832936],[-85.65814656326766,38.29336602254573],[-85.65848594457962,38.29345975134358],[-85.65888337881375,38.29347678931099],[-85.65916777345797,38.293488979586186],[-85.65925506897757,38.29349274850679],[-85.65956044197208,38.2935116848869],[-85.66057025528775,38.293527692252475],[-85.66123646897213,38.29345525827935],[-85.66263164238997,38.293381773178105],[-85.66285611576446,38.2933539560811],[-85.662924287688,38.293433481450116],[-85.6634520941525,38.294070628685446],[-85.66418098126685,38.29502735798748],[-85.66484263779168,38.295895904542746],[-85.66514407194369,38.2962719073259],[-85.66590612213045,38.29558227489223],[-85.66594465889634,38.295547108592366],[-85.6662330964971,38.29528580973902],[-85.66627773825746,38.29524511853913],[-85.66654901397047,38.29499895256808],[-85.66696416615964,38.29462249656652],[-85.66733955141208,38.29428889727221],[-85.66743109144959,38.294207466920795],[-85.66680530644716,38.29338016260883],[-85.66671582134025,38.29326245047129],[-85.66628328959423,38.29267312712366],[-85.6661199809797,38.29245675184338],[-85.66583752876673,38.29208225476907],[-85.66621289402451,38.29186568371605],[-85.66691815716965,38.29144466979901],[-85.66698445500214,38.29140336822357],[-85.66907015202455,38.290165426473386],[-85.67010691860607,38.29144224868678],[-85.67015306836983,38.291414105393294],[-85.67016994529449,38.291434598907436],[-85.67065689354446,38.29114116152467],[-85.6712907510996,38.29077589452708],[-85.67168464628249,38.29055220269245],[-85.67202222428982,38.29033669360614],[-85.67233556878753,38.2901347746639],[-85.67249716230691,38.290023336924975],[-85.67258061556937,38.28996430196883],[-85.67298389653591,38.28968286926189],[-85.6731821666767,38.28996503071156],[-85.67342803495282,38.29029212852278],[-85.67348657808239,38.29037019923324],[-85.67353659189367,38.29043667641868],[-85.6735747278739,38.29048737663217],[-85.6736986991617,38.29065203175302],[-85.67378800737515,38.2907705566458],[-85.67389723749801,38.29091548932736],[-85.67400177723725,38.291054265421174],[-85.67409047792572,38.291172020272064],[-85.67418057975428,38.291291506669126],[-85.67426708670693,38.29140651929295],[-85.6743581036848,38.29152706384353],[-85.67444509882363,38.29164255774654],[-85.67453276547238,38.29175896556987],[-85.67471090012535,38.2919953397294],[-85.6747991770792,38.29211270904127],[-85.67488629577427,38.292228346829106],[-85.67454969321753,38.292384197567515],[-85.67465685874537,38.29252292694316],[-85.6747790123631,38.2926810406006],[-85.6748134758319,38.29274553694918],[-85.67479772722082,38.2928140394518],[-85.67474143036024,38.292863477378624],[-85.67495595062722,38.293137231966746],[-85.67501259387443,38.29310803573227],[-85.67506024688745,38.29316100102645],[-85.67551354053937,38.29368208106031],[-85.6755901518118,38.29363496286975],[-85.6756417379425,38.293598791635596],[-85.67574209034332,38.29354178504615],[-85.67583121258448,38.29348871297885],[-85.67587803965962,38.29345345221931],[-85.67595458955047,38.29340551749396],[-85.67601697689877,38.29336627611482],[-85.67610720872219,38.29330185800781],[-85.67615698377774,38.2933076100697],[-85.67618592595821,38.293342582143545],[-85.67677404705535,38.29301278725609],[-85.67752402282761,38.292606546851566],[-85.67816631445528,38.29226624876061],[-85.67851935207632,38.292076213031045],[-85.67862369996057,38.29204641949297],[-85.67867007471665,38.29203437925244],[-85.6787083502164,38.29200815140962],[-85.67875812329605,38.29201524839441],[-85.67880152332991,38.29205181510728],[-85.67922630974529,38.291852108169635],[-85.67915277448475,38.29175071305419],[-85.67916989131719,38.291713510575235],[-85.67921298512326,38.291688198108524],[-85.67925601775711,38.29166346309649],[-85.67929648954261,38.29163651471435],[-85.67932928352799,38.29160042703315],[-85.67936749894977,38.291573188976564],[-85.67942016830203,38.291549565114174],[-85.6794890615882,38.291529124927216],[-85.67954392621523,38.29150617532427],[-85.67962027783662,38.291469681016046],[-85.67969529086567,38.29142948297059],[-85.67981838720449,38.291375803682776],[-85.67988795898789,38.29134843988573],[-85.6799239218545,38.29131543064803],[-85.67996293139797,38.291285788238994],[-85.68003201876064,38.29125438602467],[-85.68009041981364,38.29123273652149],[-85.68011711464314,38.29119534675204],[-85.68016344939649,38.29116080474307],[-85.68020306290323,38.291137798086396],[-85.68025145820133,38.29111700841505],[-85.68029150083282,38.29109227126162],[-85.68032563581818,38.29105652014185],[-85.68037653850892,38.291030299182204],[-85.68041974498541,38.29101311198144],[-85.6805066458245,38.290980132485046],[-85.68054571395984,38.290953375649934],[-85.68059718154107,38.29090984592638],[-85.68068116686732,38.29086263322835],[-85.68074574646894,38.290823582516026],[-85.68081630745147,38.29078030441428],[-85.68089296880986,38.29073630907263],[-85.68100203601496,38.290679831022715],[-85.68108887944186,38.29064276436544],[-85.68114556991773,38.290623181017054],[-85.68120915131115,38.29060590987212],[-85.68129275196958,38.29057932280262],[-85.68133467954098,38.290560115500774],[-85.68138460746854,38.290530334796784],[-85.68146773746568,38.290484851760354],[-85.6815802253057,38.290422173932726],[-85.68162587798842,38.290398256724266],[-85.68169447753901,38.29036363146284],[-85.68180445629723,38.29030907671692],[-85.68187396865679,38.29027733580928],[-85.68193792493379,38.29025097753101],[-85.68204465880198,38.29020916189451],[-85.68213651116406,38.290162529276444],[-85.68218374081304,38.2901487574239],[-85.682229452785,38.29012584997711],[-85.68227932512714,38.290091165904215],[-85.68233713923695,38.29004350369458],[-85.68237803344255,38.2900186708146],[-85.68244096071379,38.289983367968915],[-85.6825753591075,38.28990743163015],[-85.68261852461431,38.28986755053122],[-85.68223767631859,38.28941130142753],[-85.68214621898224,38.28929475290946],[-85.68205305480242,38.289176232063404],[-85.68196025750488,38.289058096956175],[-85.68187050702711,38.28894352046709],[-85.6817785028761,38.288826201924074],[-85.68168802072464,38.28871109601047],[-85.68159662676786,38.288594643480685],[-85.6815071820037,38.28848073988455],[-85.68141243646579,38.288360006663524],[-85.68132286996058,38.28824610284938],[-85.68122897730267,38.288127100688754],[-85.68113892357904,38.28801285948966],[-85.68104515382747,38.28789385724619],[-85.68095589280661,38.28778086687739],[-85.68086230754884,38.28766200873982],[-85.68077109718479,38.28754637280235],[-85.68067702373662,38.28742703311795],[-85.6805891687264,38.28731159089842],[-85.68054486244377,38.28726834192319],[-85.68049341348845,38.28723071335829],[-85.68042330655338,38.28718408414593],[-85.68037020198153,38.28715549376804],[-85.68032076115061,38.2871231548743],[-85.68019348954124,38.287019277145035],[-85.68009141913608,38.286907624558026],[-85.6800002153112,38.28678857430998],[-85.6799425806086,38.28671257585494],[-85.67982413939485,38.286561921190525],[-85.67973323832443,38.28644633234774],[-85.67967529671459,38.28637268865185],[-85.67964221427184,38.28633055145591],[-85.67954777911909,38.28621048985565],[-85.67945529414072,38.286093024970434],[-85.679367866222,38.28598166965548],[-85.6792744671973,38.285863194112],[-85.67918289550246,38.28574784587545],[-85.67908693436675,38.28563052275835],[-85.67900073007416,38.285516186649794],[-85.67890886017952,38.28539449082593],[-85.6788210124454,38.2852780859139],[-85.67871762924545,38.28514099750699],[-85.67858431686226,38.28498268892477],[-85.67848225780241,38.28486478500432],[-85.67845546981701,38.28481260207458],[-85.67824336622034,38.28463563815574],[-85.67803566225946,38.28445146442418],[-85.67793941991626,38.28437625862746],[-85.67738911224477,38.284108168449485],[-85.67711809999811,38.283981024861234],[-85.67698105662224,38.283900983884436],[-85.67686593217566,38.28379922539283],[-85.67682407267421,38.283752706944355],[-85.67662447289317,38.283522908017595],[-85.67654347818609,38.28339001461804],[-85.67645766335218,38.28325856058368],[-85.67633087089673,38.28299423779978],[-85.67625697762944,38.282836347252974],[-85.67621501570522,38.28271054585517],[-85.67615330415629,38.28257189449064],[-85.67602973597592,38.2821360748703],[-85.67597859361486,38.2818598270396],[-85.67592099272252,38.28163790510024],[-85.6758040832175,38.28137536628156],[-85.67574212467662,38.28130210273408],[-85.67564465977526,38.28117405441887],[-85.67553255048239,38.281053544967136],[-85.67540689054739,38.28094182554565],[-85.67528242692093,38.28085337738019],[-85.6751447745891,38.28077852689106],[-85.67499582456195,38.28071785274013],[-85.67483837988833,38.28067308739026],[-85.67466688513801,38.28047056373419],[-85.67428274188643,38.279992650201194],[-85.67401074895612,38.279654141165366],[-85.67364970095973,38.27920475175869],[-85.67355004256385,38.27908083468342],[-85.67279208296202,38.27813740966976],[-85.67242574949553,38.27768205128177],[-85.6721554793821,38.27734632731518],[-85.67206283099738,38.2772310680618],[-85.67201349278731,38.277169879015865],[-85.67195526086844,38.27709748075923],[-85.67131544656256,38.27630211199959],[-85.67107015940731,38.27599702895533],[-85.67056728668847,38.27537315043366],[-85.66997287698801,38.27463583655597],[-85.66992165355444,38.274572096522576],[-85.66986580042793,38.27450306474526],[-85.66955090893235,38.274112302082465],[-85.6694768447008,38.27402032400476],[-85.66942093220715,38.273950955009425],[-85.66923534993389,38.273720480362236],[-85.66907491595826,38.27352689856782],[-85.6690193057335,38.27345979006752],[-85.66840931331184,38.272723466311874],[-85.6681075907826,38.272349680812205],[-85.66759253035224,38.27170760651017],[-85.66725153304182,38.27128537507275],[-85.66702577128751,38.271001835902204],[-85.66674500991091,38.27065714958471],[-85.66658910010217,38.270465394553554],[-85.66647898951115,38.27033011812844],[-85.66624275147599,38.27003979121945],[-85.6661078025508,38.26986689738313],[-85.6659426493206,38.2696553752007],[-85.66580452684205,38.2694846905846],[-85.66564850176876,38.269292116999274],[-85.66547426779528,38.269076933388774],[-85.6652390139189,38.26878641226408],[-85.66507154381055,38.268578540503164],[-85.66493233085212,38.26840564309108],[-85.66490060339756,38.26836624321711],[-85.66472582727363,38.26814932642179],[-85.66440636117194,38.267752391604056],[-85.66466578733724,38.2675977148998],[-85.6648712031672,38.26747506733411],[-85.66518750759093,38.267282928170424],[-85.6653884687723,38.267160854016666],[-85.66566668959003,38.266992004813424],[-85.66594362704659,38.26682406760474],[-85.66621732936956,38.26665800233593],[-85.66654857713736,38.26645712000674],[-85.66676778114434,38.26632414218953],[-85.667042272002,38.26615778724103],[-85.66731175877874,38.26599436075851],[-85.66757904751888,38.26583237455252],[-85.66788966107937,38.26564392614424],[-85.66799530573675,38.265624575712515],[-85.6682467956989,38.26540786209239],[-85.66844413291624,38.26530058917233],[-85.66797748537795,38.26541782052409],[-85.66605858147919,38.265915493918136],[-85.66575941572621,38.26600629575987],[-85.66551180986774,38.26607165197528],[-85.66526865762647,38.26613537562853],[-85.6650189156746,38.266201209490426],[-85.66477002730466,38.26626670738329],[-85.66452150417423,38.266332205015644],[-85.66427316394666,38.26639726979988],[-85.66406368172554,38.266452553594476],[-85.66385737220861,38.26650625274684],[-85.66333195872153,38.2666431844948],[-85.66321995861279,38.26667233478613],[-85.66278127804527,38.266795384478044],[-85.66268818482703,38.266821422786165],[-85.66238078417638,38.26690764216027],[-85.66207417617287,38.266993621669556],[-85.66170442180263,38.26710114105019],[-85.66089310838613,38.26733674784065],[-85.66060918996905,38.26741625015494],[-85.66029731223911,38.26751972119637],[-85.66008701294363,38.26758956574117],[-85.66013107227573,38.26766575681046],[-85.6600149697092,38.26770557454545],[-85.65969564071175,38.267816010809696],[-85.65937466015698,38.26792956945219],[-85.65902390357361,38.26805401939239],[-85.65867656284797,38.26817746005518],[-85.65840883008774,38.26828245123005],[-85.65806220403769,38.268418488668594],[-85.65774358225603,38.26854339131164],[-85.65743228983132,38.26865786578499],[-85.65711994516194,38.26878493574089],[-85.6568327267383,38.26891063087267],[-85.65619599918993,38.269179373402935],[-85.65583816908574,38.269341934800146],[-85.65545959121457,38.26951399801214],[-85.65511634283042,38.26967002974114],[-85.65479542626039,38.269816030101694],[-85.65448182556489,38.26996314095998],[-85.65416194338357,38.27010971703739],[-85.65379065895512,38.27029413735476],[-85.65339210297068,38.270532239149816],[-85.6532008792264,38.27064737788099],[-85.65328059656142,38.27045651940203],[-85.6521326174032,38.271022241008204],[-85.65034075945641,38.27191233245256],[-85.64943098090583,38.27237216422078],[-85.64862518082381,38.27278399870903],[-85.64831753980815,38.272925665491435],[-85.64824808948973,38.27295854012995],[-85.64831322531091,38.27304735161694],[-85.64816516270258,38.273121698861196],[-85.6478322429506,38.27328286265405],[-85.64743401635742,38.27347728885625],[-85.64707844577339,38.27365266232898],[-85.64677475164521,38.27380226138693],[-85.6467119493318,38.273833314683856],[-85.64647935696013,38.273947828850865],[-85.64618902671486,38.27409070706796],[-85.64576582618261,38.274298903797835],[-85.64578183723911,38.27431959204046],[-85.64520669524555,38.2746226105339],[-85.6454827582646,38.27495195790118],[-85.64545004286715,38.27496890114414],[-85.64546166442196,38.27498857648328],[-85.64521398061792,38.275117258487384],[-85.64534898575252,38.27522291179988],[-85.64541807356518,38.275277014644224],[-85.64555539435334,38.27538459329346],[-85.64564653550971,38.27545587948769],[-85.64579646877198,38.27557322897778],[-85.64587920331614,38.27563796848135],[-85.6460438159749,38.27585538394245],[-85.64627831891528,38.27616498090791],[-85.6463851520702,38.27631224579083],[-85.64654538469395,38.27652393563377],[-85.64661892623892,38.27662116838909],[-85.64670196516096,38.276730957834005],[-85.64686372123467,38.2769448117319],[-85.64690658039632,38.27700143871535],[-85.64702359134745,38.2771561645154],[-85.64712191268745,38.27728620861093],[-85.64719551626503,38.27738348878936],[-85.64726735678606,38.27734633736272],[-85.64770559979415,38.27711944559057],[-85.64779300147195,38.27707600963806],[-85.6484127479829,38.277869371980564],[-85.64914033889362,38.278800763785306],[-85.64973734434383,38.27956390583461],[-85.65018937067141,38.2801512408283],[-85.65033361376888,38.28033867984658],[-85.65051219862437,38.280570765304574],[-85.65076610440634,38.2809007063763],[-85.65098280804997,38.28118229690414],[-85.6513422407589,38.28164925487872],[-85.65204735289991,38.282522624760446],[-85.65208383024667,38.28256780152755],[-85.65208966918549,38.28258035478483],[-85.65237294010777,38.282947626612525],[-85.65229066564662,38.28298554097822],[-85.6518799006012,38.28317477819481],[-85.6518067811555,38.28320846985051],[-85.6514973894572,38.283354277500536],[-85.65135358747533,38.283421949724364],[-85.65116992847777,38.28350877242765],[-85.65081103399929,38.283677663414075],[-85.65050560586475,38.283821741052066],[-85.65020078603011,38.28396562650752],[-85.64988912991224,38.28411267853668],[-85.64958186557733,38.28425780993819],[-85.64925201738662,38.28441349846717],[-85.64896745724563,38.2845476866318],[-85.64889848472068,38.28458027275195],[-85.64865909115919,38.28469339129035],[-85.6485452545013,38.2847470462334],[-85.6483305912974,38.28484162663872],[-85.64801887413623,38.28498280848161],[-85.64769056360251,38.28516811085817],[-85.64725604961248,38.28461241833238],[-85.64715071093521,38.284477801629365],[-85.64682385506521,38.284060429038554],[-85.64674658720075,38.28396179871034],[-85.64666803982658,38.2838620139966],[-85.64656623266376,38.28373249559453],[-85.64640414806551,38.283525227382796],[-85.64636165274618,38.28346754383359],[-85.64630040662055,38.28338440913772],[-85.64622753172335,38.283285734547114],[-85.64618948134022,38.28323411191223],[-85.64606163137343,38.283060673240996],[-85.64601779652445,38.28300169011546],[-85.64588988578018,38.28282815479119],[-85.6457089083823,38.28261231173274],[-85.64564070731656,38.28253080577079],[-85.64553251401017,38.282391087449476],[-85.64536154989989,38.282169915437876],[-85.64528380058762,38.282069409695154],[-85.6452149402402,38.28198040158114],[-85.64507174051099,38.28179516916561],[-85.64490656236373,38.28158145424289],[-85.64475721474248,38.281388330850525],[-85.6446795891073,38.28128801669871],[-85.64460738081347,38.281194533815366],[-85.64449036469767,38.28104326815897],[-85.64445486998437,38.28099732049184],[-85.6442943129799,38.28079639777116],[-85.64417266771045,38.28064051207993],[-85.64399044869573,38.28040437573284],[-85.64384372469137,38.28021423471144],[-85.6436972443423,38.28002447842151],[-85.64355849745397,38.279844632141184],[-85.64341244513953,38.279655501121525],[-85.64326389772859,38.27946295395892],[-85.64312253356954,38.27928055688775],[-85.64297940538452,38.279095802957386],[-85.64283493747098,38.278909316003094],[-85.64268986207779,38.278722156201624],[-85.64254709996473,38.27853788225501],[-85.64240013940397,38.278348123825],[-85.64225037882116,38.27815485254765],[-85.64211328186579,38.27797702590255],[-85.64208284352797,38.277937765343395],[-85.64197131662895,38.27779299339988],[-85.64191841349692,38.27772452778382],[-85.64182569800614,38.277604388654694],[-85.64174150559498,38.2774951713659],[-85.64168647321624,38.277423867498186],[-85.6415615552049,38.27726191796893],[-85.64138708384307,38.277035736370756],[-85.64119179514641,38.276782563585456],[-85.64116074775626,38.27674233999859],[-85.64081579043079,38.27693852346286],[-85.6405921867889,38.27706510250937],[-85.64008495514096,38.27736335027872],[-85.63977684946917,38.277547256098316],[-85.63919097961154,38.27793408485869],[-85.63884327858297,38.278162087848116],[-85.63858056355014,38.278334398244844],[-85.6383191244683,38.27850863188409],[-85.63917300552266,38.27962146261839],[-85.63960820271235,38.28019016723995],[-85.6397762201371,38.28040975839112],[-85.6399427774298,38.280627328000584],[-85.64083462246178,38.28179840609884],[-85.64143544085272,38.282580968738],[-85.64213193805747,38.28347299694055],[-85.64320339038048,38.28488336582429],[-85.64326372651348,38.284961885704185],[-85.6438534482477,38.28573418420449],[-85.64430019676257,38.28595507582261],[-85.64452494210896,38.2860678299953],[-85.64470787198266,38.28615934362725],[-85.64495632941816,38.28628399346455],[-85.64512432501807,38.28636828110052],[-85.64523471866836,38.28642333310654],[-85.64576547239191,38.28668756511153],[-85.64592646178087,38.28676771007487],[-85.6460425244969,38.28682565204183],[-85.646185469983,38.28689679023837],[-85.64684424372085,38.287225074369125],[-85.64817138859361,38.28858383709029],[-85.64862136558493,38.28869788323667],[-85.64882453158944,38.2887440630305],[-85.64881288142328,38.288771203147995],[-85.64906193180485,38.288837611984086],[-85.649074449716,38.28884025496274],[-85.64908638439874,38.28884486438607],[-85.64909742910288,38.28885132178075],[-85.64910729995283,38.288859461176116],[-85.64911574324388,38.28886907337003],[-85.64912254196304,38.288879911305884],[-85.64912752136678,38.28889169642252],[-85.64913055347239,38.288904125813936],[-85.64913156034744,38.288916880014746],[-85.64913051611279,38.28892963121115],[-85.64912744760781,38.28894205166657],[-85.6492924776986,38.28898603768479],[-85.64927680937765,38.28902925052961],[-85.64926650849975,38.289074047160646],[-85.64926172775044,38.28911976357645],[-85.6492628109247,38.28916487399082],[-85.64926919587333,38.289209543389546],[-85.64928079384178,38.289253150841645],[-85.64929744361147,38.289295090177845],[-85.64931891374079,38.28933477841664],[-85.64935134245022,38.28938051939598],[-85.6493885246451,38.289422487750386],[-85.64943002475941,38.28946019184698],[-85.64947535664542,38.289493190005985],[-85.64952398926862,38.28952109567475],[-85.64959596064334,38.289553339487],[-85.65046425989318,38.28988100765436],[-85.65053657391428,38.28991050019595],[-85.65060704010138,38.28994416982814],[-85.650675417419,38.289981901381125],[-85.6507414719768,38.29002356579098],[-85.65114070999266,38.289657274378335],[-85.65081455964605,38.28923810316596],[-85.65084313058371,38.28921357446014],[-85.65125828287886,38.28889478396714],[-85.651412532378,38.288776685582704],[-85.65170509023272,38.28855518745125],[-85.65174948302275,38.288521569376115],[-85.65197755553174,38.28834886464196],[-85.65225624877343,38.28813769112542],[-85.65252413173202,38.28793482469615],[-85.65264509631204,38.28784328515677],[-85.65279598132629,38.28772902831929],[-85.65285524760093,38.287693239934654],[-85.65408618048625,38.28673527385085],[-85.6540903527628,38.28669140463483],[-85.65411593788849,38.28667149276859],[-85.6543269317985,38.28650939808378],[-85.65437968558568,38.286470833244756]],[[-85.64874650859383,38.28843447287488],[-85.64915347986343,38.28824157670086],[-85.64918289270786,38.288280124495564],[-85.64921103563677,38.28832150339368],[-85.64923357148677,38.28836618418511],[-85.64925011922006,38.288413411403745],[-85.64926039904634,38.28846238652834],[-85.6492610978488,38.28846796128964],[-85.64926341978288,38.288514801119895],[-85.64925957920542,38.28856154094276],[-85.64924964244946,38.28860737348532],[-85.64923378113896,38.28865150714487],[-85.64922288045581,38.28866732076974],[-85.64920945880353,38.288681059578806],[-85.64919390403374,38.288692326555406],[-85.64917666563977,38.28870079611254],[-85.6491582417674,38.28870622350155],[-85.6491391648197,38.28870845188467],[-85.649119986072,38.28870741686731],[-85.64910125974133,38.28870314835883],[-85.64888643211056,38.288645865706215],[-85.64888638068948,38.28864585214811],[-85.64887547259863,38.288642943581195],[-85.64887051448005,38.28864162125936],[-85.64886871017697,38.28864114041388],[-85.64874650859383,38.28843447287488]]]},"properties":{"name":"INDIAN HILLS","ballot_code":"INH"}},{"type":"Feature","geometry":{"type":"Polygon","coordinates":[[[-85.53185173740665,38.22165892807063],[-85.53225276605511,38.22268935357363],[-85.53244306197823,38.223178391833834],[-85.53247888050396,38.22326721376107],[-85.53275761038856,38.22400575747442],[-85.53594891310782,38.22409936960424],[-85.53786790675998,38.22415417597953],[-85.53976599317866,38.224232281535635],[-85.54064854775982,38.22424802968251],[-85.54109614462209,38.22423069529391],[-85.54185571268737,38.2242650167566],[-85.54241972267849,38.22429043297549],[-85.54294121775361,38.224306203834296],[-85.54363542338778,38.22430669518994],[-85.54748849877937,38.224169930819265],[-85.54747634308688,38.224135148022],[-85.55196058220162,38.223908877856346],[-85.55220366761212,38.22392322700216],[-85.55212083718395,38.22405982904748],[-85.55205176297741,38.22418034657307],[-85.55221001561843,38.22419181388466],[-85.55250732731812,38.22421327428543],[-85.55261168188106,38.22420936166945],[-85.55338288382036,38.2241799707481],[-85.55373003644462,38.224161507097925],[-85.55374015093847,38.224116953075395],[-85.55464919021128,38.22407494552685],[-85.5547136690751,38.22414548953008],[-85.55502414267788,38.224191196819376],[-85.55526306636555,38.22453507562463],[-85.55532900596563,38.22463019103339],[-85.55580012731944,38.225305818668154],[-85.55579811065871,38.22544640208515],[-85.55569362988929,38.2256130686902],[-85.55554193862139,38.22588480932716],[-85.55554856837665,38.22609767159433],[-85.55565137708379,38.22633415393965],[-85.55628444709978,38.22784851610696],[-85.55656937354149,38.228530085899685],[-85.55674563482285,38.22895261394988],[-85.55687133475644,38.2292022594851],[-85.55698816548676,38.22918523720988],[-85.55713193201295,38.229146959921806],[-85.55752840074616,38.229041396236454],[-85.55769729720902,38.22899647578309],[-85.55802599977943,38.22890892677335],[-85.55809809515523,38.22888971533635],[-85.55835085768341,38.228822428354384],[-85.55863466735885,38.228746872445534],[-85.55886565428777,38.228685366669175],[-85.55917568934763,38.22860283330985],[-85.55937678811382,38.22854925907078],[-85.55944613844436,38.228530811812675],[-85.55971664868659,38.22845879069594],[-85.55978904838591,38.22843948321466],[-85.5599871572574,38.22838676895744],[-85.56025766644099,38.228314746600766],[-85.56031920886966,38.22829835312159],[-85.56055757301547,38.228234884554624],[-85.5607986204036,38.22817069902609],[-85.5608118569472,38.22816716228263],[-85.5610525381546,38.228103071152965],[-85.56106912799925,38.2280986748097],[-85.56130181885263,38.22803654172355],[-85.56154072572569,38.227974562235914],[-85.56177243636145,38.227914446625725],[-85.56198159084796,38.227855351547895],[-85.56209022398063,38.22782460932576],[-85.56209872475301,38.22814781705614],[-85.56209104933158,38.22831339324402],[-85.56208154761286,38.228573348016944],[-85.56207695213786,38.22870195437418],[-85.56207401910918,38.22889609775663],[-85.56206738034719,38.229323519373516],[-85.56206524305821,38.22946857401813],[-85.56206343251606,38.22958093496615],[-85.56205984376878,38.22976882636594],[-85.56205794647374,38.22986729158811],[-85.56205380004863,38.2300830200928],[-85.56204964926407,38.2302999991164],[-85.56204377775427,38.23049884888736],[-85.56203292869121,38.2308327002667],[-85.56188308459751,38.23105478499061],[-85.56183572574271,38.23112509842422],[-85.56172938284834,38.23128292055704],[-85.56160847886015,38.231462019100206],[-85.56152428836825,38.23158549911438],[-85.56149608292637,38.23162675528192],[-85.5612939895897,38.23192303865394],[-85.56119084587142,38.23206846089922],[-85.5610105534054,38.23234814404319],[-85.5608890432559,38.23252440369936],[-85.56083012253168,38.23261003623554],[-85.56073785808483,38.232743839505126],[-85.56061903837322,38.232916305607304],[-85.56055020610937,38.23301600960241],[-85.56051955247754,38.23306053029945],[-85.56036493867438,38.23328472080143],[-85.56019704600739,38.23352855422379],[-85.56012665795815,38.23364022746842],[-85.55997180275331,38.23388619693424],[-85.5597480009674,38.234204127924556],[-85.55982295126559,38.23442709907304],[-85.55999106348676,38.23485528180862],[-85.56005295751288,38.235011978552464],[-85.56013925579887,38.235231409760516],[-85.56022488916301,38.23544886941797],[-85.5603116750154,38.23566921483056],[-85.56039870332911,38.235890090320005],[-85.56048137058285,38.23609999582575],[-85.56056930793213,38.23632313223292],[-85.56065318796546,38.23653621272516],[-85.56073634109306,38.23674741707763],[-85.56082107044793,38.23696242233841],[-85.56090604314439,38.23717805318191],[-85.56099218781894,38.23738810796176],[-85.56108130260006,38.23760499580495],[-85.5611683583351,38.23781697453889],[-85.56125644460906,38.23803131175757],[-85.56134337924452,38.23824324329252],[-85.561430376034,38.2384547414862],[-85.56150616497828,38.238639393788006],[-85.56165558514742,38.23899479833659],[-85.56172868940948,38.239180407519456],[-85.5618113636953,38.239390937169226],[-85.56187993740284,38.239560768587495],[-85.56190350220913,38.23961912713911],[-85.56199544243229,38.23982991191894],[-85.56208823111515,38.24004281342057],[-85.5621812020075,38.24025614758681],[-85.56227235609482,38.240465392020184],[-85.56238496434169,38.24072390435711],[-85.56283188067118,38.24053171527209],[-85.56296663379418,38.240473607275476],[-85.56337696068765,38.24030895655111],[-85.5635420916672,38.24024272227715],[-85.56363460464348,38.240205557382495],[-85.56376153362935,38.24015469700723],[-85.5638648479596,38.24011322161142],[-85.56408294681785,38.24002567474431],[-85.56431757632656,38.239933970248806],[-85.56437853882274,38.23990959306477],[-85.56453115742283,38.23984862642428],[-85.56476444808696,38.239755572002785],[-85.56507902129883,38.2396299987148],[-85.5652646473224,38.23955744767984],[-85.56535660674548,38.23952167525958],[-85.56557231463145,38.23943820777083],[-85.5657502504813,38.2393693460388],[-85.56600946454066,38.23926902181416],[-85.56624646631647,38.23917736492151],[-85.56645167651129,38.239097967187526],[-85.56667049445477,38.23901325288031],[-85.56687191981585,38.23893543424468],[-85.56715448499595,38.23880831478522],[-85.56725964551684,38.239175184219626],[-85.56730933719786,38.239344117494504],[-85.56735985546645,38.239499060974424],[-85.56739228276976,38.23959868536183],[-85.56740901439835,38.23966097487402],[-85.56746950029486,38.23985314701186],[-85.56753191925829,38.24005181442128],[-85.56755375521782,38.24012098701714],[-85.56758913903974,38.240233692453224],[-85.56764883789418,38.24042346038816],[-85.5676631025656,38.24047324520088],[-85.56769797647743,38.2405945566959],[-85.56774747751112,38.24076699956998],[-85.56777309914808,38.240858535309364],[-85.56780405658053,38.24096171427754],[-85.56785563173891,38.24113406477943],[-85.56793173079366,38.241373234971334],[-85.56794509947333,38.24141547010055],[-85.56800728901511,38.24160956893931],[-85.56811235568966,38.241943789927134],[-85.56816782493794,38.242119606821916],[-85.56825575402512,38.242407933350414],[-85.56834096501403,38.242686495501935],[-85.56840535489003,38.24290410802162],[-85.5684728894433,38.243132207099535],[-85.5685398790704,38.243358622292426],[-85.5686215019145,38.24363429378395],[-85.56878523275071,38.244187463521634],[-85.56883027741327,38.244339561544855],[-85.56893735187938,38.24470359379475],[-85.56903590145974,38.24503881366224],[-85.56909853724817,38.24525224071174],[-85.56911951810247,38.245323334255346],[-85.569222785619,38.24567471624144],[-85.56952944380696,38.24570085899342],[-85.57164835538921,38.24586869685767],[-85.57204193570755,38.245902416814985],[-85.57190757243099,38.245420598118166],[-85.57180427858462,38.24504993877144],[-85.57178632781674,38.244985676844834],[-85.57174039184724,38.24482107781156],[-85.57166393591582,38.24454628219405],[-85.57160337656003,38.24432882149397],[-85.57159050273582,38.24428259720719],[-85.57149543187475,38.24394108604127],[-85.57142907010684,38.24370289435645],[-85.57137250148729,38.243499526934166],[-85.57135454087822,38.24343915975277],[-85.57130302016859,38.243265753256765],[-85.57132291032153,38.24320890471365],[-85.57133911795373,38.24316262879143],[-85.5712728599253,38.242932080876514],[-85.57119832117411,38.2426728175716],[-85.57135858853088,38.24267570395651],[-85.57158121979394,38.242679741902506],[-85.57180671596053,38.24268388014678],[-85.57225772510829,38.24268475127147],[-85.57287193441445,38.24268605698982],[-85.57287184651305,38.242519892568005],[-85.57287138416412,38.24190172695202],[-85.57287123119089,38.2417118112487],[-85.57323967463645,38.24166894577567],[-85.57338291623927,38.241652283755926],[-85.57451738150837,38.24152391513345],[-85.57732804150604,38.24117793187641],[-85.57732446751784,38.24083054919863],[-85.57733821055199,38.2405333383864],[-85.57730648836277,38.240283084199476],[-85.57731728520126,38.239838359959535],[-85.57732328441593,38.239645712420646],[-85.57733215064295,38.239426384362034],[-85.57731886074397,38.23924471840771],[-85.57731292386015,38.23915080967435],[-85.57731635146165,38.23883310209647],[-85.57731223954212,38.23853346129413],[-85.57730684247413,38.23823530968333],[-85.57731032555985,38.23789394643622],[-85.57732443638544,38.23616645139332],[-85.57732997038114,38.235756624965774],[-85.57733232386988,38.23550666072846],[-85.57733403982859,38.23532102610766],[-85.5773363750452,38.23505303083836],[-85.57733907331009,38.23476027580841],[-85.57734163987531,38.23447203889299],[-85.57734505549723,38.23418510238248],[-85.5773486063967,38.23389258818187],[-85.57734996020785,38.2337834005981],[-85.57737498110323,38.23361496414794],[-85.57742043992398,38.2333092416454],[-85.57744126176743,38.23313829886035],[-85.57746139403487,38.2328190285097],[-85.57748969798082,38.23244601674254],[-85.57749156527268,38.2322994227459],[-85.57750619411708,38.23177969873834],[-85.57751189178342,38.23135112117672],[-85.57752535474151,38.23125036437001],[-85.57758240358699,38.23067992909793],[-85.57764390606587,38.23005488103463],[-85.57775780294601,38.228945646065334],[-85.57772930347627,38.2287259259572],[-85.5777615273246,38.22839609544653],[-85.57778981474983,38.228106886375784],[-85.57778752404427,38.22804418669841],[-85.5778306775796,38.22757527563893],[-85.57785712976278,38.22728866039742],[-85.57787620197757,38.22710867622547],[-85.57790138775238,38.227025052849754],[-85.57796862590352,38.226838455348606],[-85.57817132460389,38.226222122110336],[-85.57839728424348,38.225535095476936],[-85.5784478904694,38.225370542654055],[-85.57870175807302,38.2247890921689],[-85.57958864293263,38.22244002048952],[-85.58000222606911,38.22275866562734],[-85.58049624409828,38.22313944887068],[-85.58160588655828,38.22376742209756],[-85.58264794360878,38.22418614080876],[-85.5822689254616,38.223721919264214],[-85.58148367446765,38.22276030504406],[-85.5807075595405,38.22180980461436],[-85.5815837565197,38.22137189002976],[-85.58187877747407,38.22172800762201],[-85.58188887152802,38.22173831100324],[-85.5819009180537,38.22174731886559],[-85.5819147365593,38.221754550736854],[-85.58192965562114,38.2217599570103],[-85.58194561596008,38.22176348985017],[-85.58196206743082,38.221765003418966],[-85.58197852509227,38.22176430512182],[-85.5819947428481,38.22176163606824],[-85.58201017364998,38.22175699458052],[-85.58202451006343,38.221750475724775],[-85.58235189851038,38.221571072125805],[-85.58190567756266,38.22102381442506],[-85.58153172710004,38.2205650778649],[-85.58126776416292,38.22070100889067],[-85.58117804334663,38.22075780845677],[-85.58087357704518,38.220935077498716],[-85.58030395182013,38.22131549040504],[-85.58022570176028,38.22136624669619],[-85.5801501978908,38.22141518061903],[-85.57992289382302,38.22106136792348],[-85.57984931557087,38.220962553115164],[-85.57977157314403,38.220872819415206],[-85.57969335959973,38.22077601780099],[-85.57826963882738,38.219062590927486],[-85.5777358479458,38.218402009481665],[-85.57776022507588,38.21785493886954],[-85.57779234657652,38.217410532081864],[-85.57780018853643,38.21726216765979],[-85.57782046267096,38.216880198622974],[-85.57782798781926,38.21673736295516],[-85.57783684952237,38.216569912986664],[-85.57789066095255,38.21555386173777],[-85.57793235740827,38.21539179591316],[-85.5779603672217,38.214567499483984],[-85.57801530545188,38.214136875101076],[-85.57803837064536,38.213967666238034],[-85.57807746042828,38.21366895202994],[-85.57809681946075,38.21352089248703],[-85.57848346255156,38.21363405771604],[-85.57863333382379,38.21367802867422],[-85.5787802819751,38.21372098432379],[-85.57886237303877,38.21374499951172],[-85.57909049777874,38.21381254520228],[-85.57930461018813,38.21387858002872],[-85.57939912156705,38.213907949201456],[-85.57954040070638,38.213951954363814],[-85.57970523608113,38.21361284115698],[-85.57978420884669,38.213456981877776],[-85.57994826662357,38.21311094322729],[-85.58006141565623,38.213143896596584],[-85.58019557617621,38.21318289038408],[-85.58027425630651,38.21320584106103],[-85.58043515597925,38.213118181452344],[-85.58068105049786,38.2129843416491],[-85.58090003656308,38.21286503062541],[-85.58108289974561,38.21276542855597],[-85.5812547865387,38.21266917746256],[-85.58133776964064,38.21262265718074],[-85.58144418421057,38.2125629971712],[-85.58154120219862,38.21250861236858],[-85.581624795602,38.21246170894044],[-85.58176977255874,38.21238051541391],[-85.58207931084958,38.212206999834414],[-85.58224265086155,38.21211640856051],[-85.58258982953781,38.21192409764977],[-85.58285073045779,38.211779504361175],[-85.58293857126277,38.21106876039658],[-85.58324772868961,38.21089841528486],[-85.58340753706801,38.21077752591661],[-85.5838033941787,38.210478109665],[-85.5842898201693,38.21106267956773],[-85.58555170682104,38.21035977487534],[-85.58578436302888,38.21063406029822],[-85.58590428335962,38.21077260206286],[-85.58610388062085,38.211007414551865],[-85.586298008101,38.21123563303437],[-85.58648848948124,38.2114597584464],[-85.58668255498806,38.21168970604067],[-85.58686878123234,38.21191041206428],[-85.58716380387473,38.21226017009499],[-85.58731940169307,38.212443810600064],[-85.58770151837753,38.212900570679686],[-85.58776454942989,38.212863827362085],[-85.5881354047123,38.213233832508365],[-85.58856038908382,38.21365453935169],[-85.58895302093735,38.21404664077868],[-85.58885001600724,38.214109774580066],[-85.58906616521585,38.21430787101057],[-85.58929591224529,38.21453031434892],[-85.58937428994567,38.21461061867591],[-85.58966262583122,38.214878769448774],[-85.58973742993604,38.21494911568975],[-85.58981764792922,38.21502432633152],[-85.59013061926835,38.21531510646185],[-85.59041750394981,38.21558094509461],[-85.59049284012788,38.21563143513232],[-85.59057154995669,38.215587451488695],[-85.59101658483372,38.21590788050303],[-85.59133091259457,38.21577136989138],[-85.59236663741171,38.21638803807268],[-85.59354008839583,38.216871841567524],[-85.59496962429792,38.217477131315725],[-85.59617694228325,38.21789835184913],[-85.59658245837518,38.21804561989403],[-85.59816564036028,38.21843490094645],[-85.59894490425428,38.218506865086894],[-85.60000538408583,38.218599999654494],[-85.60268773285766,38.217189474026455],[-85.60262752824434,38.21712540423702],[-85.60204843141031,38.21637621628169],[-85.6022287680373,38.2162805688679],[-85.60444493264495,38.21510732165161],[-85.6040446722308,38.21461506313652],[-85.60339476948347,38.213804105481834],[-85.60182701492526,38.21320331178541],[-85.60234679434045,38.21224831735506],[-85.60272912828863,38.21154576292228],[-85.60309011153451,38.21088106814708],[-85.60334900925649,38.210404913006506],[-85.60284900016981,38.209560241769935],[-85.60264998729676,38.209618122722446],[-85.60257993105515,38.20963846940151],[-85.60223775428804,38.2097379535694],[-85.6021672704645,38.20975844452547],[-85.60206349614728,38.20978860534995],[-85.6019028945951,38.209835330432774],[-85.60176466984102,38.20987549636005],[-85.60159864191401,38.20992380173547],[-85.60135712866447,38.20999398396549],[-85.60122347689567,38.210032857611026],[-85.60095586681479,38.21011065091247],[-85.60085873660297,38.21013889638281],[-85.6005236904642,38.210236316851685],[-85.60044474363846,38.210132315515516],[-85.6002700125885,38.20990457816013],[-85.60012676541147,38.2097177961374],[-85.59989081611421,38.20941983205097],[-85.5990352378328,38.20827567978095],[-85.59939763268589,38.20809107996663],[-85.59956629486761,38.20800513490284],[-85.59998889302551,38.20778993451665],[-85.60014108372853,38.207712429640914],[-85.60036410272185,38.2075940498176],[-85.60056778345036,38.20748598196319],[-85.60103356785893,38.20724611968209],[-85.6012455753912,38.20714758168657],[-85.6013812825438,38.207084574498765],[-85.60101152957677,38.20681418597677],[-85.60122255453489,38.20668934566553],[-85.60128197673077,38.20665316807979],[-85.60146176806514,38.206544828963295],[-85.60153638162765,38.20649982280338],[-85.60171293915865,38.20639344966306],[-85.60197497002149,38.20623424768213],[-85.60211986575946,38.206146057313354],[-85.6022265676015,38.20608152176579],[-85.60250152904537,38.2059152189026],[-85.60270590021487,38.20579373364597],[-85.6027567880401,38.20575874657706],[-85.6030515423135,38.20565732699277],[-85.60429245741412,38.20519195351888],[-85.60405464207555,38.20475816661571],[-85.60399253277414,38.20464514883459],[-85.60391342587042,38.204499800328314],[-85.60383562863528,38.20437012756182],[-85.60376531762459,38.20424488685938],[-85.60367569771216,38.2040858709718],[-85.60358597083531,38.203919401148525],[-85.60343466654597,38.20364909739314],[-85.60262884984084,38.20358592814228],[-85.60233631337192,38.20355772506269],[-85.60201471616243,38.20352736851913],[-85.60173332627511,38.20350086090709],[-85.60144858614255,38.203474010552966],[-85.60137603036532,38.2034671882434],[-85.60108221393827,38.203439461569324],[-85.6008183705837,38.203414607331545],[-85.60055501370692,38.203389801771834],[-85.6005479319195,38.2031863644724],[-85.60058509419055,38.20279883546828],[-85.6008098276357,38.20074387106324],[-85.60090581468727,38.19985979147309],[-85.60098988171113,38.19908373388845],[-85.60098710445001,38.19892040134979],[-85.60098735724061,38.19891621845691],[-85.60099416504772,38.19880347853916],[-85.59938665051702,38.19871345413075],[-85.59915492896418,38.19869056150968],[-85.59920823628798,38.19797865272703],[-85.5992448263934,38.19739649218496],[-85.5992512102887,38.197284040089016],[-85.59926352718531,38.197190154676434],[-85.59928291067436,38.197096470174046],[-85.59929447846386,38.19704056698245],[-85.59898067370568,38.197027810716776],[-85.59903342352361,38.19652851332475],[-85.59907350572117,38.19653231433467],[-85.59912887654907,38.19653757819519],[-85.59925099494018,38.19628824389508],[-85.59937169925117,38.19610415336816],[-85.59949509223541,38.19591583426435],[-85.59950520628753,38.19502135621924],[-85.59950119755622,38.19426956326901],[-85.59950249094928,38.19369639660731],[-85.59937976588621,38.19353036221749],[-85.59892255176672,38.19349318954043],[-85.59895599488239,38.19313849394998],[-85.59850083265002,38.1931118519286],[-85.59848344058558,38.19330357563528],[-85.59822546158716,38.19334781503105],[-85.59783938907896,38.19331976891492],[-85.59763208952178,38.1933090200625],[-85.59762196124824,38.19337511771128],[-85.59728129685766,38.19339617094459],[-85.59675827097928,38.193366645140486],[-85.59607442862844,38.19332801428974],[-85.595781789491,38.19363063653994],[-85.5953138249326,38.19444888535737],[-85.5951143574812,38.1947975935457],[-85.5946123844797,38.19567185691828],[-85.5941848741588,38.19639091640475],[-85.59409530041549,38.19654148236837],[-85.59387455724028,38.19691247911831],[-85.59343977166094,38.197643199079934],[-85.59343569062307,38.19767141752831],[-85.59325554453252,38.197951055041955],[-85.59282937462582,38.197944575420244],[-85.59281483846262,38.19830352586026],[-85.59282324531488,38.19833272221799],[-85.59284348052923,38.19835803939304],[-85.59287323375544,38.19837658939774],[-85.59292798386079,38.19838748010075],[-85.5929715482195,38.198387346049095],[-85.59297193436029,38.19846326515725],[-85.59254223728473,38.198451875831914],[-85.59252664139551,38.198451422598644],[-85.59253359593431,38.198304930220935],[-85.59254234718456,38.19814416072454],[-85.59255420728176,38.19792569891334],[-85.59256619584296,38.19770425594255],[-85.59257786377631,38.19749016896825],[-85.59258972644916,38.19727093768857],[-85.5926012085974,38.19705824424396],[-85.59212092373559,38.19703140012534],[-85.5918035333691,38.1970147728737],[-85.59139311988028,38.19699335570743],[-85.59106318058966,38.19697613301413],[-85.5907200120596,38.19696292973975],[-85.59029484456744,38.19694653793601],[-85.5899703788897,38.19693407942173],[-85.58963635734243,38.196916942725],[-85.58925408925289,38.19689733571755],[-85.58890081810932,38.19687916168561],[-85.58854662884518,38.196863244082145],[-85.5881598479749,38.19684583926216],[-85.5878197814633,38.19683051633159],[-85.58817635441113,38.19341660809589],[-85.58819394047303,38.19341746105649],[-85.58821928193784,38.193418689519326],[-85.58825258199386,38.193420303668056],[-85.58831271889454,38.19342321857117],[-85.58843578369648,38.193429183641136],[-85.58870745460409,38.193442351938245],[-85.58929831773091,38.19347099016932],[-85.58993757791696,38.19350197042969],[-85.59013345763903,38.193511462277364],[-85.59214679913576,38.19360900800603],[-85.59226117421541,38.19361454845144],[-85.59244671926963,38.193623536154234],[-85.59282709345096,38.19364195999854],[-85.59283628606553,38.19364240558472],[-85.59287080792451,38.19257324946191],[-85.59287105847426,38.19256550683015],[-85.59287174055518,38.192544386218955],[-85.59287534168888,38.19243285681183],[-85.5928810916812,38.19225480328289],[-85.59288171266857,38.19223556111824],[-85.59403926631914,38.19228815169156],[-85.59419872382755,38.19229539489727],[-85.59455995442595,38.19231180311307],[-85.59475538534561,38.192320680365874],[-85.5948281732598,38.19232398607362],[-85.59484236784523,38.19232463087635],[-85.59557298695874,38.19235781421528],[-85.59560506435561,38.192359270631115],[-85.59565629465932,38.19141171707584],[-85.59565735878019,38.19139203309367],[-85.5956661864143,38.19122875576903],[-85.59566993693848,38.19115938119188],[-85.59567828113526,38.19100505439848],[-85.59568749819736,38.19083457968502],[-85.59578674004867,38.190837796793645],[-85.5958368260901,38.19002352776247],[-85.59588320510228,38.1888471981549],[-85.5958836162004,38.18881276922815],[-85.59588213907125,38.188778369546625],[-85.59588213572765,38.188778330800375],[-85.59587876886242,38.18874398402334],[-85.59587353579843,38.18870987168078],[-85.59587351996377,38.18870980138418],[-85.59586639656091,38.18867579366485],[-85.59585745815878,38.188642217292056],[-85.59585743092748,38.18864213797087],[-85.5958465973323,38.188608719051715],[-85.5958340249715,38.188575914681806],[-85.59583398292648,38.18857582272766],[-85.59581951973716,38.18854325195232],[-85.59580341558073,38.18851146051641],[-85.59580336552987,38.18851137575955],[-85.59576585730531,38.188449336207064],[-85.59576579128607,38.18844924512255],[-85.59572163114213,38.1883900097196],[-85.59572156964576,38.18838993936336],[-85.59567106950692,38.18833392385888],[-85.5956710433023,38.18833389949837],[-85.59561455051899,38.1882814998656],[-85.59524207872855,38.187964878166255],[-85.59522123425744,38.18794417442099],[-85.59522120238141,38.187944132934476],[-85.59520464568179,38.187921198580405],[-85.59520462066824,38.18792115079606],[-85.59519810646607,38.18790908955831],[-85.59519270455463,38.18789649084256],[-85.59518855360525,38.18788359786997],[-85.59518569389407,38.18787063270792],[-85.59518568943207,38.187870583148495],[-85.59518410449445,38.1878575845065],[-85.59518377168327,38.18784449382441],[-85.59518377181772,38.18784442985543],[-85.5951837768005,38.18784423164758],[-85.59518378148596,38.18784417489232],[-85.5951847547947,38.187830964514404],[-85.59518699648183,38.18781790939076],[-85.59535940035838,38.187039752484324],[-85.59541389021389,38.187041897781064],[-85.59541426361972,38.18704020623896],[-85.59739097205336,38.18711800455498],[-85.59743776182675,38.18684596520676],[-85.59802190775324,38.18377475141638],[-85.59820532315199,38.18378738536001],[-85.59850699286847,38.18380815864566],[-85.59857958414713,38.183813151139],[-85.59873423625733,38.18382378689902],[-85.59900539311244,38.183842452132396],[-85.59925072429071,38.18385935304478],[-85.59977017730402,38.18384563825341],[-85.60027418591031,38.18387796308336],[-85.6007425067325,38.183906249396635],[-85.60092248964621,38.18388714784754],[-85.60107523658245,38.18387094529705],[-85.601543363251,38.18357261654068],[-85.6021646298984,38.18305960386691],[-85.60250949875895,38.18274010629969],[-85.6028514226455,38.18242940116365],[-85.6033547198592,38.18204999677457],[-85.60340705651883,38.182013327999044],[-85.60371997958899,38.18179389102152],[-85.60386872367356,38.18170546129587],[-85.60402117497387,38.18165151089516],[-85.604521274432,38.181497259490946],[-85.60480580887858,38.181431305553495],[-85.6049302016656,38.18139679230695],[-85.60526510239185,38.18130363822807],[-85.60548467230555,38.18125298907241],[-85.60550227245044,38.180913608471606],[-85.60552974134373,38.18060443520672],[-85.60555527720682,38.18031756861682],[-85.6055796311637,38.18004368182002],[-85.60560440456989,38.179773498523076],[-85.60562942561627,38.179500334174],[-85.60565407483182,38.179231015614086],[-85.60567946990646,38.1789537648438],[-85.60570455391465,38.17867963915564],[-85.60572932601595,38.178409071018265],[-85.60575447204145,38.17813456063947],[-85.60578042495648,38.17785182890741],[-85.60579586258109,38.17768255512804],[-85.60582305805714,38.177387036405385],[-85.6058348837048,38.17725824178472],[-85.60584882351067,38.17710709289815],[-85.60587396534218,38.176833687894785],[-85.60589904555366,38.176560763913265],[-85.60592431413292,38.1762853885783],[-85.60595430878178,38.175959869692605],[-85.60597017716204,38.17578761590008],[-85.60600546283882,38.17540363719354],[-85.60551782153821,38.17537731842639],[-85.60530923235397,38.1753661011244],[-85.60480575708333,38.175338895100474],[-85.60469217526932,38.17533279378082],[-85.60446306864478,38.175317366527544],[-85.60409511056058,38.17529258388138],[-85.60374871100096,38.17526926922655],[-85.60349261880727,38.17525553748161],[-85.60337453034877,38.175249285154116],[-85.60322386007878,38.17524121283074],[-85.60302020489185,38.17523038233166],[-85.60295899876138,38.17522708432447],[-85.60270095744461,38.175213349340694],[-85.60243877591344,38.17519936716393],[-85.60225284314359,38.17518942240057],[-85.6021731229007,38.17518518815642],[-85.60193633831302,38.175172582679934],[-85.60164973494754,38.175157270755626],[-85.60155156129667,38.17515200293842],[-85.60131112273054,38.17513919971273],[-85.60101899565147,38.17499401243512],[-85.60094379200845,38.174955356707606],[-85.6006600132061,38.17480950602967],[-85.60058996370803,38.174872403047566],[-85.60052998192243,38.17492627414744],[-85.60043424275774,38.17501226577618],[-85.60035000634649,38.17507216426633],[-85.60027241990149,38.17512726260219],[-85.60021258287303,38.17516978591166],[-85.60005196059974,38.1752929098676],[-85.60000309745088,38.175330351060595],[-85.59985698330428,38.175477004156456],[-85.59962252728172,38.17563623859584],[-85.59951409051581,38.17573524324632],[-85.59920623895088,38.175506466752346],[-85.59901952123802,38.17534472555468],[-85.59867997042488,38.1751011464622],[-85.59880603932602,38.174987452150816],[-85.59864824435559,38.1749789801643],[-85.59838996274972,38.17496523455914],[-85.59808186255493,38.17494882866402],[-85.59790457898366,38.17493941704776],[-85.5978154808273,38.17493463892475],[-85.59765433655159,38.1749260171431],[-85.59758807607373,38.17492208546336],[-85.59713351657864,38.17489486115513],[-85.59691769208747,38.17487847510469],[-85.59659309400186,38.174859013976594],[-85.59633639944376,38.174843727974235],[-85.59609931438897,38.174829523790805],[-85.59581277892846,38.174812418368866],[-85.59557039669278,38.17479787015069],[-85.59528483493833,38.17478081247238],[-85.5950338652623,38.17476581944569],[-85.59477589336137,38.17475038332184],[-85.5945118856729,38.174737343405425],[-85.59427254198955,38.1747255850473],[-85.59397650044237,38.17471096286306],[-85.59386267596318,38.17470552384521],[-85.59371967839634,38.174698699194124],[-85.59352966595482,38.174689601152814],[-85.59346468350891,38.17468653379117],[-85.59311614391896,38.174669868587365],[-85.59290673682194,38.174644733433205],[-85.59256209387878,38.174628696150734],[-85.59249047403836,38.17462537975376],[-85.59228334762129,38.17461572803144],[-85.5920712334808,38.1746029437917],[-85.59198572985633,38.17459778045698],[-85.59186837563756,38.17459070042698],[-85.59172343435253,38.174581948074234],[-85.59166052514662,38.174578161714194],[-85.59147612042334,38.17456704789008],[-85.59124043885657,38.1745527880889],[-85.59103721616597,38.17454049505563],[-85.59096364936852,38.17453611646666],[-85.59082833076924,38.17452795348753],[-85.59068880825646,38.174519976596535],[-85.59062273185516,38.17451623316769],[-85.59043802124995,38.17450579034157],[-85.59020617504854,38.17449254365039],[-85.59002852981736,38.17448244669985],[-85.58992183257187,38.174476436905074],[-85.58983620774079,38.174471512411955],[-85.58965874574575,38.174461175493775],[-85.5892133262971,38.1744343664874],[-85.58900626711801,38.17442206384253],[-85.58848898594078,38.1743912601942],[-85.58842315411621,38.17438746811781],[-85.58821036997081,38.17437530040992],[-85.58800404051665,38.17436347903068],[-85.58791841583803,38.174358601801046],[-85.58780142687694,38.174351854297825],[-85.58767420811553,38.17434461151042],[-85.58758547720579,38.17433953696506],[-85.58747165507023,38.1743329862953],[-85.58737835711798,38.17432766475438],[-85.58724973606434,38.174320275424584],[-85.58716892279936,38.174315644836724],[-85.58705065568621,38.17430889482971],[-85.58693793035731,38.17430239290956],[-85.58684700623365,38.174297170628066],[-85.58673379462861,38.174290715593884],[-85.58663629518645,38.17428452272584],[-85.58644836167593,38.17427243573739],[-85.58622041755828,38.17425783966314],[-85.58602943944274,38.1742456027329],[-85.5857976589884,38.17423071220912],[-85.58557659636895,38.17421655782147],[-85.58499331013135,38.174179204157035],[-85.58446684211778,38.17414543649532],[-85.58368335143759,38.1741092374246],[-85.5837611780357,38.17395274792595],[-85.58353329707114,38.173938146755894],[-85.58332855636021,38.17392516529671],[-85.58312375544965,38.1739120869932],[-85.58291304788838,38.173898663020694],[-85.5827050791407,38.173885435357626],[-85.58249169245369,38.17387176628127],[-85.58228421223275,38.173858587222504],[-85.58207752313523,38.17384535936946],[-85.58186109558208,38.173829954957206],[-85.58163821140302,38.17381415533475],[-85.58142647203319,38.173798996463326],[-85.58101436750329,38.17377585841855],[-85.58070140352805,38.173759544412846],[-85.5798453548214,38.17370739748912],[-85.57965255127266,38.17369543593729],[-85.57944172183923,38.17368243896982],[-85.57923570269631,38.17366964048309],[-85.57903924528685,38.1736574807442],[-85.57878963249124,38.17363822328575],[-85.5785751572639,38.17362161287678],[-85.57836524993418,38.17360539342821],[-85.57815101777399,38.17358887900687],[-85.57802118720976,38.17357888215557],[-85.57793708763452,38.1735735665414],[-85.57752648283571,38.17353532082576],[-85.57716477768837,38.17350027067885],[-85.57639014076183,38.17343336149268],[-85.5760860920333,38.17340872962446],[-85.57584581834966,38.1734071739957],[-85.57544220864648,38.1733736434568],[-85.5751991252678,38.17334991649918],[-85.57499312629348,38.17332980281085],[-85.57478073299711,38.17330905400693],[-85.57462571055203,38.173289687353964],[-85.57423219088372,38.17323957973903],[-85.57389975103841,38.1731935044971],[-85.5733409764581,38.17312497309073],[-85.57315747074844,38.17309714770576],[-85.5728865732084,38.173040536421084],[-85.57287431199428,38.1731753845897],[-85.57290556836752,38.17352517134634],[-85.57291997730067,38.173764107112376],[-85.5729343886401,38.17400208062065],[-85.57292413611202,38.174288867298266],[-85.57290307737406,38.174586552212666],[-85.5728708134868,38.17485830548534],[-85.57285297007,38.17500910784859],[-85.57283394613088,38.17516952547128],[-85.57281398775501,38.17533878838449],[-85.57277420048493,38.175699286515595],[-85.5727204177702,38.17620573729831],[-85.57270222612972,38.17639947604924],[-85.57267451303667,38.17662690517256],[-85.57264995867563,38.17688342707033],[-85.57262882920381,38.17710875053602],[-85.57260367010876,38.1772868522226],[-85.5725467277859,38.17746029048647],[-85.57245898533559,38.17762550879993],[-85.57234233717328,38.177779239395335],[-85.57219916616484,38.17791826658093],[-85.57203234398342,38.178039756507054],[-85.57186162401293,38.17816051863898],[-85.57170847375143,38.17829510638436],[-85.57157454054244,38.178441983427476],[-85.57147376373862,38.178580207849826],[-85.5713900849062,38.1787254297741],[-85.5713379905144,38.17880718409664],[-85.57128576412394,38.178918364102366],[-85.57125155575682,38.17903380231307],[-85.5712358594701,38.17915172096251],[-85.57078684538095,38.17911608687207],[-85.57050932624057,38.1790938847486],[-85.57028363307874,38.179075800746915],[-85.5701984331284,38.179069564380484],[-85.57004703409802,38.17905856375154],[-85.5699057451494,38.17904825226064],[-85.56983461388398,38.179043094809025],[-85.56961378760325,38.17902703603385],[-85.56924984676616,38.17900051672462],[-85.5690472393993,38.178982320596795],[-85.56876035012466,38.17895649431348],[-85.56869756385072,38.17895086874926],[-85.5685274760234,38.178935655176616],[-85.56846012410928,38.17892958910803],[-85.56830166716114,38.17891535441196],[-85.56818194222997,38.17890454422481],[-85.56807482340935,38.178894956119656],[-85.56790510120797,38.17887969356089],[-85.56766352073853,38.1788580212237],[-85.56768475899877,38.17861952480583],[-85.5673448764076,38.17859462334411],[-85.56687526339316,38.178541392424044],[-85.5662487175351,38.17847459848317],[-85.56577337249635,38.17842423920178],[-85.56539369391679,38.17838402827575],[-85.56509488118047,38.17835389482718],[-85.56479862479762,38.17832400608932],[-85.56457191099766,38.17830114881185],[-85.56434348682102,38.178280836376935],[-85.56385533528534,38.17823737327542],[-85.5633361606543,38.17817837678514],[-85.56343816893667,38.17736727075067],[-85.56332649700269,38.177400750486186],[-85.56298337460994,38.17750338993697],[-85.56292247904834,38.17752156451189],[-85.56257557707318,38.17762438870492],[-85.56227232067435,38.17771425125691],[-85.5620600096322,38.17777714002403],[-85.5617523623194,38.17786829256879],[-85.56100856805655,38.178088662521205],[-85.56079332827301,38.17815245791994],[-85.56016819515332,38.178344740658204],[-85.55952300200627,38.178543238748766],[-85.55924965887553,38.17862732411848],[-85.55823128451802,38.178924938917035],[-85.55551152308512,38.17521336562394],[-85.55685501106024,38.17463057572618],[-85.55586270490252,38.17328845391494],[-85.55529795141884,38.17200362680649],[-85.55190638527691,38.17302171581016],[-85.55232636130921,38.17389455349659],[-85.553610916709,38.17350939983391],[-85.55384330511006,38.1740681409617],[-85.55364472155105,38.17438678016387],[-85.55395019354562,38.175890632306015],[-85.553222631867,38.176199797816395],[-85.55316730536933,38.177688934567904],[-85.55309775640086,38.17769054953128],[-85.55299745654285,38.1786280116857],[-85.55433222209052,38.17864895784693],[-85.55440943733836,38.17792222478199],[-85.55474436473185,38.17798498010172],[-85.55515328395231,38.17773424148888],[-85.55552127200542,38.17816209903933],[-85.55510922046192,38.17840132194714],[-85.55494207620366,38.17849499661067],[-85.55484917264766,38.178546481909194],[-85.5546708064675,38.178645378647595],[-85.55459120092824,38.17868957698398],[-85.55456313880975,38.17870578242681],[-85.55448078206047,38.17875353409972],[-85.55428275879993,38.17886831260144],[-85.5541425687748,38.178949625189304],[-85.55366593232115,38.17922597250765],[-85.55357893781444,38.17927636111496],[-85.5535489102427,38.1792756859448],[-85.55301261643271,38.17926363858875],[-85.55279657520732,38.179258806873136],[-85.55279594495686,38.17926697948727],[-85.55273693877217,38.180011124204235],[-85.5527074499038,38.18001376711733],[-85.55172688779255,38.180103480390855],[-85.54976002872021,38.18028330530147],[-85.54964828832121,38.18029354930936],[-85.54969835538117,38.1806081309809],[-85.54985604163953,38.18088337168435],[-85.54999668071966,38.18102107262767],[-85.55007181823152,38.181076973783206],[-85.5501314036963,38.18107231466852],[-85.55019884834653,38.181067091279594],[-85.55107301211207,38.180999473940105],[-85.55194686824318,38.18093189647406],[-85.55257068518681,38.18088365730015],[-85.55324927410416,38.18083117860585],[-85.55326535803265,38.18082990706342],[-85.55343059244066,38.180655696921285],[-85.55455160038755,38.180161986592715],[-85.55460691215467,38.18013765253321],[-85.55514157030365,38.18155369741619],[-85.55555622897762,38.18265336150443],[-85.55593244343997,38.18362136503268],[-85.55598717057075,38.18377387027499],[-85.55611718617189,38.184135602892454],[-85.5561815250531,38.1841077736188],[-85.55635057500383,38.18403506435456],[-85.55654895881163,38.183949180122596],[-85.55656188712668,38.183943575580585],[-85.55675447646819,38.183860230383495],[-85.5568329637531,38.18382622065789],[-85.55694383388101,38.183778176999866],[-85.55700646475809,38.18375111392034],[-85.55712849488805,38.18369827979538],[-85.557250524843,38.18364544554367],[-85.55732577866789,38.18361287358207],[-85.5574564065775,38.18355630326569],[-85.55752544117313,38.183526460916596],[-85.55771028392984,38.183446418939845],[-85.55774515829646,38.183434166517486],[-85.55791744902994,38.18335540211108],[-85.55814511783753,38.183250379180315],[-85.55830521483898,38.18317543978536],[-85.55856386237913,38.183057099385316],[-85.55866955327248,38.183008324935834],[-85.55872883341766,38.182980966304754],[-85.55890075826974,38.182901622341745],[-85.55905938704203,38.18282841212535],[-85.55909232014528,38.18281317483888],[-85.55911201904942,38.182804119398455],[-85.55922021086121,38.18275419434185],[-85.55938475428242,38.18267825156011],[-85.5595062403436,38.18262214445149],[-85.55955685933651,38.182598859177745],[-85.55977567017396,38.1825022807948],[-85.55986148122498,38.182461357732265],[-85.56001633253884,38.18238799509433],[-85.56021424018114,38.18229436273511],[-85.56062090931478,38.18210216353896],[-85.56076288921008,38.18203502937413],[-85.5611449512202,38.18186476109103],[-85.56138162705521,38.18175931291892],[-85.56157604116821,38.181672645353544],[-85.56177070265615,38.18158458314952],[-85.56193573252708,38.18150695455282],[-85.56210832316886,38.18142611674959],[-85.56228310984923,38.18134427218536],[-85.56259279669528,38.18119898277283],[-85.562776166294,38.1811187863537],[-85.56304655240253,38.181001944909596],[-85.5638331949763,38.18068373773074],[-85.56396906284483,38.180622359929835],[-85.56395225012145,38.18074325625559],[-85.56392904744675,38.18091030045192],[-85.56390559554046,38.181079267829276],[-85.56388084125956,38.181257223989185],[-85.56385850792559,38.181417538322755],[-85.5638350555291,38.181586120045296],[-85.56381349617187,38.181753551487226],[-85.56379168661185,38.18192329082545],[-85.56377031158645,38.18208952063278],[-85.5637481295143,38.182262046982146],[-85.56372858771911,38.18242592360241],[-85.56370457712262,38.182598784012875],[-85.56368276701606,38.18276808992351],[-85.56366120891317,38.182934751854944],[-85.56363964920423,38.183101558829875],[-85.56360464563318,38.18335748536846],[-85.56358175982446,38.18351866362886],[-85.56351597333939,38.183854932953714],[-85.56354155957091,38.18385405971746],[-85.56355258606875,38.183853692389484],[-85.56356339666199,38.18391472442679],[-85.56359426802808,38.18408839205697],[-85.56361084462064,38.18418179082311],[-85.56362898222962,38.184283990975075],[-85.56365721079125,38.18444299102472],[-85.56368531916317,38.184601268288816],[-85.56371336710691,38.18475911387687],[-85.56373120561938,38.18485963050328],[-85.5637417746619,38.184919699884986],[-85.56377084583384,38.18508288353628],[-85.5637878422089,38.18517883177348],[-85.56379426389402,38.1852169216207],[-85.56379558976032,38.18524649372768],[-85.56379910921525,38.18532453366604],[-85.56380302949063,38.185411999339095],[-85.56380407007916,38.18543431003329],[-85.56380897045818,38.18554408630188],[-85.56381122147263,38.18559332455431],[-85.56381393135378,38.18565386176135],[-85.56381889340346,38.18576363812019],[-85.56382269807527,38.18584898720905],[-85.56383129066072,38.18604031385943],[-85.56383446417873,38.18611027689227],[-85.56384968955057,38.186449557722135],[-85.56385269066843,38.186515481403156],[-85.56385459310256,38.186558132063055],[-85.56386041988786,38.18668714197262],[-85.5638662466958,38.18681615097651],[-85.56387201200026,38.18694511302815],[-85.56387276193716,38.186961846218686],[-85.56387916677294,38.18710335805353],[-85.56384879066552,38.1871186952856],[-85.56345298703324,38.187318472674264],[-85.56328539444239,38.187417254135596],[-85.56299822663846,38.18758474566712],[-85.56276241711461,38.18772645084256],[-85.5622957354178,38.18800693493559],[-85.56214375459153,38.18809823983273],[-85.56139451718687,38.18854852471248],[-85.56098573876008,38.188790246805254],[-85.56081322247785,38.18888204512089],[-85.56066595174579,38.18896393144322],[-85.56048226062839,38.18906609691457],[-85.56034109032687,38.189144626565515],[-85.56012586061536,38.18926260795336],[-85.55981111189855,38.18908833831953],[-85.55972807565107,38.189042431607035],[-85.55970714888353,38.1890308104938],[-85.55957693858178,38.188946171421826],[-85.55910510771517,38.188738279206845],[-85.5589106333986,38.1886515156379],[-85.55873350253205,38.188572473227055],[-85.55856574368698,38.18849758029633],[-85.55839530668828,38.18842152953784],[-85.55823594422172,38.1883503040953],[-85.55807183735746,38.18827705074918],[-85.55790693832056,38.188203460723685],[-85.55784615082149,38.1881763399103],[-85.55781158951297,38.18816094644157],[-85.55772814684583,38.188178023911135],[-85.55769316025314,38.188185178417704],[-85.55738133206012,38.18824909956836],[-85.55696960423957,38.18835603247203],[-85.55664497570154,38.18842252649135],[-85.55600430816052,38.18855379517571],[-85.55623957124483,38.189158651283556],[-85.55631160525115,38.18937736470291],[-85.55456913515229,38.188990274160965],[-85.55354998694392,38.18888501643948],[-85.55254484257115,38.18867297534218],[-85.55219626373747,38.188699776055394],[-85.55219584355694,38.1886998086886],[-85.5517614185887,38.18847665834034],[-85.55163059419307,38.18838260237817],[-85.55030051525311,38.1880457151526],[-85.54872136819027,38.187691457159],[-85.54856420352469,38.18765164300366],[-85.5484090241671,38.18760724065323],[-85.5482560445785,38.1875583135496],[-85.54810547806913,38.187504927836436],[-85.54795753221477,38.18744715865847],[-85.54789631102156,38.18760752675165],[-85.5477385836406,38.187541311056044],[-85.54758419943198,38.18747035633536],[-85.54743338757632,38.187394767508174],[-85.54750481066912,38.18733601290765],[-85.54514359220283,38.18786334350878],[-85.54478314191523,38.19127292482122],[-85.54446281512818,38.194302703184434],[-85.5424526594435,38.19473844749096],[-85.54148131116797,38.19625579181871],[-85.54182558941994,38.197283043917665],[-85.54005693562752,38.19766594452194],[-85.54062415449674,38.199071347993],[-85.54106742671175,38.1988877388939],[-85.54372035989724,38.197728123968375],[-85.54419020088042,38.19753951933546],[-85.54434605133325,38.19748429053358],[-85.54450501692075,38.19743490073966],[-85.54466674687028,38.197391459251044],[-85.54483088474433,38.19735406094122],[-85.54499706729044,38.19732278896102],[-85.54540636251161,38.1974102155485],[-85.54623364976257,38.197788119109276],[-85.54551639123927,38.19857534669326],[-85.54552826751113,38.19860446864826],[-85.54556645241162,38.19869809888204],[-85.54576896546321,38.19918526504746],[-85.54593397085252,38.19957644494551],[-85.54622240126064,38.20026064702462],[-85.54635629859384,38.200578065867475],[-85.54646755712025,38.20084188277334],[-85.54625093848834,38.20089136866343],[-85.54572191777054,38.20101224405407],[-85.54513357353962,38.20114662170696],[-85.54475416704241,38.20123332570663],[-85.54437341729151,38.201320315365074],[-85.54326091123173,38.20157676015224],[-85.54263876154509,38.201720187728284],[-85.54256593283677,38.20173697756],[-85.54256587114148,38.201736991867364],[-85.5425397627079,38.2017430105126],[-85.54251364310386,38.20174893993632],[-85.54239576208381,38.201775700955274],[-85.54177264638102,38.201917156356366],[-85.54169869908289,38.20193409144367],[-85.54073374650854,38.19952829728358],[-85.54068895356815,38.19952777202961],[-85.5406442347761,38.1995256629801],[-85.54059968260164,38.19952197480362],[-85.54055538265601,38.1995167148598],[-85.54051376438231,38.19951194257117],[-85.54047187722195,38.199508981647405],[-85.54042984674292,38.199507838617635],[-85.54038780079934,38.19950851911408],[-85.54034586498484,38.199511020656566],[-85.54030416719444,38.1995153344622],[-85.54026283190578,38.19952144903938],[-85.54022198361992,38.199529344788],[-85.54018174798979,38.19953899850604],[-85.54014224383383,38.19955038157401],[-85.53940183573461,38.19978209381228],[-85.53932867212504,38.19980421391736],[-85.53925487525717,38.19982498138978],[-85.53918048398667,38.199844384584985],[-85.5391055383085,38.199862412761455],[-85.53913996757376,38.19991211864477],[-85.53905421571251,38.1999503417407],[-85.53896984674662,38.199990435859],[-85.53888692697741,38.2000323713889],[-85.53880552157507,38.20007611511375],[-85.53872569343223,38.20012163201106],[-85.5386475042977,38.20016888795738],[-85.53857101478677,38.200217846124374],[-85.53849628552055,38.200268467881905],[-85.53842337255631,38.20032071369073],[-85.53835233423537,38.200374544015766],[-85.53828322548217,38.200429916612954],[-85.53821610008528,38.20048678743429],[-85.53815650277639,38.20053984437149],[-85.5380983570958,38.20059389675075],[-85.53804169166294,38.200648918497215],[-85.5382494662033,38.20097878981889],[-85.53826590275128,38.2010212964891],[-85.53866532589572,38.20092511767429],[-85.53972439046692,38.2036637853632],[-85.53931975041255,38.20374530591283],[-85.53962230113001,38.20443143248298],[-85.54019005591036,38.20578875782605],[-85.53961561198402,38.20591190379499],[-85.53852779471218,38.206162965405845],[-85.5380931109423,38.20626262762197],[-85.53733648144362,38.20643608944331],[-85.5369311224965,38.20652902120717],[-85.5364318618471,38.206643465722856],[-85.53381683895353,38.20719327494818],[-85.53383951524354,38.207252647131085],[-85.5339292969781,38.20745162392542],[-85.5328724077821,38.20783514981418],[-85.53331788759746,38.2085866465566],[-85.53171812461426,38.20900272648929],[-85.531874467241,38.209420641763714],[-85.5320861316037,38.20998626558267],[-85.53003123474748,38.21071362070167],[-85.52929597411008,38.210973856678095],[-85.52944755910762,38.21143066275209],[-85.52962030498406,38.211923954033225],[-85.52969223639842,38.21218088515476],[-85.52992484720886,38.212987681545265],[-85.52792750913343,38.21340029274124],[-85.5283935609698,38.214760193497156],[-85.52825207235944,38.21472289939827],[-85.52808659505165,38.21463586536765],[-85.52791659466337,38.214570469297406],[-85.52747192185818,38.21456438451598],[-85.52708001488007,38.21463095167117],[-85.52673970388614,38.21467885494546],[-85.52638504191087,38.21471757356085],[-85.52591037667612,38.21475774953962],[-85.52537433183012,38.214723735682746],[-85.52525549619381,38.21467614329154],[-85.52372590832229,38.21504534723011],[-85.52337450186803,38.214124727122005],[-85.52300427909941,38.214213169935796],[-85.5190636838331,38.21414450752893],[-85.51794327988874,38.21412471609078],[-85.51654824654449,38.21397842848419],[-85.51609371322625,38.21388882103122],[-85.51576361759145,38.21433986892227],[-85.5154707959452,38.21439374959054],[-85.51635032592436,38.217481674536366],[-85.51867300678417,38.21922881455671],[-85.51893369263983,38.219424897243655],[-85.52176270227719,38.21875125766302],[-85.52175128945368,38.21872529135716],[-85.52484460858426,38.21798886319477],[-85.52480071340305,38.217901766802576],[-85.52700807189115,38.21743117875211],[-85.52704322950284,38.217525486333635],[-85.52825534501574,38.21727481157507],[-85.52872103961768,38.21717849888459],[-85.53000221606328,38.21690604456057],[-85.53185173740665,38.22165892807063]],[[-85.54436396254711,38.20963564050769],[-85.5443638460078,38.20963566463126],[-85.5442882421784,38.20965073612954],[-85.54310621263313,38.20970858256583],[-85.54268185117344,38.209729331228054],[-85.54065078648176,38.209850906507526],[-85.5404093412688,38.20919196969349],[-85.54062755611648,38.20912720702349],[-85.54044587858213,38.2085798259816],[-85.54039518778316,38.20842698472741],[-85.54009871371572,38.207444265850725],[-85.54183629582734,38.207240864993445],[-85.54256236757215,38.20715483212287],[-85.5433920073806,38.20706711345817],[-85.54349427111043,38.207386592468346],[-85.54357539946496,38.20737798476724],[-85.54390273925073,38.20839347640451],[-85.54381386818262,38.2083958982838],[-85.54410380794121,38.20929620150248],[-85.54419792515736,38.20930833199308],[-85.54430909541964,38.20963349719666],[-85.54436221817635,38.20963058213174],[-85.54436396254711,38.20963564050769]],[[-85.5527805488131,38.19887291066216],[-85.55320298899802,38.1999114814595],[-85.55237300475132,38.20014372036514],[-85.55171624632655,38.20034975182413],[-85.549752859632,38.200913793842105],[-85.54906870029666,38.201107937118756],[-85.54869594876185,38.20121365665382],[-85.54853131071211,38.20126035117342],[-85.54824138882506,38.20077789810096],[-85.54803668147562,38.20026106725292],[-85.54789121631934,38.199893723865706],[-85.54782435412778,38.19972494303781],[-85.54759260556375,38.19913988663546],[-85.54727446435248,38.198289710028874],[-85.54865882345534,38.197966858170865],[-85.54850152509086,38.197560646105785],[-85.55079962134744,38.19758232927323],[-85.55184105211903,38.197601436212324],[-85.55184629314078,38.197532881860326],[-85.55224304415489,38.197556720831855],[-85.5527805488131,38.19887291066216]],[[-85.5551121161928,38.19733680384126],[-85.54678004744615,38.19718840587903],[-85.54740860209711,38.196450770192136],[-85.54748214839385,38.19626247473186],[-85.54749750927539,38.19623145890433],[-85.54751870369554,38.19620266405178],[-85.54754523201497,38.19617676864956],[-85.54757647034617,38.19615438158509],[-85.54761168200005,38.19613603136617],[-85.54765003808055,38.19612214993914],[-85.54769063348976,38.19611306460775],[-85.54784408452726,38.1959437557473],[-85.54790530802781,38.196095067143204],[-85.54794188448966,38.19606234232725],[-85.54801326028328,38.19591385592264],[-85.54808655373311,38.19575248071583],[-85.54815226946664,38.19558908605499],[-85.54821031787489,38.19542389253795],[-85.54826061961661,38.19525712438285],[-85.54830310790612,38.195089007629605],[-85.54833772394403,38.19491977103349],[-85.548364421493,38.19474964246857],[-85.54838316457976,38.194578854329855],[-85.54839392637003,38.19440763722456],[-85.54839669486908,38.19423622268448],[-85.54839146492495,38.19406484495438],[-85.54837824281168,38.193893734693184],[-85.54835704849549,38.19372312528443],[-85.54832790880116,38.19355324651789],[-85.54829086538868,38.19338433000903],[-85.54995075914987,38.19299933008054],[-85.54973195804942,38.19206051047296],[-85.55079104209298,38.19148233779679],[-85.55067149462117,38.19134577025853],[-85.55034603292813,38.190973971951436],[-85.55263973701939,38.18972173877385],[-85.5526742838164,38.189770542768244],[-85.55278150720602,38.189935115302724],[-85.55288145736044,38.19010251547935],[-85.55295351592,38.19018791373316],[-85.55303184561184,38.19026979957669],[-85.55311617323069,38.190347886933864],[-85.55320620384315,38.19042190230584],[-85.55349023938385,38.190657911051304],[-85.55362331674057,38.19076570398578],[-85.5537502097853,38.19087804633445],[-85.5538706690934,38.19099471696444],[-85.55398445781157,38.19111548755579],[-85.55409135052382,38.19124011989674],[-85.55419113894948,38.191368369496686],[-85.55428362738215,38.19149998377657],[-85.55436863154358,38.191634703868694],[-85.55439890215925,38.1916854670829],[-85.55449305235408,38.19184978209088],[-85.55458084185598,38.19201627587136],[-85.55466219112353,38.19218479514133],[-85.55473702518384,38.192355184822524],[-85.55474814924976,38.1923818134602],[-85.55476399727591,38.19241104380073],[-85.55478502585018,38.192438162699666],[-85.55481079239446,38.19246260181011],[-85.55484076056352,38.19248385029251],[-85.55487430022558,38.19250146202273],[-85.55499779921757,38.19255486646413],[-85.5549860471098,38.19255584536226],[-85.55468093981777,38.19258125649946],[-85.55468312476364,38.19274531125473],[-85.55469743369578,38.19290895356034],[-85.55477165776443,38.19308538771258],[-85.5548665520935,38.193255509461494],[-85.55498163213461,38.19341782684714],[-85.55503936590026,38.19347201291174],[-85.55508440911994,38.19353319751608],[-85.55511560887068,38.19359960025209],[-85.5551318128524,38.19366920014939],[-85.55513260028864,38.193740072040725],[-85.55511809825106,38.19380990964321],[-85.55508849559259,38.193876788782745],[-85.55504489257261,38.19393864442868],[-85.55498845377389,38.19399369996429],[-85.55492088810145,38.194040275172014],[-85.5548441480266,38.194076977647214],[-85.55476061426322,38.19410280401454],[-85.5548106270245,38.194175255484005],[-85.55457475161357,38.194225917768875],[-85.55461165773792,38.19429080110405],[-85.55421578422002,38.19438769563914],[-85.5540623957003,38.19442523471659],[-85.55382718182047,38.19451078140072],[-85.55356496063624,38.19460614661354],[-85.55341426172672,38.194654553256164],[-85.55326665343452,38.194701966569724],[-85.55318412808637,38.194728474634815],[-85.55363955700804,38.19549595835161],[-85.55377105695939,38.195697811759764],[-85.5539027817192,38.19591969672005],[-85.55420706259596,38.1957749973652],[-85.5551121161928,38.19733680384126]],[[-85.55596358232593,38.19276863366716],[-85.55549918408799,38.19173413360005],[-85.55640578419323,38.191494337781556],[-85.55673225649605,38.19129645027891],[-85.55673241078864,38.19131813517998],[-85.55674269701139,38.192761533221706],[-85.5563876300332,38.19276475089263],[-85.55596719603312,38.192776684393245],[-85.55596358232593,38.19276863366716]],[[-85.57301158452108,38.181063969366775],[-85.57296566436234,38.18151710974176],[-85.57349420357528,38.18154520947809],[-85.57362466332133,38.18155213536481],[-85.57350340268437,38.18233259351325],[-85.57346665282769,38.18256909622102],[-85.57330025368724,38.18256115511596],[-85.57309042837467,38.18255103241308],[-85.57285788485223,38.18253986620856],[-85.57263149304126,38.18252904483946],[-85.57242014532451,38.18251887091097],[-85.57220087893955,38.18250839638421],[-85.5720029920445,38.1824989158819],[-85.5719241778707,38.18249504643706],[-85.57179347071478,38.18248879133418],[-85.57127222791071,38.182463724122805],[-85.57129981378942,38.1820905148263],[-85.57132783165366,38.18171509424307],[-85.5713339886766,38.18143647572024],[-85.57125018245878,38.181432358619524],[-85.57127863021584,38.18097996100676],[-85.57301158452108,38.181063969366775]],[[-85.57107762190337,38.18125400610448],[-85.57106391710623,38.181554538464745],[-85.57105246881432,38.18180386813022],[-85.57102025177602,38.18180136690604],[-85.57025561464303,38.18172169132253],[-85.56978222317306,38.18168476584517],[-85.56980054215933,38.18144217795512],[-85.56984013239735,38.180846036946924],[-85.56986552770829,38.1808480947308],[-85.5701188744356,38.18086881910682],[-85.57037806894544,38.18088998339198],[-85.57083318058561,38.180927167110646],[-85.5710915824406,38.18094823402682],[-85.57107762190337,38.18125400610448]]]},"properties":{"name":"JEFFERSONTOWN","ballot_code":"JEF"}},{"type":"Feature","geometry":{"type":"Polygon","coordinates":[[[-85.674613599068,38.22039345309005],[-85.6743282858075,38.22053837682377],[-85.6741759004586,38.220617803866126],[-85.67402565071131,38.22069583738771],[-85.67388997302642,38.22076633180493],[-85.67374793686972,38.22085706395721],[-85.67343653561622,38.22047371193299],[-85.67314290826108,38.22011614181641],[-85.67303159055942,38.21997144373216],[-85.67275731435267,38.21964436756979],[-85.67260883363461,38.21972067061338],[-85.67246078028813,38.219796443981394],[-85.6723150427126,38.219871113198764],[-85.67217253610178,38.21994429326272],[-85.67201935929225,38.220022707938476],[-85.67187685323611,38.22009588764401],[-85.67173019908716,38.22017113214801],[-85.67158555804359,38.22024532097078],[-85.67096116954946,38.220589014807466],[-85.67081859863977,38.220663155415934],[-85.67067255291316,38.220738735966854],[-85.67053077603153,38.22081100094814],[-85.67038326518845,38.2208869648672],[-85.67030033360406,38.220929364315516],[-85.67024368219496,38.22095870301259],[-85.67009629451918,38.22103428194193],[-85.66994908791908,38.2211100527144],[-85.6698056018073,38.22118375810903],[-85.66932684416462,38.2214296997475],[-85.66919104015007,38.22149965981209],[-85.66907450569705,38.221559439382126],[-85.66892650496122,38.22163573809684],[-85.66875533118443,38.22172360712542],[-85.66857019155339,38.22181891907611],[-85.66833864438503,38.22193809410746],[-85.66822497554773,38.221996481019346],[-85.66810520667896,38.222057989046526],[-85.66805758288237,38.222080025209614],[-85.66823114816248,38.222310352714096],[-85.6682716204163,38.222362355557394],[-85.6686013109956,38.222778187237004],[-85.66894763627477,38.222813427521125],[-85.6690498371724,38.222820325013295],[-85.66915508625594,38.22282727225147],[-85.66925966495566,38.222834219839406],[-85.66935071311826,38.22284038778611],[-85.6694524278791,38.222846996290144],[-85.66955158200298,38.22285369846766],[-85.66972831997471,38.22286271375366],[-85.66990487530924,38.22287167999984],[-85.67008404780825,38.22288324433146],[-85.67025346971651,38.22289542618773],[-85.67041180085322,38.222904475793705],[-85.67058439121355,38.222917526035786],[-85.67075838172785,38.22293067246615],[-85.6709296303147,38.222943671752525],[-85.67110319454248,38.22295720210263],[-85.67127310151714,38.22297106672508],[-85.67144721429278,38.222985461861676],[-85.67162650608418,38.22300024578612],[-85.67179092822822,38.223013720417676],[-85.67197058839811,38.22302696521593],[-85.67214000960328,38.22303933717543],[-85.67231607397602,38.22305209796687],[-85.67249427147284,38.22306519685461],[-85.67324959073986,38.22312896227028],[-85.67342784661929,38.22314446356338],[-85.67359513262372,38.223159043924795],[-85.67376906266725,38.22317430135189],[-85.67394177328087,38.2231893171815],[-85.67411826144954,38.22320486404843],[-85.67428944875748,38.22321978289082],[-85.67446532873376,38.22323494413843],[-85.67464011098818,38.22325034498283],[-85.67481623417785,38.22326569866992],[-85.67498906806019,38.22328008777866],[-85.67515915890448,38.22329428299393],[-85.67533266318088,38.22330881707991],[-85.67550799586704,38.22332349621705],[-85.67567948820897,38.22333773931752],[-85.6766714921187,38.22344524073322],[-85.67684572970948,38.223458041399255],[-85.67722467602536,38.22348606538543],[-85.67704704796202,38.22326642239588],[-85.67695525072702,38.22315304059327],[-85.6768839076929,38.223064673134445],[-85.67683575684683,38.22300536077711],[-85.67676526608818,38.222918147906036],[-85.67669447184598,38.22283079064831],[-85.67657972659786,38.22268888328175],[-85.6764859838189,38.22257295105856],[-85.67644684269959,38.222524702577495],[-85.67639266680033,38.22245754878959],[-85.676325524609,38.22237480921562],[-85.67623446099127,38.22226210120315],[-85.67611003881062,38.22210845495552],[-85.67596784366309,38.221932681457474],[-85.67587289627821,38.22180477684494],[-85.67566368986111,38.221540252820006],[-85.67531348413567,38.221126975683376],[-85.67505557977223,38.22080876187821],[-85.67477940791264,38.22047640061902],[-85.67468183185926,38.220358734600445],[-85.674613599068,38.22039345309005]]]},"properties":{"name":"KINGSLEY","ballot_code":"KGL"}},{"type":"Feature","geometry":{"type":"Polygon","coordinates":[[[-85.58241600019993,38.28409414358665],[-85.58248963158209,38.28419886883765],[-85.58252770314762,38.284248396579095],[-85.58274902171503,38.284536463923665],[-85.58293239298132,38.28477413850098],[-85.58311296765139,38.2850081068302],[-85.58327091914173,38.285212763036085],[-85.58332542095121,38.28544184233926],[-85.58337110184512,38.285633694551116],[-85.58342197844327,38.28584815256922],[-85.58347376304135,38.286065592170345],[-85.58352530441815,38.28628255028535],[-85.58358814701246,38.28654678626532],[-85.5836326790083,38.28673474279273],[-85.58308168704681,38.28680377828901],[-85.58262350515206,38.28686029853004],[-85.58231352044805,38.28690486145218],[-85.58185408777516,38.286974454227455],[-85.58138569252252,38.28714773895743],[-85.58122425632615,38.287239725638564],[-85.58082610650594,38.28745022557151],[-85.57943271295797,38.2881371068205],[-85.57938771254918,38.28818146689561],[-85.57939529727423,38.28825133743201],[-85.5795971142612,38.28850486145747],[-85.5797848735617,38.28869119915123],[-85.57993930801882,38.28888623779396],[-85.58009197772452,38.28907906276149],[-85.58024550061579,38.28927304285881],[-85.58035382980492,38.28941008019463],[-85.58059645221047,38.28972178829617],[-85.58071031062433,38.28986936258508],[-85.58086072299773,38.2900642986997],[-85.58101095359912,38.2902590901996],[-85.5811644685367,38.29045816478478],[-85.58134258822459,38.29064919720266],[-85.58152207958301,38.29088109921891],[-85.58187030704708,38.29071350871608],[-85.58220235811744,38.29055017376627],[-85.58237647059927,38.29046632943477],[-85.5827356874063,38.29029331920792],[-85.58319151434377,38.290073855066254],[-85.58365253077723,38.289851800816685],[-85.58417222460852,38.28960477697206],[-85.58464298436466,38.2893768105516],[-85.58469949763106,38.28934944385427],[-85.58521815668352,38.28909784703726],[-85.58541534755564,38.289002202667945],[-85.58565192865076,38.28888699718736],[-85.58581608172668,38.288807076496376],[-85.58589192825244,38.288770160746736],[-85.58611592318334,38.28866325444989],[-85.58635066367721,38.28855126500905],[-85.58651169677715,38.288474464428035],[-85.58659022892843,38.28843702307943],[-85.58679437501812,38.28833951112323],[-85.58709353899611,38.28819688751878],[-85.58733163276972,38.288084325028784],[-85.58762554551546,38.28794327852836],[-85.58766910986533,38.28792264526116],[-85.58785817970619,38.28783315896907],[-85.58814709443025,38.28769658294066],[-85.58836658246624,38.287592793395255],[-85.588492117643,38.287533529973345],[-85.58857352256457,38.28749508485982],[-85.58866102068289,38.287453751440786],[-85.58907352273664,38.287258742831845],[-85.5891365203607,38.287228997103114],[-85.5892767319949,38.287162703755314],[-85.58947534585344,38.28706808790464],[-85.58987541242794,38.28687735445147],[-85.59019306829843,38.28672592678023],[-85.59044660904216,38.28660501442276],[-85.58992536307333,38.28595381082287],[-85.58992532887363,38.285953768432016],[-85.58990891972698,38.28593349109471],[-85.589676720287,38.28564903627381],[-85.58956910610559,38.28551417148108],[-85.58935448290708,38.28524737679928],[-85.58930027914452,38.285179944623174],[-85.58920330951909,38.28505961453495],[-85.58905536237242,38.2848756062057],[-85.58896125282742,38.284758693494844],[-85.58890699056033,38.28469116374578],[-85.58882717655008,38.28459191547856],[-85.5887596522381,38.28450802166641],[-85.58869906252009,38.284432646735134],[-85.5886107332688,38.28432304921038],[-85.58857186197886,38.28427458095786],[-85.58844234900123,38.284113674788195],[-85.58830334810793,38.28394088008558],[-85.58820803974906,38.283822352402225],[-85.58817341122426,38.28377939641714],[-85.58804402229384,38.2836184899554],[-85.58793191012711,38.283479146916804],[-85.5877837263016,38.28329494377674],[-85.58771407400882,38.283208353476375],[-85.58764247931904,38.2831183954189],[-85.58751516433722,38.28295830835083],[-85.58739010201778,38.28280115772661],[-85.58725664411436,38.2826334660121],[-85.58712495276181,38.282467843349224],[-85.58700329689117,38.28231492784222],[-85.5869063383178,38.28219300920171],[-85.58683340620412,38.2821014135573],[-85.5867275622906,38.281970827982605],[-85.5857222698129,38.282465953128245],[-85.58528919451614,38.282679254236974],[-85.5852789372228,38.282684306012186],[-85.58486223747816,38.28288953869528],[-85.58338304854867,38.28361798401017],[-85.58241600019993,38.28409414358665]]]},"properties":{"name":"LANGDON PLACE","ballot_code":"LAP"}},{"type":"Feature","geometry":{"type":"Polygon","coordinates":[[[-85.61876370089621,38.22298562543971],[-85.61888509321147,38.223131250654276],[-85.61909763332673,38.223362703490494],[-85.61965906633819,38.22402798443366],[-85.62021495358535,38.22473316203831],[-85.62081906609646,38.22547098826175],[-85.62106370618751,38.22575646636734],[-85.62117617218072,38.22588803964677],[-85.62448758033366,38.2242487492033],[-85.62438241920765,38.22412055187769],[-85.62424782032338,38.22395650349262],[-85.62404595087776,38.2237118974149],[-85.62388014611508,38.22351295701494],[-85.62368009884675,38.223273448983974],[-85.62347445778671,38.22302729900445],[-85.62326516746396,38.22277681740254],[-85.6230987412161,38.22287063581524],[-85.62290794221803,38.22264238670847],[-85.62295461249762,38.22261642506381],[-85.62227707094686,38.2218025631763],[-85.62157874758347,38.222184189595154],[-85.62133533672036,38.222317155393476],[-85.6204347573667,38.22253945605541],[-85.6203003712454,38.222572436394884],[-85.61972698080852,38.222743356493076],[-85.61953552380561,38.222790023636215],[-85.61923504300923,38.2228637836685],[-85.61901858333643,38.22291787421938],[-85.61876370089621,38.22298562543971]]]},"properties":{"name":"LINCOLNSHIRE","ballot_code":"LIN"}},{"type":"Feature","geometry":{"type":"Polygon","coordinates":[[[-85.57480347044236,38.277511387435645],[-85.57490625299403,38.27748177834122],[-85.57517024481733,38.277398414170385],[-85.57524123298778,38.277376017700405],[-85.57541763470215,38.27731997656186],[-85.57570776476977,38.277222370540514],[-85.57581073943973,38.27718853007038],[-85.57610928655099,38.27709026153471],[-85.57613936632677,38.27713756786862],[-85.57623798969185,38.277293345861246],[-85.57636638791854,38.2774961412828],[-85.57647862427942,38.27767338258391],[-85.57659888118519,38.277863231727636],[-85.57668698524616,38.27800610938711],[-85.57681518327774,38.27821731707251],[-85.57694235071949,38.278426745520285],[-85.57713592623291,38.27874579501366],[-85.57728271946483,38.278987608497594],[-85.57736298491366,38.278911087006854],[-85.57779288270845,38.27851510510313],[-85.57787507269231,38.27844945243651],[-85.5781797405929,38.27813430144728],[-85.57794189958982,38.27775513722278],[-85.57785535997841,38.27762072540801],[-85.57776044623097,38.27746783902935],[-85.57765848926233,38.27730215329754],[-85.57763320955772,38.27726230701909],[-85.5775582812308,38.27714435515091],[-85.57751258431462,38.277072361055595],[-85.57745558341968,38.27698256206407],[-85.5774183933191,38.27692428381164],[-85.57734802273379,38.27681403077302],[-85.57724629704178,38.2766543065911],[-85.57713970849318,38.27648736308897],[-85.57761508808582,38.27630208526056],[-85.57779494252497,38.276228064386274],[-85.57826274584772,38.27604719570306],[-85.5787384207599,38.275863211148376],[-85.5789259649497,38.27578665087884],[-85.57941999571213,38.2756023540453],[-85.5793222220951,38.27544686816299],[-85.57922013082084,38.27528555851193],[-85.57911694683693,38.27512251645707],[-85.57897876200724,38.27490398811843],[-85.57888457799544,38.274752834302504],[-85.57874901095548,38.27453661679438],[-85.57865105887946,38.27438045703522],[-85.5785503107285,38.27421982170801],[-85.57845965009321,38.27407535589382],[-85.57836291420712,38.273921120269605],[-85.57827006715532,38.273773093262605],[-85.57817904336277,38.27362800142471],[-85.5781503020695,38.27358213992948],[-85.57808729027107,38.27348165882903],[-85.57804421001217,38.27341308237101],[-85.57799450581992,38.273333727177246],[-85.57794437668349,38.27325384248343],[-85.57790038314985,38.273183967268004],[-85.57784472574673,38.273094986575],[-85.5778130674373,38.27304460156613],[-85.57774513558407,38.272936227966156],[-85.57771882560195,38.27289431246586],[-85.5776443310434,38.27277549531042],[-85.57754753811648,38.27262121112288],[-85.57750117653069,38.27254729332099],[-85.57744333119747,38.27245504057383],[-85.5773718761741,38.27234118020253],[-85.57733943046821,38.27228911092548],[-85.57724257981494,38.27213367316015],[-85.57716122255054,38.272003306242745],[-85.57691605998271,38.271609753834824],[-85.57682396037275,38.27145787960567],[-85.57659612720246,38.271087910860565],[-85.5763062669812,38.270617268134586],[-85.57662842737058,38.27052864866939],[-85.57689084152568,38.27045643203216],[-85.57716802405281,38.270380246951355],[-85.57745307687615,38.27030200410239],[-85.57768436611555,38.27023844354718],[-85.57817300101418,38.27010438642079],[-85.57835998199698,38.270054030372535],[-85.57863752360475,38.26997938029558],[-85.57861364814144,38.26994001637986],[-85.57893994163858,38.26985452200861],[-85.57914565250358,38.26980058526262],[-85.57940054873269,38.26973378585736],[-85.57965257530024,38.26966779893842],[-85.57992418982383,38.2695965987768],[-85.58016150904993,38.269534388064],[-85.58046505440842,38.27003028309926],[-85.58069010230322,38.27039793316152],[-85.58078896758923,38.270554621581454],[-85.58096706307347,38.270841237912684],[-85.58106999418261,38.271007067553235],[-85.58116654744593,38.27116250180449],[-85.58124189298815,38.271283770402604],[-85.58126814383128,38.271325685053185],[-85.58136634074994,38.27148237199239],[-85.58140243542412,38.27154007092607],[-85.58146751537764,38.271643966972434],[-85.58152439254577,38.271734726213374],[-85.58156784015864,38.27180407047126],[-85.58161146971844,38.27187384742824],[-85.58166834702132,38.27196470299571],[-85.58170705565016,38.272026492269966],[-85.58176198824496,38.27211426736611],[-85.58179486354919,38.27216672074683],[-85.58188005938156,38.27230237760877],[-85.58197346194682,38.27244972961642],[-85.58207160612542,38.27260430040164],[-85.58214823687548,38.27272508908181],[-85.58217297108824,38.272763972357126],[-85.58223757003611,38.27286575181966],[-85.58227628137122,38.27292677147998],[-85.58233322340023,38.27301652131985],[-85.58237764733137,38.27308639549482],[-85.58241763408617,38.27314953234875],[-85.58247536698165,38.27324043645357],[-85.58250684664706,38.273289906388754],[-85.58259982718282,38.273436487845125],[-85.5826819898663,38.27356588987463],[-85.58276014310783,38.273688987614726],[-85.58285644435588,38.27385081586562],[-85.58292596598139,38.27396135192344],[-85.58302781831142,38.27412294730086],[-85.58310396355179,38.27424402202359],[-85.58313234432343,38.274289064630025],[-85.58319657977837,38.2743910358118],[-85.58323158380011,38.27444661716068],[-85.58329186891861,38.27454238056127],[-85.58332711701065,38.27459824962693],[-85.5833860048468,38.27469189557054],[-85.58348257170124,38.27484511683309],[-85.5835872217275,38.275011378950495],[-85.5836121990573,38.27505107940285],[-85.5838044850618,38.275356365226635],[-85.58397726305442,38.275630853119864],[-85.58423591099498,38.27555654822533],[-85.58461851296823,38.275446693223834],[-85.58457008604049,38.2753653226987],[-85.58461454488072,38.275339903175144],[-85.58469582859793,38.27529333114099],[-85.58482496408558,38.275258029171844],[-85.5850237344867,38.27520364013957],[-85.5852211000447,38.275149729025536],[-85.58542871780055,38.27509294788514],[-85.5856495407197,38.27502214426714],[-85.58588488990044,38.274946505141195],[-85.5862688574161,38.27482342520614],[-85.5866280931054,38.27471300161606],[-85.58680327822621,38.27492397608715],[-85.58687230233349,38.274904310625324],[-85.58693681014871,38.27488598492585],[-85.58734442483883,38.27476937588485],[-85.58754911719615,38.27471066346956],[-85.58776533297933,38.27490226827135],[-85.5878645074047,38.274983754760534],[-85.58809216620202,38.27518633650972],[-85.5888355106099,38.275832625608146],[-85.58979748586742,38.27602105640857],[-85.59043178031914,38.27588902169074],[-85.59043245110104,38.2758890703453],[-85.59087050805128,38.27593793210933],[-85.59109343930373,38.275962848279754],[-85.5912508912781,38.2759193552252],[-85.59188609837231,38.27570192437605],[-85.59250876111406,38.27544423057939],[-85.59302905827266,38.27513879958335],[-85.5934889921346,38.27499478584169],[-85.59382259694877,38.27540361377241],[-85.59408589038091,38.275722919599595],[-85.59420451044959,38.27587072833775],[-85.59446306127106,38.27618435374051],[-85.5946007323848,38.276351370161706],[-85.5947374922254,38.27651723199999],[-85.59488410786336,38.27669512618727],[-85.59499300608084,38.27682715018515],[-85.59513530162978,38.277000663364134],[-85.59527358257985,38.27716936273494],[-85.59541855627954,38.27734609995762],[-85.59553560700006,38.27748885630151],[-85.59567802710212,38.27766251220502],[-85.59582039321074,38.277832802802365],[-85.59595886231656,38.27800102046437],[-85.5961046425601,38.278172950370866],[-85.59616055491531,38.27823985293095],[-85.59625333107122,38.27835421051639],[-85.59643346919995,38.278576235175],[-85.59704386957634,38.27832460847451],[-85.59760841027808,38.27806666878813],[-85.59798864824857,38.277887243882994],[-85.598537019674,38.27762947178482],[-85.59909339078466,38.27736521687238],[-85.59928143454557,38.27727396115757],[-85.6001250951144,38.27696996811187],[-85.60430977958204,38.27583277574649],[-85.60565885977606,38.27545469678837],[-85.60655445716341,38.27514043135849],[-85.60684615262575,38.27502726896135],[-85.60689839941554,38.2750070426824],[-85.60697390226075,38.27497775747451],[-85.60754068811862,38.27475790036412],[-85.60855804596461,38.274263997343304],[-85.60666608200212,38.27222310335814],[-85.60649658590702,38.27204019553094],[-85.60609661466036,38.271608676867004],[-85.60595055410079,38.2714503179544],[-85.60585121612272,38.27141303090579],[-85.60575116096462,38.27130674969604],[-85.6055526932285,38.27109620805281],[-85.6053556273747,38.270887013799964],[-85.60516209115936,38.27068157329222],[-85.60500696019047,38.27051695125375],[-85.60482949360872,38.270328502924556],[-85.60463591334661,38.27011618628821],[-85.60443375441928,38.26989438704531],[-85.60436746644571,38.269830359419856],[-85.6045329931183,38.269733105879425],[-85.60490152602489,38.269521143016924],[-85.6050869511473,38.26941453685754],[-85.60544125406162,38.2692107283313],[-85.60566074650598,38.269084498643984],[-85.60549107747076,38.26890091687573],[-85.6053239670884,38.2687201255324],[-85.60515308264922,38.26853538674961],[-85.60497721045508,38.268345016941986],[-85.60481022344713,38.26816437004594],[-85.60463721257194,38.267977320533525],[-85.6049435916509,38.26779619554379],[-85.6051498325929,38.2676774509609],[-85.60519568356852,38.26765115955258],[-85.6055429545708,38.267452390073174],[-85.60581598329509,38.26729622358234],[-85.6061621526655,38.2670980761905],[-85.60640166063156,38.26696100387075],[-85.60654062581415,38.266876119568636],[-85.60792351017108,38.26608149322533],[-85.60982048946485,38.26500922403919],[-85.6100552830611,38.26487550374352],[-85.61010064167705,38.26484969004502],[-85.61038524835732,38.26468766138693],[-85.61066216283761,38.26453004667273],[-85.61082338975764,38.264438211908114],[-85.61094310412739,38.26437007913727],[-85.61122099328337,38.26421183898622],[-85.61150400835588,38.26405071841547],[-85.61178635077793,38.26388993423466],[-85.61195215265096,38.26379565086093],[-85.61217430122744,38.263669220124385],[-85.61241726617827,38.263531033175354],[-85.61261438386668,38.26341890039917],[-85.61281754434876,38.2633033119242],[-85.61299451632216,38.263202645942904],[-85.61320518429339,38.263082786849445],[-85.6132690380081,38.26304636833299],[-85.61340132272979,38.26297117957907],[-85.6134974687863,38.26291647997631],[-85.61359282191607,38.26286225959016],[-85.61333545645303,38.26258084118132],[-85.61321959395511,38.26244959399318],[-85.61295573011711,38.26215614756327],[-85.61268484245247,38.26186918285421],[-85.61256912120632,38.26172899227717],[-85.61229702979912,38.26143538970448],[-85.61207716113991,38.26119536052021],[-85.6124075767295,38.26117920623962],[-85.61281355288874,38.261159435711505],[-85.6133741257472,38.26113205358347],[-85.61348084898876,38.26112688811775],[-85.61413332494425,38.26109504051564],[-85.61454838656236,38.2610747465064],[-85.61476189449336,38.261064364780005],[-85.61673907600166,38.26096780317183],[-85.61701804941752,38.260971386507556],[-85.61743656636915,38.26089387105075],[-85.61754078285689,38.26089264169993],[-85.61736820858758,38.26069137940985],[-85.617538919757,38.26060603652952],[-85.61781701681913,38.260451722668286],[-85.61792823054436,38.26038992051019],[-85.61784620034021,38.26029597726054],[-85.61663425560062,38.258847227164026],[-85.61614431678434,38.25826909248977],[-85.6153593324845,38.25731867571321],[-85.6145032245053,38.2562936007247],[-85.6136129029854,38.25521967853434],[-85.6127890747374,38.25424044767385],[-85.61261964999126,38.25403336421066],[-85.61241786192012,38.25414587654826],[-85.61229115396256,38.25421381004753],[-85.61211506803633,38.25430812989956],[-85.61197105543269,38.25440214994053],[-85.61182592253022,38.254475590624374],[-85.6116817043916,38.25454850333602],[-85.61153418998765,38.254623047252316],[-85.61138484411877,38.25469859791085],[-85.61123891655386,38.25477232524566],[-85.61109433117277,38.25484547736182],[-85.61094730496707,38.25491982830969],[-85.61076017888776,38.25501442146526],[-85.60943379840218,38.25565755524184],[-85.60917097421165,38.255796721797964],[-85.6090871028766,38.25584455740106],[-85.60899543152937,38.2557310762547],[-85.60893391245557,38.255665230355525],[-85.60856322951621,38.25523019492241],[-85.60850093197922,38.25515723119428],[-85.60839458920222,38.25503252951022],[-85.60825545428655,38.25486946892899],[-85.60809454152579,38.254680803878784],[-85.60801022256234,38.254581946078375],[-85.60793088748015,38.25449150914239],[-85.60781060788447,38.25435404883274],[-85.60776741206737,38.25430481184419],[-85.6076353298369,38.25415401920565],[-85.60751334779661,38.254014777139744],[-85.60745317825833,38.25394614269465],[-85.60736611739748,38.253846849551195],[-85.60727850992672,38.25374673851263],[-85.6072204704663,38.25368051026783],[-85.60716115291358,38.25361293441951],[-85.60711540232455,38.253560616425716],[-85.60704343087184,38.253478457648825],[-85.60698618289888,38.253413192462716],[-85.60692072114446,38.25333854104792],[-85.60687113794995,38.253281939672114],[-85.60691093030292,38.25298023892644],[-85.60694075733875,38.25275478139084],[-85.6069705244794,38.25252889040012],[-85.60700059797007,38.252301652825174],[-85.60702986968677,38.25207946413073],[-85.60706953578082,38.25177915685994],[-85.60711328555513,38.25144793989366],[-85.6074682089146,38.251474379461996],[-85.60806149672962,38.25151831600285],[-85.60834655824864,38.25153952465218],[-85.6088474271083,38.25157666328344],[-85.60956739630886,38.25163055203418],[-85.60957606058597,38.25156325081327],[-85.60961653203536,38.251250827523414],[-85.60965143319079,38.25098162197378],[-85.60966838811522,38.250851058047495],[-85.60968584055277,38.25071539708002],[-85.60972241042842,38.250433596243234],[-85.6097630664579,38.25011958733569],[-85.60977884526535,38.249998060386886],[-85.60981562828489,38.2497329436734],[-85.60987868402711,38.249277558390986],[-85.60925780654894,38.24922734724929],[-85.60741480609522,38.24907844956809],[-85.60730020223377,38.24906927210675],[-85.60707428601278,38.24905096947814],[-85.60686824145637,38.249034325695085],[-85.60663854542453,38.2490157771064],[-85.60628711361176,38.24898732020742],[-85.6060656469427,38.248969502167874],[-85.60518857488624,38.24889193711871],[-85.60447664067641,38.24882899220738],[-85.60359915337925,38.24874761641636],[-85.60296523673874,38.248697164205915],[-85.60281492042459,38.24868087089673],[-85.60206374390339,38.24860925668325],[-85.6018656933571,38.24859035367142],[-85.60166160824748,38.248570914801476],[-85.6014862938291,38.24855516507952],[-85.60128147539906,38.24853687786119],[-85.60111128200873,38.248521566479305],[-85.6009209101809,38.24850454734322],[-85.60074151220066,38.24848855081665],[-85.60058283889315,38.248474263179226],[-85.60040843852946,38.248458704917866],[-85.60021434894229,38.24844134298595],[-85.60003940053917,38.248425687985055],[-85.59979922442031,38.24840615150891],[-85.59959281811615,38.24838930178662],[-85.59936678385226,38.24837088788269],[-85.59916049999116,38.24835403756178],[-85.5989293460486,38.24833528023818],[-85.59875686734273,38.24830448136547],[-85.5985419335396,38.24828401236966],[-85.59833925272332,38.24826476146787],[-85.59814364284992,38.24824604815577],[-85.59796040778133,38.24822874420391],[-85.59776955218936,38.24821046884163],[-85.59760411616315,38.24819472607174],[-85.59755089524003,38.24822215930891],[-85.59753902564216,38.248271426498036],[-85.59763390427145,38.24861950190983],[-85.59769126660251,38.24883016597937],[-85.59772781557257,38.248963971227354],[-85.59776509010052,38.249100565860886],[-85.59779480008443,38.24920964896943],[-85.59781658343864,38.249289489353124],[-85.5978309249219,38.24934210759217],[-85.59786862270376,38.24948028931118],[-85.59790480920388,38.24961289213354],[-85.59794117570473,38.24974636009165],[-85.59795824004735,38.249808886049365],[-85.59797082625339,38.24985515475206],[-85.59800713293598,38.24998838294847],[-85.59804688954013,38.250134067711805],[-85.59806739601758,38.25021284866235],[-85.59808143032949,38.25026666834159],[-85.5980983675047,38.250331693366206],[-85.59813333116293,38.25046597750701],[-85.59821426874477,38.25077691753981],[-85.59828776494409,38.251059432613346],[-85.59831620390564,38.251165100166354],[-85.5982707279375,38.25119062008641],[-85.5981865045326,38.251230995749175],[-85.59758373888951,38.25155754825058],[-85.59718234001286,38.251775072486446],[-85.5969053381128,38.251925107871855],[-85.59661093945672,38.25208468823577],[-85.59633595068684,38.25223361941145],[-85.59604508974921,38.25239127940422],[-85.59576564240339,38.252542559450546],[-85.5956850674448,38.2525863031555],[-85.59546629513963,38.25270424594609],[-85.59518709143703,38.25285480416744],[-85.59490208717706,38.25300852639734],[-85.59461268686111,38.25316469457212],[-85.59431858433057,38.253323259604755],[-85.59405048289646,38.253498013246606],[-85.59334988195045,38.25388057267714],[-85.5932406747909,38.253939325504916],[-85.59239545648198,38.25439775007943],[-85.59204957700727,38.25458528014286],[-85.5912724095057,38.25500681392776],[-85.59116429174397,38.25506801869314],[-85.5909356080549,38.25519478624609],[-85.59087520541931,38.25521263861251],[-85.59053420046573,38.25531372387496],[-85.59021961377499,38.25540681538828],[-85.5899270521732,38.255493539957094],[-85.58957414748375,38.255597972331145],[-85.58923313906158,38.25569900608306],[-85.58890897001163,38.25579501370685],[-85.58848534546685,38.25592045328318],[-85.58853921933083,38.25604423547717],[-85.58838944797355,38.25607980267632],[-85.5879485578461,38.25620863047501],[-85.58751810068557,38.25674821655672],[-85.58614744385073,38.258329977249915],[-85.58562285329106,38.25893279459182],[-85.58535912845048,38.25923153218403],[-85.58357366652398,38.26143026828872],[-85.58348315961038,38.261516876951646],[-85.5833308686486,38.261689701153834],[-85.58320148743059,38.26184308507451],[-85.5830436613147,38.2617398283057],[-85.58236940315987,38.261447223147464],[-85.58176731684229,38.261169382488305],[-85.58228749762789,38.26032834087492],[-85.58201910994592,38.26028391970892],[-85.57946562222486,38.25994539242423],[-85.57659514270159,38.25375547228873],[-85.5783895698043,38.25323868178649],[-85.57967758920765,38.25285619269376],[-85.58000456230423,38.2527602143042],[-85.58181910440331,38.25222503457414],[-85.58120486862718,38.25092437018414],[-85.58113448897957,38.2507731546234],[-85.57995111120935,38.248265393813924],[-85.57986714026784,38.2480883867938],[-85.58011986203378,38.24805865239562],[-85.57976447358331,38.24729578728377],[-85.57952569612944,38.246754736882366],[-85.57923078931259,38.24673156963871],[-85.57903528359108,38.24672445986971],[-85.5781949259848,38.24666525879538],[-85.57720662453465,38.24659617121614],[-85.57708032469567,38.24668969469397],[-85.57708747512633,38.246786057425425],[-85.57711456459842,38.24690735362533],[-85.57715041538206,38.247010297441975],[-85.57718105807403,38.24709852096103],[-85.57719580437974,38.24712796695018],[-85.57722887632906,38.24719417363693],[-85.57725976405435,38.24725595341096],[-85.57728145538641,38.247287380826236],[-85.57732605464287,38.24735177715978],[-85.57755154719867,38.247675731692134],[-85.57777053368903,38.24804530360138],[-85.57783261326998,38.24816996874546],[-85.57786743444113,38.24824439903527],[-85.57757441188903,38.248326045377354],[-85.57772529815344,38.248643303838776],[-85.57787533644277,38.248958781448806],[-85.57797635432051,38.24917091240455],[-85.57807270085114,38.249373372782635],[-85.5781873704746,38.249614371183505],[-85.57834293402273,38.24994129921378],[-85.57840695027264,38.25017775331595],[-85.5781423479647,38.250252325558044],[-85.57771789828425,38.250371908079295],[-85.57739783726731,38.250461446626566],[-85.5771399974253,38.25053761397735],[-85.57700442893409,38.25057645624108],[-85.57670443489805,38.25066241750533],[-85.57611005265177,38.250834151379365],[-85.57600322046268,38.25086495851779],[-85.57589480123663,38.25089624253507],[-85.5754490972768,38.2510276134278],[-85.57522384243369,38.25109093913754],[-85.57527879629471,38.25121141183915],[-85.5754556681792,38.25159929242599],[-85.57557970930483,38.25187122253263],[-85.57570412789383,38.2521390185428],[-85.575857236072,38.25247080216508],[-85.57595684570688,38.25268519216611],[-85.57609649274207,38.25298584823021],[-85.57616995600831,38.25314476361687],[-85.57628333471013,38.253389897107475],[-85.57637470053349,38.2535846102776],[-85.5765556736682,38.253970330855815],[-85.5766526829551,38.25417716813423],[-85.57673592062201,38.25435470491827],[-85.57682277240512,38.254551285970585],[-85.57690592456399,38.25473978444705],[-85.57700760222724,38.254958744297745],[-85.57710497248513,38.25516865844239],[-85.57720319929444,38.25537751601949],[-85.57730227691627,38.255588250537585],[-85.57740026224745,38.2557962904033],[-85.57749885570247,38.256005917647684],[-85.57759950662496,38.25622227884873],[-85.57771514381972,38.25647068270224],[-85.57777102031058,38.25659096348872],[-85.5778359380013,38.25673048923725],[-85.57792597324107,38.256924093601214],[-85.57800011744452,38.25708151846766],[-85.57807341247741,38.25723721040635],[-85.57816988603346,38.25744226696706],[-85.57826635326312,38.25764977493211],[-85.57836694813176,38.25786613529066],[-85.5784623247058,38.25807142963752],[-85.57867728889774,38.25853388337091],[-85.57877057056928,38.25872292383285],[-85.57855360900882,38.25877689150904],[-85.57781435331425,38.258918903829986],[-85.57727701745667,38.25902404009748],[-85.5771802011457,38.25904293869334],[-85.5766807473712,38.25914057934311],[-85.57611198185211,38.259255425257855],[-85.57570013180703,38.25933544879725],[-85.57521739126881,38.259429165293646],[-85.57491474120664,38.25948727926992],[-85.5747844301572,38.25951338626274],[-85.5743402372218,38.259602252331206],[-85.57390592754356,38.25968906374071],[-85.57354354360787,38.25976165379406],[-85.57298799335761,38.25985376243896],[-85.57271925062771,38.259908987989625],[-85.57240232326171,38.25996914184932],[-85.57196936212964,38.260051188418785],[-85.57171746632422,38.26009893656785],[-85.57145019657551,38.260149594504604],[-85.57121141204236,38.26019692889543],[-85.57096176688209,38.26024631407198],[-85.57070150625682,38.2602979422408],[-85.57045155599262,38.260347518683375],[-85.57013438043934,38.26040809855095],[-85.5699303724029,38.26044706916475],[-85.56962459916294,38.260506991997936],[-85.56929362955607,38.2605720191366],[-85.56887413630557,38.260654315496936],[-85.56847874109538,38.260731983978374],[-85.56762219532,38.26079504600174],[-85.56713846889308,38.260860409147384],[-85.56635847056562,38.26096425575796],[-85.56566429540887,38.26105673921995],[-85.56536570283943,38.26109646909037],[-85.5651239121346,38.261123641116974],[-85.56472969131121,38.26116797882769],[-85.56449656152026,38.26119429821122],[-85.56432790425795,38.26121369803749],[-85.56391934509905,38.26126079991783],[-85.56379423976276,38.26127521938609],[-85.56329241524996,38.26133313427903],[-85.56283389789881,38.26138601882356],[-85.56237062258042,38.26143947156283],[-85.56207311364906,38.26145895215163],[-85.5621315999358,38.26152823216213],[-85.56223337128542,38.261649025439276],[-85.56231970034617,38.261751572292475],[-85.56236920420776,38.26185184885974],[-85.56241482639375,38.26194408992693],[-85.56266500045697,38.2624338415475],[-85.5629790964851,38.26303908445391],[-85.56307027884917,38.26317678378262],[-85.56371429917627,38.26452566533227],[-85.56249356884625,38.26492842464383],[-85.56132862253297,38.26530822914115],[-85.56050115348431,38.26556620143072],[-85.55995351180916,38.26573687167307],[-85.55986525492757,38.26576601009307],[-85.56037839971684,38.266818239221124],[-85.559379365517,38.26709818852683],[-85.55904969077206,38.26719006633966],[-85.55885262862593,38.267244992151646],[-85.55867625633337,38.26729413270981],[-85.55839058133083,38.267373723193785],[-85.55810874933101,38.267452261496096],[-85.55782343904036,38.267531754798696],[-85.55766085717431,38.26757711870433],[-85.5577863363393,38.26786772378231],[-85.5579003591658,38.268131961681085],[-85.55798783251764,38.26833437430174],[-85.55807536553675,38.26853731670337],[-85.55816332431517,38.2687410759826],[-85.55824116012617,38.268921357021874],[-85.55835743010094,38.26919064608379],[-85.55839071013371,38.269267723476496],[-85.55843658972134,38.26937770789556],[-85.55854008558954,38.26963471677802],[-85.55873089988877,38.270108561541626],[-85.55888487368998,38.2704910905921],[-85.55892117133914,38.27058115452756],[-85.55898127911613,38.27066139953234],[-85.55896523425504,38.270804266792595],[-85.55896431391292,38.27094744585824],[-85.55905206641206,38.27113851135034],[-85.55969618953264,38.272540683416615],[-85.56023409324158,38.273729593037665],[-85.56072033447508,38.274808073844454],[-85.56077734416532,38.27486186990077],[-85.56085287847175,38.274898579219965],[-85.56093938398055,38.27491419938292],[-85.56101160644516,38.274910372131615],[-85.5610800862534,38.27489172989663],[-85.56378217846843,38.27408865980307],[-85.56415350568167,38.27396043854046],[-85.56472455443085,38.273790747147096],[-85.5648130483976,38.27379170368024],[-85.56509504211346,38.27370382221571],[-85.5653326617514,38.27362966986758],[-85.56556790073518,38.2735558016378],[-85.56578891889859,38.27348633449289],[-85.56601872540621,38.273414091241456],[-85.56624882633513,38.27334550316837],[-85.56647905026665,38.27327691393706],[-85.56664750862686,38.273616904691266],[-85.56641850377403,38.2736857366899],[-85.56619425278532,38.273755969400966],[-85.56595931863755,38.273829502388494],[-85.56574013289585,38.27389801138092],[-85.56549989243649,38.27397115048858],[-85.56525573329897,38.27405082211153],[-85.56502268106209,38.27412695272111],[-85.56493374525138,38.27415609470187],[-85.56473430645308,38.27432632058767],[-85.564735165753,38.274372670570365],[-85.56477009843684,38.274451046898854],[-85.56486204060143,38.274657547741235],[-85.56495332662169,38.2748579417142],[-85.56504267237507,38.27505429450141],[-85.56514081376038,38.27526998818754],[-85.56523354711905,38.27547764404489],[-85.56532173185215,38.2756754362961],[-85.56541543714303,38.27588559364507],[-85.56549161387781,38.27605620239442],[-85.5655114473459,38.27610065838391],[-85.5655799808154,38.27625481186572],[-85.56560551505495,38.276312114392226],[-85.56567647578632,38.27647156108166],[-85.56569794678224,38.27651986575059],[-85.56576387345159,38.27666786064029],[-85.56579262226975,38.276732764953856],[-85.56585157565588,38.27686459485525],[-85.56588815002233,38.27694648255673],[-85.56597263832336,38.277135710336374],[-85.56591559725946,38.27714110304893],[-85.5659671413678,38.27748043231727],[-85.56584976218872,38.27749178828931],[-85.56570164935226,38.27750045291013],[-85.56586701621754,38.27781130363697],[-85.56596734989913,38.2780307505283],[-85.56628059140822,38.27874704351718],[-85.5674582154485,38.27839745238736],[-85.56765140156604,38.278340102681106],[-85.56787804212435,38.27827092867836],[-85.56809125390487,38.278205868978155],[-85.56830574647132,38.278140377501],[-85.56853354580797,38.278070770661614],[-85.56874016344251,38.278007766467226],[-85.56957364305647,38.27775686312899],[-85.56971659495768,38.277713473016384],[-85.57012408713474,38.2775898073941],[-85.5703668355772,38.27751618166564],[-85.57060756931082,38.277443177646546],[-85.57046791482716,38.277135737590214],[-85.57040028701053,38.27698014594393],[-85.57030887743268,38.27677312152075],[-85.57026138324146,38.27666554326507],[-85.570225232859,38.276583608907615],[-85.57019338759062,38.27651163389877],[-85.57014704641949,38.276406606134614],[-85.57006382957105,38.27621685438228],[-85.56998479792487,38.27603667614097],[-85.56992560121478,38.2759015792497],[-85.56990255301088,38.27584894476648],[-85.56982170214269,38.27566477330819],[-85.56974891956081,38.275498740339344],[-85.56968213810674,38.275347861475886],[-85.56964829175729,38.27527160371854],[-85.56961487044397,38.27519635656555],[-85.56956852927668,38.275092001543904],[-85.5695385042164,38.275024451877826],[-85.56948706776839,38.274908646047415],[-85.56940166461499,38.27471653441539],[-85.56930898078652,38.27450897827115],[-85.56924389761349,38.27436257223579],[-85.56914866506999,38.27415030006631],[-85.56907733214663,38.27399133679938],[-85.56905585872579,38.27394341651233],[-85.56900854643855,38.27383771372229],[-85.56894030785915,38.27368572576406],[-85.56889087203201,38.273575548239116],[-85.56887067409112,38.27353003360723],[-85.56879267649957,38.273353703073084],[-85.56870339652507,38.27315201678434],[-85.56863940930211,38.273007536470075],[-85.56839496222761,38.27308245350054],[-85.56813977359288,38.27316076813782],[-85.56793273948342,38.27322463652928],[-85.56771014088382,38.27329333582981],[-85.56757689920283,38.273334478936874],[-85.56747631148062,38.2733654797594],[-85.5673096301694,38.273020540365614],[-85.56754393900778,38.27295147515567],[-85.5677679322286,38.272885518108815],[-85.56800272844518,38.272816356337636],[-85.56823227447279,38.27274882036841],[-85.56849197004443,38.27267286842884],[-85.56865932296189,38.27262394005094],[-85.56885682431827,38.27256616245811],[-85.56905811104446,38.272507236199736],[-85.56925280190212,38.27245161683906],[-85.569319935899,38.27243239116573],[-85.56946153188436,38.27239063447055],[-85.57027266095517,38.27214954734341],[-85.57046722836705,38.272093637489824],[-85.57067082823617,38.27203504894984],[-85.57086179526294,38.27197999790815],[-85.57107198491886,38.27191968791706],[-85.57105107290559,38.27186667301815],[-85.57163428513479,38.271698216248446],[-85.57297677413635,38.27131001843255],[-85.57374093608456,38.271086819393815],[-85.57409704809106,38.27098253572443],[-85.57411761404303,38.27102814554242],[-85.57419089797796,38.27119085946597],[-85.57386798756383,38.271284807522775],[-85.573997409342,38.271486405545204],[-85.57422878868707,38.27184715336037],[-85.574267008523,38.271906637010574],[-85.57434514041607,38.27203156749098],[-85.57444526805988,38.27219138753131],[-85.5744866437123,38.27225755815698],[-85.57454071747996,38.27234394156199],[-85.57463191295713,38.272490046487825],[-85.57472469038422,38.27263812406425],[-85.57481546145205,38.2727832668894],[-85.57487196684086,38.272873498996354],[-85.57491055619167,38.272931828844776],[-85.57505646640865,38.273152537587976],[-85.57514466720937,38.273302050466874],[-85.57528401574778,38.273538470845644],[-85.57531251066308,38.273584332676414],[-85.57534270746834,38.27363255300335],[-85.57539757286786,38.273720427323916],[-85.57548998640988,38.27386855235761],[-85.57555767214093,38.27397702326512],[-85.5755801528353,38.27401306838702],[-85.57566874048278,38.27415503321996],[-85.57576316010079,38.27430638188127],[-85.57578096277356,38.27433487189151],[-85.57585247728059,38.274449454007566],[-85.57594398175904,38.27459613488968],[-85.57600146151287,38.27468824362228],[-85.57604137990278,38.274752248322386],[-85.57613568070187,38.27490326042797],[-85.57622311580403,38.27504344373145],[-85.57631413578646,38.275189258673905],[-85.5763706426958,38.275279923357296],[-85.57601392756287,38.275399838999505],[-85.5758944119924,38.27543995389536],[-85.57574004300706,38.27549184507864],[-85.5754671940333,38.27558351509316],[-85.57530910144816,38.27563660209437],[-85.57524824325208,38.275657138685155],[-85.57517005235027,38.27568317789448],[-85.57500732075006,38.27573702705432],[-85.57475492249404,38.275820455807],[-85.5745179672122,38.27589885977596],[-85.57438319815232,38.275940296554545],[-85.57412544128348,38.276019581541306],[-85.57402941689865,38.276055113866676],[-85.5739634342202,38.27607617103738],[-85.57480347044236,38.277511387435645]]]},"properties":{"name":"LYNDON","ballot_code":"LYN"}},{"type":"Feature","geometry":{"type":"Polygon","coordinates":[[[-85.70871864252487,38.18373390730228],[-85.7089245446814,38.183608680523704],[-85.7092116690305,38.18344184380403],[-85.70945004850309,38.183294606586955],[-85.70958989537445,38.18320791676488],[-85.7097213333886,38.18312627297153],[-85.7098583763256,38.18304140904905],[-85.70999627312816,38.18295587222694],[-85.7101184507667,38.182874079796555],[-85.71026237805162,38.18278503539901],[-85.71039728758899,38.18270209280715],[-85.71053871560535,38.18261506631605],[-85.7107084790028,38.182510644048016],[-85.71094319599867,38.18236628748958],[-85.71125919853408,38.18217180887653],[-85.71130496048285,38.18214364858454],[-85.71159969476973,38.181962288387666],[-85.71168579333829,38.18190933090161],[-85.71182502489211,38.181823648198986],[-85.71191947091224,38.18176554957134],[-85.7119818057578,38.18172710431909],[-85.71207417933728,38.18166991848839],[-85.71225210384826,38.181559630350336],[-85.71232071378117,38.18151714875194],[-85.71246311265388,38.18142891744122],[-85.7127204308263,38.18126961191114],[-85.71296714410248,38.18111679311618],[-85.71320435212732,38.18096983618916],[-85.71346465177383,38.18080855771484],[-85.71360802297255,38.180719749586984],[-85.71367590061291,38.180677699435805],[-85.71381311711441,38.18059273452645],[-85.71394984698038,38.18050791436464],[-85.71401815007624,38.18046567223677],[-85.71416602878482,38.18037407537775],[-85.71440140407361,38.180228221863636],[-85.71465877024967,38.18007746954288],[-85.71475796314343,38.180017782523066],[-85.71485044863702,38.17997299915754],[-85.71512869786466,38.17983835964449],[-85.71536801495242,38.1797226033257],[-85.71550229405446,38.17965763722428],[-85.71565942117134,38.17958161993932],[-85.71577152397309,38.179527417344104],[-85.71607828287705,38.17937903224677],[-85.71645802794745,38.179195328123726],[-85.71701329556329,38.1789239249862],[-85.71693390478382,38.178841155429396],[-85.71370415654276,38.17574837637867],[-85.71359518198692,38.17564295028814],[-85.71266005414434,38.174802976701464],[-85.71084553840043,38.17597397317167],[-85.70958975612322,38.17679933742397],[-85.70932446034816,38.17697358707594],[-85.70910510664764,38.17711780177985],[-85.70902162984545,38.177171286332566],[-85.70823831788833,38.17762556800652],[-85.70807447860793,38.17771695905],[-85.7080211647853,38.17774660565636],[-85.70791386788417,38.17780638058],[-85.70781747682618,38.17786005248422],[-85.70774856526897,38.177898492328325],[-85.70758685760632,38.17798863379854],[-85.70739724386752,38.178094295109005],[-85.70726289308665,38.17816915643137],[-85.70641901146097,38.178626143895585],[-85.70663426405532,38.178843740141076],[-85.70674371765668,38.17895446236305],[-85.70685079664744,38.17906268250611],[-85.70695434540667,38.1791672964614],[-85.70706154703457,38.179275709260665],[-85.70711183065387,38.17932664432953],[-85.70722353760644,38.17943948240005],[-85.7073231917869,38.179540151043724],[-85.70742674186053,38.179644812323794],[-85.70753607579499,38.17975538958889],[-85.70764425335231,38.179864763533445],[-85.70775127465953,38.17997269450135],[-85.70756804075393,38.18030693479099],[-85.70743270566639,38.180391603925216],[-85.70729420169381,38.18047819533981],[-85.70715923134541,38.1805626723815],[-85.70703047690012,38.18064325661177],[-85.70695656290847,38.18068943532596],[-85.70673963440586,38.18082499162339],[-85.70648212228471,38.1809861121658],[-85.7062277766119,38.18114516557599],[-85.70631148164271,38.181231741478314],[-85.7065461576309,38.18147420280258],[-85.70671904632547,38.181652693459654],[-85.7068249106025,38.18176206725186],[-85.70695299608818,38.18189433649863],[-85.70705849607626,38.18200322882138],[-85.70713787936279,38.18208566797597],[-85.70718158889157,38.1821309758087],[-85.7072422228548,38.18219388758273],[-85.70728112301458,38.182234240980506],[-85.70734193961361,38.18229744107947],[-85.7073886930165,38.18234582766034],[-85.70744944941414,38.182408834871865],[-85.7074927326709,38.18245370996436],[-85.70755038405349,38.18251349502178],[-85.70762008891154,38.18258592864772],[-85.70765929525784,38.18262652348765],[-85.70772790410305,38.18269770700366],[-85.70776619672651,38.1827374833954],[-85.7078707245342,38.182845990805845],[-85.70795449253755,38.18293299889587],[-85.70808519793158,38.1830699790006],[-85.70818911803283,38.183178918371944],[-85.70828567112949,38.1832802580341],[-85.70834995838358,38.183347497888874],[-85.70871864252487,38.18373390730228]]]},"properties":{"name":"LYNNVIEW","ballot_code":"LNV"}},{"type":"Feature","geometry":{"type":"Polygon","coordinates":[[[-85.5843905598009,38.29889242682784],[-85.58462985446272,38.29920211735756],[-85.58467312599723,38.29925811932972],[-85.58497916320535,38.29964973341001],[-85.58536182535347,38.30013943558282],[-85.58556029698418,38.3003932582507],[-85.5859126048387,38.300227371947294],[-85.58626447379334,38.300058662220096],[-85.58747575010034,38.2994649621924],[-85.5875661598612,38.299420647969846],[-85.58771604278793,38.29934724345811],[-85.58830476222676,38.29905867295819],[-85.58843320606047,38.29899576851731],[-85.58859328720258,38.298917281049604],[-85.58919287105942,38.29862346749628],[-85.58932980340877,38.29855629410814],[-85.58949250924239,38.29847651161545],[-85.59008213033688,38.2981874757646],[-85.59021658215184,38.29812150796571],[-85.59056348559764,38.29795113535923],[-85.59041138802398,38.297750122118664],[-85.59027855334469,38.29757459630409],[-85.59010731844707,38.29734827627171],[-85.5899575169835,38.29715028638319],[-85.5898033617628,38.29694651263105],[-85.58965517954294,38.29675065075909],[-85.58950237321152,38.296548747879775],[-85.58898916159114,38.29589067072122],[-85.58868844812007,38.29603549502648],[-85.58861839402772,38.29606924184907],[-85.5885464458352,38.296103900508776],[-85.58838857249471,38.296179842205014],[-85.58817304537975,38.29628359102585],[-85.58791617232639,38.296407283889366],[-85.58783842573543,38.29644472801608],[-85.58764469981342,38.29653802410537],[-85.5873980232367,38.29665677821316],[-85.58732491805362,38.29669196789802],[-85.58714249018327,38.296779749569765],[-85.5870541165107,38.29682232296931],[-85.58689330907129,38.29689970103847],[-85.5867922304305,38.296948410208],[-85.58663630813635,38.29702343958381],[-85.58640843863064,38.297133178362095],[-85.58621291543678,38.29723772063504],[-85.58605984886492,38.297317380459134],[-85.5859597975396,38.29736476504327],[-85.58535544783508,38.297667944480104],[-85.58481169068071,38.29792657155555],[-85.58428217619725,38.298178427419515],[-85.58395677606856,38.2983267692311],[-85.5843905598009,38.29889242682784]]]},"properties":{"name":"MANOR CREEK","ballot_code":"MAC"}},{"type":"Feature","geometry":{"type":"Polygon","coordinates":[[[-85.65075898748098,38.26560469621842],[-85.65092793798212,38.265810233688505],[-85.65127298486324,38.266215592768084],[-85.65142544142543,38.26639971987481],[-85.65157393072856,38.266585815664236],[-85.65172248249338,38.26677191040763],[-85.65187616149909,38.26695541355617],[-85.65202721682063,38.26714026034826],[-85.65218571874045,38.267321170516965],[-85.65234049794392,38.26750404867879],[-85.65248397889742,38.26768115572186],[-85.65265443713393,38.26788672156972],[-85.65266770855057,38.26790292802559],[-85.6523300917212,38.26810585011073],[-85.65232406178548,38.26823971962755],[-85.65231953357322,38.268339930754635],[-85.65231664377578,38.26840424473844],[-85.65229671808211,38.26884655589382],[-85.65229523825403,38.26888004491166],[-85.6528806364678,38.26879903451595],[-85.6534862019147,38.26844326038189],[-85.6535574281097,38.2684018745737],[-85.65382887577069,38.268244183497934],[-85.65389407918968,38.26827358141181],[-85.65402135637709,38.2681140221972],[-85.65403994080562,38.26801030417232],[-85.65408034283486,38.26778590756932],[-85.65369045748707,38.267380104162406],[-85.65379637366465,38.26731781185643],[-85.65401901291399,38.26718691733149],[-85.65424638826379,38.26705330443324],[-85.65446855717624,38.26692344386953],[-85.65467915965358,38.26680041721677],[-85.65494142269955,38.26664707404087],[-85.65543500234035,38.26635869472209],[-85.65539132683958,38.26631365897041],[-85.65538396348144,38.26630609858535],[-85.6556094590658,38.26617104721743],[-85.65554703914594,38.266095587570085],[-85.65553080179087,38.266075961742935],[-85.6553287341991,38.265831649844536],[-85.65513163110853,38.265593381558844],[-85.65509872671143,38.26555360508225],[-85.65494279564874,38.26536504087581],[-85.65484911587353,38.2652518507963],[-85.65479646407691,38.26518821640151],[-85.6547894255168,38.265179706632296],[-85.65463834165165,38.26499700390728],[-85.65453083044244,38.26486232456695],[-85.6543353894552,38.26462847991148],[-85.65427653046822,38.26455928226811],[-85.65416818941954,38.26442489201654],[-85.65385743173579,38.264530988682125],[-85.65337640148796,38.26469617440305],[-85.65302063308746,38.26481836730696],[-85.65300748114085,38.26482285409517],[-85.65277008536324,38.26490445247601],[-85.65250498339235,38.26499551821529],[-85.6522655675433,38.265077777019656],[-85.65194402478204,38.26518822846828],[-85.65164817341207,38.26529008456439],[-85.65163054913258,38.26529588287624],[-85.65127851567713,38.26541170658739],[-85.65075898748098,38.26560469621842]]]},"properties":{"name":"MARYHILL ESTATES","ballot_code":"MAE"}},{"type":"Feature","geometry":{"type":"MultiPolygon","coordinates":[[[[-85.57260171482002,38.28473303438711],[-85.57261302433355,38.28474764042051],[-85.5727705945337,38.28495113618411],[-85.57279226107558,38.284979116992766],[-85.57420234571913,38.28680012539929],[-85.57529991995827,38.286376912470246],[-85.57529995543402,38.286376895404544],[-85.57528461619151,38.28635683474498],[-85.57502241050868,38.28603484536206],[-85.57481833023407,38.28576823178173],[-85.57466076959847,38.28556241076265],[-85.57454644717444,38.28541309992904],[-85.57441084130949,38.285236110858996],[-85.57423522343976,38.28500655935754],[-85.57403589103062,38.28474629858222],[-85.57399168257471,38.28468848916377],[-85.57379740022968,38.284434629512084],[-85.57363905560375,38.2842277968126],[-85.57396880557069,38.283950581263525],[-85.57410259883525,38.28383827391216],[-85.57401685858291,38.28375237330441],[-85.57399426181898,38.28368748028263],[-85.5740243890661,38.28363858002325],[-85.57390547433855,38.28349806033784],[-85.57377598477652,38.28336709108137],[-85.57362976394317,38.28321854893769],[-85.57379430888767,38.28312744294184],[-85.57400407443059,38.28292562934405],[-85.57418713616406,38.282820222499225],[-85.57444249431374,38.282554818219324],[-85.574159913483,38.28239395843108],[-85.57428474715195,38.282251925058155],[-85.57457302857689,38.281940412692],[-85.57479637307326,38.28169496126134],[-85.57495395433347,38.281529513044376],[-85.57514508883939,38.28133608377698],[-85.57537767912162,38.281099587708525],[-85.57555377644346,38.28091873178023],[-85.57576307412485,38.28070369280088],[-85.5758704102848,38.2802465665258],[-85.5760148732301,38.280132110314206],[-85.57623230064169,38.279959679396825],[-85.57643295162659,38.27981390876355],[-85.57610834587682,38.27939759369795],[-85.57527717481244,38.27934607882629],[-85.57512423366884,38.279332198188406],[-85.57402086210716,38.278840585098564],[-85.57260638736419,38.27877491374679],[-85.57235786511252,38.27876333866408],[-85.57202463879301,38.27874461553558],[-85.57168453436203,38.27874569033957],[-85.57137393998222,38.27885167049053],[-85.57114564422649,38.27892483898714],[-85.57092027860315,38.27899705015919],[-85.57069570633396,38.27906902154879],[-85.57045825282701,38.27914506059593],[-85.57017764201616,38.279235023602084],[-85.56988080689615,38.27932515406271],[-85.56953397796298,38.27943059313485],[-85.56924226665632,38.279519190976345],[-85.56887393818377,38.27963608602293],[-85.56862274838271,38.27971575372489],[-85.56839573120236,38.27978781339941],[-85.5681681028767,38.27986001585141],[-85.56793034160371,38.27993547183584],[-85.56735268015959,38.280123245843654],[-85.5669415442917,38.28025771395586],[-85.56693410477807,38.280259960237295],[-85.5669086487896,38.28021755181995],[-85.5668897272619,38.280176046346455],[-85.56675394416341,38.279878205966035],[-85.56672349380388,38.27981141362285],[-85.56671795211382,38.27979925661036],[-85.56667529836403,38.27981133900317],[-85.56645567113648,38.27987355089078],[-85.566462008516,38.279887452490485],[-85.56664613120472,38.28029132990405],[-85.56669052825845,38.280387042776084],[-85.5667490734108,38.280506546432726],[-85.56674925764385,38.28050691971186],[-85.56681102649723,38.2806258445065],[-85.56690414780124,38.2807933727347],[-85.56690422063134,38.28079350168341],[-85.56700331784978,38.280958753352564],[-85.56700346013778,38.280958988720855],[-85.56710848204916,38.28112189076003],[-85.5671086642303,38.28112217123733],[-85.56721961201613,38.28128272002904],[-85.56721974755044,38.28128291394285],[-85.56733661900628,38.281441087844456],[-85.56735896550424,38.28146971310841],[-85.56800131194183,38.282292549055455],[-85.56840457037093,38.282809105060494],[-85.56840871327731,38.28281441261006],[-85.56885337522208,38.28338399378602],[-85.56933672495357,38.28400312054147],[-85.56964602478683,38.28439929768229],[-85.56967816563203,38.28444046691817],[-85.56996097176884,38.2848027045691],[-85.57018441508075,38.285081708966445],[-85.57018962407291,38.28508821272895],[-85.57045740118618,38.28542257161519],[-85.57046125753915,38.28542738673505],[-85.57047107324432,38.28542259234687],[-85.57069812042401,38.28531169788038],[-85.5708950619931,38.28554643761367],[-85.57111485377433,38.28544171639993],[-85.57131840050523,38.28534471122499],[-85.5715334889208,38.28524219396427],[-85.57173569097714,38.28514585905088],[-85.57195841222735,38.28503974600198],[-85.57216232285651,38.28494259576323],[-85.57236403586542,38.28484645093852],[-85.57256226589087,38.284752032175085],[-85.5726014086259,38.28473297536653],[-85.57260159745168,38.284732882851564],[-85.57260171482002,38.28473303438711]]],[[[-85.57685819020898,38.286134042165145],[-85.5766122454758,38.286171331149646],[-85.57639695550623,38.28621145031114],[-85.57618343177586,38.28627412154804],[-85.57597340065277,38.28636395576489],[-85.57569326098128,38.28647835802649],[-85.57546154478922,38.286594100453016],[-85.5742899263746,38.287058890137764],[-85.57269407291874,38.28768826871676],[-85.57268760283092,38.28777227527486],[-85.57299559990267,38.28817334959451],[-85.5735356801258,38.28881810115286],[-85.5738694437977,38.28923407261541],[-85.57392322209182,38.28926924997262],[-85.5739929830424,38.28927309353046],[-85.57418726887082,38.289179150102036],[-85.57433317837045,38.28911647771121],[-85.57451911537585,38.289051205767706],[-85.57470183238317,38.289003478353],[-85.57488620060113,38.28896886100747],[-85.5750938760309,38.28894942456343],[-85.57545193914744,38.288918419724816],[-85.57611322024998,38.28887384162113],[-85.57641710430542,38.288854690961486],[-85.57720276027385,38.288805259043585],[-85.57745202939525,38.28877393527438],[-85.57766972997709,38.28870709557053],[-85.57787733286003,38.28862423722665],[-85.57886359525484,38.28814864663385],[-85.5789036913887,38.288111457533645],[-85.57890824449058,38.28806274707989],[-85.57771627344805,38.28654584498027],[-85.57739733932348,38.2861314336747],[-85.5771820815299,38.28612890064045],[-85.57685819020898,38.286134042165145]]]]},"properties":{"name":"MEADOW VALE","ballot_code":"MDV"}},{"type":"Feature","geometry":{"type":"Polygon","coordinates":[[[-85.57480347044236,38.277511387435645],[-85.57465596848914,38.27752025606444],[-85.574408104183,38.277515754220175],[-85.57419695630682,38.27751188299557],[-85.57375660644654,38.27750382333486],[-85.57353412002695,38.277497386154714],[-85.57329021653311,38.27749461860284],[-85.57308248558657,38.2774900288278],[-85.57302320356087,38.27748873835134],[-85.57282443846759,38.277484354329985],[-85.57270831356591,38.277481728090265],[-85.57253168829894,38.27747781008914],[-85.57226296233465,38.27747423379457],[-85.57203534400826,38.277471247551134],[-85.57217195121909,38.277780795674936],[-85.57228558487049,38.27803184544409],[-85.5723454303025,38.27817910578935],[-85.57242463572652,38.27836639830931],[-85.57260638736419,38.27877491374679],[-85.57402086210716,38.278840585098564],[-85.57512423366884,38.279332198188406],[-85.57527717481244,38.27934607882629],[-85.57610834587682,38.27939759369795],[-85.5761564270344,38.27928679319388],[-85.57650354682671,38.27923494358771],[-85.57670423065231,38.27922942006884],[-85.57702493408027,38.27915358657019],[-85.57728271946483,38.278987608497594],[-85.57713592623291,38.27874579501366],[-85.57694235071949,38.278426745520285],[-85.57681518327774,38.27821731707251],[-85.57668698524616,38.27800610938711],[-85.57659888118519,38.277863231727636],[-85.57647862427942,38.27767338258391],[-85.57636638791854,38.2774961412828],[-85.57623798969185,38.277293345861246],[-85.57613936632677,38.27713756786862],[-85.57610928655099,38.27709026153471],[-85.57581073943973,38.27718853007038],[-85.57570776476977,38.277222370540514],[-85.57541763470215,38.27731997656186],[-85.57524123298778,38.277376017700405],[-85.57517024481733,38.277398414170385],[-85.57490625299403,38.27748177834122],[-85.57480347044236,38.277511387435645]]]},"properties":{"name":"MEADOWBROOK FARM","ballot_code":"MEF"}},{"type":"Feature","geometry":{"type":"Polygon","coordinates":[[[-85.6351841106792,38.22512972294781],[-85.63518456337647,38.22513018738405],[-85.63518490660466,38.22513053999436],[-85.63518566489779,38.225131320064804],[-85.6351867937864,38.22513248070206],[-85.63518852246531,38.22513425998321],[-85.63518869236975,38.22513443403431],[-85.63520457774645,38.225150784841766],[-85.63521132142365,38.22515772521007],[-85.63521473317367,38.225161235976216],[-85.63521769792993,38.22516428681652],[-85.63522375971401,38.22517052647286],[-85.63524012517158,38.2251873696679],[-85.63525587374015,38.225203577082134],[-85.63528101718384,38.225229454649686],[-85.63533591319407,38.22528595330998],[-85.63538641002823,38.2253379230372],[-85.63557458673455,38.22553158916232],[-85.63559498902495,38.22555258605405],[-85.63562911829897,38.225587711626645],[-85.63607084082706,38.22583545893438],[-85.63666190290006,38.22553263585545],[-85.63668844285557,38.22551903869368],[-85.63716124540308,38.225276800461806],[-85.63791597740604,38.22489010941185],[-85.6380836244478,38.22480421338014],[-85.63813897444943,38.22477585380541],[-85.6387815696989,38.224446607442204],[-85.63894007421794,38.224365393817756],[-85.63927642153568,38.22419305629606],[-85.63894094611668,38.22378743462069],[-85.63884718534783,38.2236740682247],[-85.63878285430714,38.22359628510873],[-85.63876194190317,38.22357099968226],[-85.63870978179806,38.2235079317187],[-85.63860115148807,38.2233765849828],[-85.63856262851961,38.22339632308318],[-85.63856157697732,38.223396862671684],[-85.638503751337,38.22342649138239],[-85.63849779298103,38.22342954364217],[-85.63848948579847,38.2234338000799],[-85.63848950175228,38.22343382351997],[-85.63848769927857,38.2234347426073],[-85.63848710493086,38.22343504567228],[-85.63848544532235,38.22343589642086],[-85.6383700924824,38.22329596324121],[-85.63789581895325,38.22272038088404],[-85.63770996809458,38.22249485246141],[-85.637709948715,38.22249482901792],[-85.63767636525358,38.22245407079689],[-85.63761604165137,38.22238086051959],[-85.63754540952228,38.22229511518953],[-85.63749258365733,38.222231032446196],[-85.63748930740687,38.22222705877553],[-85.63732811271024,38.22203152468593],[-85.63711270433528,38.22177004742787],[-85.63691103819069,38.221525323737836],[-85.63672786090389,38.22130816351626],[-85.63652850223276,38.22107290419315],[-85.63615811245937,38.22062542692734],[-85.63615809536206,38.2206254052877],[-85.63607612333648,38.22062334875201],[-85.63594652740046,38.22062009661977],[-85.63592970109279,38.22061967315884],[-85.63592958003993,38.220619670339175],[-85.6357158526129,38.22061428529703],[-85.63536516239967,38.22060463719378],[-85.63518064097069,38.22059467915187],[-85.63485920513558,38.220577331256635],[-85.6320447448416,38.22186875328872],[-85.63220170909096,38.22205614746133],[-85.63222895062862,38.22209632251066],[-85.63245025007447,38.222366706136384],[-85.63254314292467,38.22249071719458],[-85.63268712804927,38.2226829233713],[-85.63281608865091,38.2228385397916],[-85.63297485829341,38.22303006109357],[-85.63313544918053,38.223223786830744],[-85.63329105964506,38.223411406089014],[-85.63344131189517,38.223592717601505],[-85.63360762205365,38.22379328031852],[-85.6337465062618,38.22396083421353],[-85.63374845326244,38.22396318314082],[-85.6337631595026,38.22398092678195],[-85.63376317774208,38.22398094842303],[-85.63391817801939,38.22416789139161],[-85.63407537429993,38.22435623099232],[-85.63423512479295,38.224547699221276],[-85.6343674897864,38.22470618046141],[-85.63436832082203,38.22470717683986],[-85.63438621492789,38.22472860215499],[-85.63438623658554,38.22472862920511],[-85.63453631324758,38.224910998618505],[-85.63465832637371,38.22505918489913],[-85.63469082977386,38.22509866172338],[-85.63485409155228,38.22529703748999],[-85.63518170803295,38.22513094772994],[-85.63518389464748,38.22512983265588],[-85.6351841106792,38.22512972294781]]]},"properties":{"name":"MEADOWVIEW ESTATES","ballot_code":"MVE"}},{"type":"Feature","geometry":{"type":"Polygon","coordinates":[[[-85.51908127739792,38.26067442820171],[-85.51940978860686,38.260707859031356],[-85.52067840818054,38.2607825400617],[-85.52269431534536,38.26090105036769],[-85.52290132939662,38.260904476771316],[-85.52303776962354,38.2609144994589],[-85.52310391392919,38.26092029960704],[-85.52318326825389,38.26093367325675],[-85.52330281491481,38.260964192483584],[-85.523775124863,38.2608568686382],[-85.52359196799728,38.2597589536448],[-85.52352730168823,38.25937202794922],[-85.52389286418918,38.25933258019105],[-85.52427208906612,38.25929161852528],[-85.52440506343657,38.26021240776865],[-85.52454867799771,38.260229316700695],[-85.52569466598477,38.260363809611036],[-85.52561947892424,38.26002412855448],[-85.52557266574732,38.25981787361846],[-85.52551237976948,38.2595910152195],[-85.5253893945462,38.25914926473252],[-85.52528662507505,38.2587569790064],[-85.52527728256848,38.25872114187536],[-85.52516301065855,38.25828234110127],[-85.52625589737555,38.25784260657667],[-85.52714833146797,38.25748681707202],[-85.52714562942717,38.25733204354175],[-85.52714081343468,38.257231258664476],[-85.52708445436693,38.25709600064264],[-85.52701119561847,38.25694359343716],[-85.52681196166975,38.2565922972154],[-85.52677774596773,38.25652155968681],[-85.52795561286199,38.25632318684799],[-85.52927622582924,38.25609237820667],[-85.52927300357128,38.25606003949106],[-85.52905724881165,38.255380961739355],[-85.5290171005539,38.25525459936751],[-85.52901296350826,38.25524157278588],[-85.53064038019312,38.254441234127256],[-85.53095331942045,38.254290794977365],[-85.53107716127776,38.254227654263495],[-85.53127873535632,38.25412691592281],[-85.53148872316058,38.25402604681645],[-85.53174280306159,38.253901364318764],[-85.53206405421697,38.25374252348707],[-85.53240038692115,38.253596835585455],[-85.53276400332958,38.25344085920176],[-85.53340166537114,38.25316927063166],[-85.53369523820234,38.25383681926691],[-85.53371543053305,38.253895610423356],[-85.53390442408008,38.253841480968816],[-85.5347366645176,38.25362788824537],[-85.53592205903703,38.253329010833276],[-85.5365406615391,38.25319189852914],[-85.53681226919116,38.25311656607761],[-85.53712443280976,38.25303794087603],[-85.53744544332693,38.25295707023319],[-85.53775730139954,38.25287853831405],[-85.53809569995856,38.25279337068192],[-85.5384148799572,38.252712205823016],[-85.5390091241797,38.25256099740726],[-85.53940103356209,38.25246135291513],[-85.54007044575948,38.252291089677655],[-85.54026045007252,38.25224281800399],[-85.54163135628471,38.251894160094935],[-85.54230014623016,38.25172412369653],[-85.54239670920602,38.25173001422319],[-85.54323379709898,38.251487811589456],[-85.54342418304458,38.25143275577829],[-85.54386328257097,38.25130750421518],[-85.54424583981086,38.25119022983221],[-85.54438082960749,38.25116844409633],[-85.54308647289962,38.24826321999238],[-85.54317236066015,38.24824755197261],[-85.54336666364884,38.24820558140569],[-85.54381328435913,38.248109287335055],[-85.54396087178317,38.24807223381751],[-85.54443596633317,38.247952908865756],[-85.54470184651969,38.24788870218469],[-85.54509096445028,38.24779470727965],[-85.54558892922776,38.24767152244265],[-85.54610965008118,38.247542653619185],[-85.54657792747025,38.2474390291772],[-85.54653740991158,38.247319577737635],[-85.5464440953465,38.247044976540714],[-85.54631564686008,38.24671074415483],[-85.54620874689361,38.246433187611004],[-85.54615977647495,38.24630626779945],[-85.54612551306258,38.24621807858198],[-85.54602539052028,38.245959428461056],[-85.54598967670532,38.245867053533054],[-85.5458711560988,38.245559810634006],[-85.54574305943478,38.245232405567556],[-85.54561133511318,38.24489446453034],[-85.54557390234517,38.24478463305647],[-85.54553405508406,38.24470999254724],[-85.54545973522876,38.24450011760939],[-85.54545549243758,38.24448813740018],[-85.54543998696919,38.2444443427954],[-85.54551573109589,38.24441375813467],[-85.5458224434905,38.24431048258696],[-85.54603850240274,38.244249891639086],[-85.54638445090825,38.24418622815404],[-85.5464078280573,38.2441846268255],[-85.54676866146,38.24415991025978],[-85.54674866440388,38.244083862700144],[-85.54672818090557,38.24403504766123],[-85.54666643109671,38.243997000282],[-85.54653886386883,38.243951365344444],[-85.54639275415624,38.24391940649357],[-85.5461668264587,38.2438721891605],[-85.54589346012358,38.243766574844614],[-85.54566956702648,38.243771911352496],[-85.54540563742111,38.243809134424815],[-85.54503517598613,38.24387278232823],[-85.54443944602761,38.244018199340765],[-85.5442647862989,38.243649743994595],[-85.54412763220937,38.24336054543615],[-85.54400793351863,38.24310782098354],[-85.54391072157826,38.24290278292106],[-85.54381605444865,38.24270299009509],[-85.54372508534429,38.24251108794536],[-85.54360351043293,38.242254609943885],[-85.54349339181574,38.24202228766315],[-85.54336418228178,38.241749736404145],[-85.54499088027885,38.24137258966345],[-85.54489548707625,38.24110505210887],[-85.54487110967409,38.241036735834356],[-85.54466097056405,38.240447247410906],[-85.54383845553596,38.240647560679776],[-85.5432346462506,38.240791035888044],[-85.54240029803563,38.24099122207294],[-85.54224822369305,38.241024418708015],[-85.54023731798854,38.23633672052498],[-85.54010332387715,38.23636013859485],[-85.53976576393919,38.236413725934476],[-85.53955560478927,38.23644705647242],[-85.53943570523134,38.236466026471355],[-85.53919828358801,38.2365037793363],[-85.5391244917878,38.23651470626924],[-85.5389563570269,38.236539745187685],[-85.5388492665303,38.23655566064857],[-85.53872436903781,38.23657423719694],[-85.53845975551707,38.2366135266188],[-85.53822153727681,38.236652669890226],[-85.53796654641917,38.236694572009],[-85.53789519013583,38.23670651251996],[-85.53765329441285,38.236160369515964],[-85.53724124711482,38.23623323982644],[-85.53691591253805,38.23629559118152],[-85.53657526892971,38.23636089531688],[-85.53643949895451,38.23638690171232],[-85.5360191395612,38.236466244206035],[-85.53552424643482,38.236559728594095],[-85.53510778811089,38.23663835324923],[-85.53503694686422,38.23645306843947],[-85.53496017645298,38.23625209873622],[-85.5348945214166,38.23608615071895],[-85.53474305301026,38.23589374743528],[-85.53463268789912,38.23567492593007],[-85.53461056248223,38.23561185332403],[-85.53445097563217,38.23519465967787],[-85.53438000264735,38.23503432815388],[-85.53432582808453,38.23488301702094],[-85.53425201672276,38.234693206092544],[-85.53415100180551,38.23444641896403],[-85.53405547626267,38.23421983596175],[-85.53400626833081,38.23410045937813],[-85.5339702023414,38.234010243049326],[-85.53388820747334,38.233805608652546],[-85.53384527264686,38.23370903333823],[-85.53377918629185,38.23354611373041],[-85.53376078910105,38.23350064447418],[-85.53370722371938,38.233371018513864],[-85.53354708655606,38.23295790913788],[-85.53352107345171,38.23289059733396],[-85.53371272376691,38.23276454521895],[-85.53325743712212,38.231525072020645],[-85.53319398872003,38.231357636672186],[-85.5330496990203,38.23096777869241],[-85.53299219042904,38.23081218196956],[-85.53283252454828,38.230345944062954],[-85.53275718134287,38.230140839754064],[-85.53262777783188,38.229789713023095],[-85.53256052328845,38.22961178932505],[-85.53237214558,38.229127515487235],[-85.53228357116647,38.228904404991845],[-85.53220782364833,38.228713435651926],[-85.5311324227023,38.22892338788623],[-85.53065671675503,38.22903612043606],[-85.52980683392192,38.229245950552],[-85.52961149431545,38.229282031782255],[-85.52959158020265,38.22921492230335],[-85.52882616498974,38.229366629158235],[-85.52846882632117,38.22943817747209],[-85.52806385274552,38.229519299112695],[-85.52738918463521,38.22965270428428],[-85.52689919329733,38.2297495279383],[-85.52635717410067,38.2298567330561],[-85.52625563072,38.22983490527604],[-85.5261510021748,38.229825523815144],[-85.52604584934545,38.229828545762025],[-85.52597841343155,38.22983553391385],[-85.52591236111303,38.22984839083419],[-85.52576665495154,38.229877540294936],[-85.5254859109929,38.229934895791835],[-85.52520858181087,38.229991488587224],[-85.52505226272486,38.22958376044806],[-85.5249483733516,38.22931296685968],[-85.52482295701117,38.22898612004957],[-85.524779106632,38.22887477902348],[-85.52470930905518,38.228697902771515],[-85.52460376458771,38.228430568069086],[-85.52451806157966,38.22821317827501],[-85.52442546218049,38.227978803759335],[-85.52430778949497,38.22765240260076],[-85.52425303292672,38.22750050876676],[-85.52420935207064,38.227374311772984],[-85.52416204621446,38.22723767374912],[-85.5240567409296,38.22693355695189],[-85.52389470716506,38.22646585938892],[-85.52403814963581,38.22643771877805],[-85.52456861616828,38.22633381956914],[-85.52471998681257,38.2263042021394],[-85.52489129848094,38.22627067893195],[-85.52527853192886,38.22618612154761],[-85.52714164605429,38.22580985978808],[-85.5273187935457,38.22622430816282],[-85.52742962103,38.226479678493455],[-85.52756787036897,38.22679803725717],[-85.52773511452827,38.2271833299227],[-85.52854279410234,38.22701641980168],[-85.52859750737451,38.2271448963657],[-85.52874492151726,38.22747860887997],[-85.52879367274548,38.2275020188476],[-85.5289412256277,38.22785053961641],[-85.52914795256184,38.22820316102304],[-85.52925589960182,38.2284467448816],[-85.52935186132379,38.2286628997956],[-85.5294727672125,38.22893525920614],[-85.5295383238205,38.229107652318106],[-85.52969151591145,38.22906105954751],[-85.5297315791453,38.229157246450775],[-85.53068070687225,38.22892197473083],[-85.5313930388923,38.22874486769391],[-85.53216566240775,38.22856291478605],[-85.53240293273562,38.22850709783547],[-85.53242113656376,38.22857593355855],[-85.53411343288317,38.22819703695949],[-85.53413858533035,38.22826651037144],[-85.5342703310689,38.22863139129931],[-85.5343305521809,38.2287979067351],[-85.53436084439002,38.22888157335739],[-85.534394161462,38.22897293792601],[-85.53444833857483,38.22912194101587],[-85.53451116291903,38.229294519170075],[-85.53457036069626,38.229457089962594],[-85.53469357979624,38.2297793553229],[-85.53486591862352,38.22975043611304],[-85.53521151305839,38.22967067361372],[-85.53546537580178,38.2296106497254],[-85.53571576094878,38.229551531671326],[-85.53584410674407,38.229894239893774],[-85.53590350130317,38.23005277131513],[-85.53602797787116,38.230385278765844],[-85.53614525535362,38.23069921316034],[-85.53628158762675,38.231063715153915],[-85.53634635054063,38.23124259437693],[-85.5364625769036,38.231562680969404],[-85.53652183925927,38.23172597246105],[-85.53665723615927,38.23209922239182],[-85.53647283760758,38.23214422898169],[-85.53588242985059,38.23228874883188],[-85.53610413023334,38.23276956668747],[-85.5362782192136,38.23314759803054],[-85.53630528364437,38.23321053603445],[-85.53640106830997,38.23343399319745],[-85.5364771232865,38.233608660782515],[-85.5366319097555,38.233917711287674],[-85.53700901051403,38.23382607705202],[-85.53727783504877,38.23376083444443],[-85.53751477702394,38.23369659260403],[-85.53780265565449,38.23361869113806],[-85.5386623020208,38.23339353186568],[-85.53893424965166,38.23332237804189],[-85.5394424098347,38.233184668318295],[-85.53946475391656,38.2332367784136],[-85.5396352663655,38.233635666503865],[-85.53990374195949,38.234289503822396],[-85.5401076194692,38.234234044647884],[-85.54057649927164,38.2341063097443],[-85.5410577011265,38.233974603471],[-85.54126938570721,38.23391660725223],[-85.54165291841578,38.2338116515207],[-85.54196214708291,38.233727045534],[-85.54213911997745,38.23367855585774],[-85.54263849547746,38.23354187472505],[-85.54277251897882,38.23383049374951],[-85.54283407735498,38.23396325499992],[-85.54292356831446,38.23415587650214],[-85.54296058863724,38.23423560993314],[-85.54304814137079,38.23442433306645],[-85.54312465934201,38.23461337379099],[-85.5431961640879,38.234743122271006],[-85.54321797578079,38.2347902790014],[-85.54331031728778,38.23498910737971],[-85.5437393434598,38.23487811764359],[-85.54394900662861,38.23482381608181],[-85.54405581501847,38.234798423679926],[-85.54400236770982,38.234685102004434],[-85.5436650664507,38.23388898108852],[-85.54328282168672,38.233015178648245],[-85.54308838326058,38.23257750165626],[-85.54232416467849,38.23086699400766],[-85.54316889810968,38.23078367408558],[-85.5442077331986,38.23077261895425],[-85.5471255224794,38.23101357139679],[-85.54791299526718,38.23107920203912],[-85.54800466295241,38.23108195516234],[-85.54809587167126,38.231074225608104],[-85.54818479345396,38.2310561553147],[-85.5482808079923,38.231029874844005],[-85.54859801177176,38.23094146661121],[-85.54868397730243,38.23091209191142],[-85.55016033975528,38.23041542526748],[-85.55073352028427,38.23046314672241],[-85.55132424407408,38.22945520726617],[-85.55209652099106,38.22829844247691],[-85.55243479315476,38.227826043395645],[-85.55291216215069,38.22712232064884],[-85.55343313062559,38.22697832205211],[-85.55565137708379,38.22633415393965],[-85.55554856837665,38.22609767159433],[-85.55554193862139,38.22588480932716],[-85.55569362988929,38.2256130686902],[-85.55579811065871,38.22544640208515],[-85.55580012731944,38.225305818668154],[-85.55532900596563,38.22463019103339],[-85.55526306636555,38.22453507562463],[-85.55502414267788,38.224191196819376],[-85.5547136690751,38.22414548953008],[-85.55464919021128,38.22407494552685],[-85.55374015093847,38.224116953075395],[-85.55373003644462,38.224161507097925],[-85.55338288382036,38.2241799707481],[-85.55261168188106,38.22420936166945],[-85.55250732731812,38.22421327428543],[-85.55221001561843,38.22419181388466],[-85.55205176297741,38.22418034657307],[-85.55212083718395,38.22405982904748],[-85.55220366761212,38.22392322700216],[-85.55196058220162,38.223908877856346],[-85.54747634308688,38.224135148022],[-85.54748849877937,38.224169930819265],[-85.54363542338778,38.22430669518994],[-85.54294121775361,38.224306203834296],[-85.54241972267849,38.22429043297549],[-85.54185571268737,38.2242650167566],[-85.54109614462209,38.22423069529391],[-85.54064854775982,38.22424802968251],[-85.53976599317866,38.224232281535635],[-85.53786790675998,38.22415417597953],[-85.53594891310782,38.22409936960424],[-85.53275761038856,38.22400575747442],[-85.53249141278643,38.22397651668002],[-85.53220388266418,38.22396791049863],[-85.53109252334683,38.22393470285211],[-85.52943395732949,38.22388464749233],[-85.52809117066766,38.22383395975757],[-85.52781984597392,38.22382792125038],[-85.52742220328255,38.22379255590231],[-85.52705338472893,38.223778880264334],[-85.52620245711603,38.22374746323817],[-85.52614736634166,38.22374533993709],[-85.52575337870674,38.22373089094092],[-85.52553286151121,38.223772975840745],[-85.5249050258625,38.223754954614364],[-85.52434594565486,38.22373484935225],[-85.52398969405425,38.223816915880256],[-85.52243618285436,38.22379585977358],[-85.5220442449084,38.22378904707226],[-85.52108943456341,38.223766528847094],[-85.52051369819289,38.22375286380778],[-85.52047136046284,38.223648110910176],[-85.51965864585426,38.223618549003746],[-85.51950306294313,38.22361286088057],[-85.51909670564673,38.22359817280094],[-85.51875714051516,38.223585730278],[-85.51829240189791,38.22356880982849],[-85.51682310165172,38.223517554387556],[-85.51538808988535,38.22347466643003],[-85.51492773712178,38.22345884694386],[-85.51348481574556,38.22341255506258],[-85.51159269393303,38.22335182933876],[-85.51094145539378,38.223335610387295],[-85.50992298007148,38.2233081612807],[-85.5095199293277,38.223289937738016],[-85.50929835121849,38.22328097655764],[-85.50604700243971,38.22313781700403],[-85.50498121584295,38.2230983521107],[-85.5049338620484,38.22382993970899],[-85.50479595690442,38.22596436966813],[-85.50469504719014,38.226963075924644],[-85.50458917462142,38.228023699459264],[-85.50449813029765,38.22920623606908],[-85.50395165443742,38.23468681810063],[-85.50393052199641,38.23489981718341],[-85.50380484208766,38.23631676579596],[-85.50376436396456,38.23677286593428],[-85.50375163331056,38.23691549271496],[-85.50369284573499,38.237468820930644],[-85.50343175627401,38.23768699337359],[-85.50331762432943,38.23778229100437],[-85.50221479140275,38.238670670570265],[-85.50142375896614,38.239304149405044],[-85.50053306730497,38.24000111812601],[-85.50009191557857,38.23959732493987],[-85.49943771071685,38.238978400129874],[-85.49897068491028,38.23849684959665],[-85.49838320445012,38.23789113866267],[-85.49776707787663,38.23906572180008],[-85.4971697964621,38.24021471554511],[-85.49712114085285,38.24027033616752],[-85.49702170994296,38.24050134060245],[-85.49656443253137,38.241315223113126],[-85.49668155092904,38.24133052359347],[-85.4968287523584,38.24135521509893],[-85.49697837279163,38.24136813149854],[-85.49780976021196,38.24143051415321],[-85.4968873558863,38.243606830814905],[-85.49682882565092,38.24364336307277],[-85.49671551637402,38.24371751398271],[-85.49660668371426,38.24379572509751],[-85.4964274410414,38.24363037486063],[-85.49569803327549,38.24343808023998],[-85.49481301042596,38.24555824086819],[-85.49287084770992,38.244812153560325],[-85.49195610935267,38.24671929967653],[-85.49077521515494,38.24914347819692],[-85.4926765149248,38.24964306008897],[-85.49619841930071,38.25053171476584],[-85.49619309564626,38.25022018076219],[-85.49622188429309,38.25021797388171],[-85.49624981405319,38.25021203967864],[-85.49627611202459,38.25020254047146],[-85.49630005180109,38.250189739586396],[-85.49632097522053,38.25017398969175],[-85.49633830153337,38.25015572470849],[-85.49635155599589,38.250135450861684],[-85.49636036994198,38.250113725958315],[-85.49636450138138,38.25009114952082],[-85.49636383734072,38.250068346574544],[-85.49635839394321,38.250045944222755],[-85.49634832329734,38.25002456175124],[-85.49633390100347,38.25000478897808],[-85.4963155273422,38.24998717274221],[-85.4962937090627,38.249972197043405],[-85.4965273640003,38.24972095928248],[-85.49616254035537,38.24962891174153],[-85.49620809415225,38.24951663345283],[-85.49653345918517,38.24924496839084],[-85.49617189977097,38.248967077545515],[-85.49621977288776,38.248923570085076],[-85.49626095468842,38.24887599483246],[-85.49629489573407,38.24882498759622],[-85.49632113897012,38.24877123123238],[-85.49633488640964,38.248727520826186],[-85.4963411724342,38.24868275921989],[-85.49633988579505,38.2486377372204],[-85.49633104892024,38.24859324411765],[-85.49631481905581,38.24855006768742],[-85.49629148036679,38.248508965343575],[-85.49626144394225,38.24847066233644],[-85.49622523985627,38.248435834617865],[-85.49566554448587,38.24796507618753],[-85.49593226723573,38.2477678655251],[-85.49578142299056,38.24754061994558],[-85.49557898196531,38.2473703454736],[-85.49513895614577,38.24660087720379],[-85.49564291641718,38.24621086200341],[-85.49577818116434,38.24603597500626],[-85.49667665935425,38.24638109989616],[-85.49677306883096,38.246225001942946],[-85.49953096166824,38.247636561985146],[-85.5025170540484,38.24923510905849],[-85.50231641501499,38.25231113149832],[-85.50212452477142,38.25586214970587],[-85.50200150803202,38.257825088391236],[-85.50223534627627,38.258026648747915],[-85.50247284012545,38.25822917669572],[-85.50258350464213,38.25832258705019],[-85.50265239658373,38.258380714952075],[-85.50283775466104,38.25851125468572],[-85.50297948137283,38.25861564283674],[-85.5031255156736,38.258726675359945],[-85.50326987489724,38.258827944121464],[-85.50344796349584,38.25894514975334],[-85.50359357884997,38.25901790899302],[-85.50374646311849,38.25912337715996],[-85.50390767649411,38.25921794913315],[-85.50406873012027,38.25930574083865],[-85.50421848895033,38.259379517883254],[-85.50440465043236,38.259454091946594],[-85.50475557040107,38.25958468284849],[-85.50500304110992,38.25966991248607],[-85.50523665143028,38.259760785374176],[-85.50551910908325,38.259868779612304],[-85.50573147783348,38.25991133609326],[-85.50602904296288,38.259987578981935],[-85.50629725790816,38.26005183740855],[-85.50669413569055,38.2601536216152],[-85.50712276605603,38.26024219943501],[-85.50751812486422,38.26034301642922],[-85.50791909440728,38.26044374717103],[-85.50817329787557,38.26050484724868],[-85.50833088764279,38.260554113674665],[-85.50857275450626,38.260602639157135],[-85.50887851280936,38.26063663032848],[-85.50916465430227,38.260665628228296],[-85.509638645153,38.26068370815217],[-85.51001072909732,38.26068705885039],[-85.51021356061608,38.26068218132297],[-85.51074781443535,38.260677348589354],[-85.51093463916602,38.26066301344845],[-85.51115483209388,38.260645188371555],[-85.51133975801076,38.260614501777944],[-85.51169179073429,38.26053895671759],[-85.51201169952259,38.26045930702662],[-85.51223626215362,38.260390955791664],[-85.51244117693982,38.2603450183723],[-85.51277539387534,38.26027169393099],[-85.51304109420056,38.26019106787418],[-85.51326813794687,38.26014690406428],[-85.5135328413518,38.26011021913853],[-85.51394907278477,38.2600177756091],[-85.51442470938325,38.25999732730432],[-85.51504847911379,38.260009913857814],[-85.51571581163073,38.260053114126904],[-85.51608203602083,38.260114467554345],[-85.5164176483767,38.26019580845449],[-85.51664621752776,38.26024650214214],[-85.51689035785041,38.260252561066025],[-85.51782711902847,38.26044345213467],[-85.51886833680435,38.260655453732134],[-85.51893169501496,38.26065533688575],[-85.51908127739792,38.26067442820171]],[[-85.5298434616722,38.2442277595377],[-85.52974995475624,38.24422010935027],[-85.52964471632625,38.24422468221459],[-85.52966728081995,38.24346777121504],[-85.52957211239392,38.24345945558281],[-85.52940897949014,38.24344519117826],[-85.52923655681232,38.24343009474795],[-85.52902543844625,38.243411634596704],[-85.52895705144311,38.243405647912766],[-85.52880245379077,38.24339210947412],[-85.5286869265507,38.24338196035417],[-85.52827387196217,38.24334580361708],[-85.52823322902924,38.243342256047164],[-85.52815594394012,38.24333551884025],[-85.52815264770456,38.24317571442849],[-85.52808724888794,38.243153643462584],[-85.52808165828412,38.242960692846],[-85.5280531493289,38.2428577810341],[-85.52714747776717,38.243112653024966],[-85.52631362034255,38.2433439459377],[-85.52370165554609,38.23743557889499],[-85.52361292576555,38.23721516138559],[-85.53022518239649,38.23546656744552],[-85.53015230368555,38.23529444703398],[-85.5302935249879,38.235249641334015],[-85.5305934500883,38.23515451371193],[-85.53072390648877,38.23511607356781],[-85.53080128027315,38.235093274790465],[-85.53129612037125,38.23493793091465],[-85.53144375673213,38.235276576983026],[-85.53148763768262,38.23537729570835],[-85.53151576551005,38.235441847662],[-85.53155596640894,38.23553403464068],[-85.53159003964159,38.23561216336366],[-85.53166770993876,38.23579024798161],[-85.53174016865337,38.2359562851478],[-85.53181717914438,38.23613292508798],[-85.53220590733423,38.23703698436361],[-85.53240840261867,38.237480690417556],[-85.53247246703307,38.23762098820788],[-85.53251659338221,38.23771769764444],[-85.53254162624664,38.23777256096681],[-85.53266628422438,38.2380456197115],[-85.53267654330642,38.238068098668116],[-85.53272420224543,38.238172551974664],[-85.53274717813493,38.238228948511946],[-85.53278675761437,38.238323719618066],[-85.53282159690889,38.2384071361787],[-85.53288168543219,38.238562499523454],[-85.53304015293844,38.23894035139122],[-85.53310507016859,38.2390921286092],[-85.53318010454191,38.23926784579119],[-85.53321199637439,38.23934233097233],[-85.53325182641183,38.23943543827169],[-85.53332595531171,38.2396089265041],[-85.53334969552772,38.23966443504919],[-85.53339836622145,38.23977822836576],[-85.53342623498496,38.239843447819496],[-85.53344048705215,38.239876802320104],[-85.53346832939614,38.23994403806827],[-85.5335471005113,38.24013429523987],[-85.53364700782389,38.2403568472618],[-85.53377600682363,38.240668161125086],[-85.53380588333641,38.24074156668263],[-85.53391013493939,38.24099778453552],[-85.53400571068815,38.241248641931115],[-85.53164026445248,38.241872794644586],[-85.53177412026982,38.24219082629342],[-85.53180339345357,38.24225572523068],[-85.53185079484464,38.24236084770315],[-85.53195182061683,38.242584984271105],[-85.5320506735287,38.242804320914246],[-85.53167483663952,38.242773858479794],[-85.53140337436356,38.24275169547187],[-85.53132905322859,38.24274564513661],[-85.53116740784779,38.24273252741901],[-85.53113343433763,38.24272977611427],[-85.53089849261269,38.24271063374626],[-85.53070425591577,38.2426948611742],[-85.5305036771143,38.24267857558398],[-85.53045390598132,38.242674507304],[-85.53040647960131,38.24267063616037],[-85.52986206774403,38.24262149069376],[-85.5298434616722,38.2442277595377]],[[-85.49744418567043,38.24350436752118],[-85.49775355630453,38.243299159227405],[-85.49798709416336,38.24336072318886],[-85.49778307530934,38.24384208822046],[-85.49744418567043,38.24350436752118]]]},"properties":{"name":"MIDDLETOWN","ballot_code":"MID"}},{"type":"Feature","geometry":{"type":"Polygon","coordinates":[[[-85.68628740381088,38.273764749052866],[-85.68656942872013,38.273229128741406],[-85.68671458946059,38.27242446614121],[-85.68675698122868,38.27213608678811],[-85.68675701448285,38.27213595706875],[-85.68675886130228,38.272130667663816],[-85.6867606978335,38.272125380956226],[-85.68676111368804,38.27212421714807],[-85.68676258008618,38.27212008526347],[-85.68676442689943,38.27211480216511],[-85.68676674915208,38.272108172397004],[-85.68676908397254,38.272101546239426],[-85.68677046785396,38.27209768279439],[-85.6867714553358,38.272094952535554],[-85.68677213587158,38.27209299332789],[-85.68677219659119,38.2720928203775],[-85.68677330444122,38.272089660428705],[-85.686775186682,38.272084376448056],[-85.68677705408486,38.27207906993568],[-85.68677891574298,38.27207379855732],[-85.68678078200553,38.27206848844045],[-85.68678264479826,38.27206322607215],[-85.68678265396348,38.27206319994943],[-85.6867845385087,38.27205789254506],[-85.68678643103276,38.27205260947067],[-85.6867883155488,38.272047335401446],[-85.68679071434696,38.27204072999938],[-85.686793145129,38.27203414263339],[-85.68679560333656,38.272027557984785],[-85.6867981003912,38.27202098416829],[-85.68679976222437,38.27201683797222],[-85.68680018831141,38.272015734533156],[-85.68680096244687,38.27201390601332],[-85.68680236648602,38.272010520083306],[-85.68680458809162,38.27200530205281],[-85.68680559240175,38.272002934886366],[-85.68680679710852,38.27200010383645],[-85.68680904958116,38.271994873208996],[-85.68681125055186,38.27198972814441],[-85.6868112711657,38.27198967860304],[-85.68681345163601,38.2719844506399],[-85.6868160892275,38.271977912035105],[-85.68681721514126,38.27197500616398],[-85.68681731478557,38.271974753950516],[-85.6868186125509,38.271971353548345],[-85.6868209679274,38.27196473460806],[-85.68682310732025,38.27195809843432],[-85.68682512446466,38.271951419850545],[-85.6868255130653,38.271950050610435],[-85.68682703303912,38.27194474030782],[-85.68682887076925,38.271938046312066],[-85.6868295242783,38.27193561589151],[-85.68682955408894,38.271935503288375],[-85.68683031423303,38.271932664793326],[-85.68683167426897,38.27192728323007],[-85.68683302059287,38.27192189895659],[-85.68683433608295,38.27191648763809],[-85.68683563670889,38.27191108442018],[-85.68683687670662,38.27190574784039],[-85.68683689276523,38.27190567937657],[-85.68683814768163,38.27190027072852],[-85.6868393877262,38.27189487919065],[-85.68684062551579,38.27188945161337],[-85.68684189412723,38.27188406459544],[-85.68684347249524,38.27187729297903],[-85.68684501654828,38.2718705555805],[-85.68684654920578,38.27186377943487],[-85.68684807954179,38.27185704473176],[-85.68684960762589,38.27185027038554],[-85.68685024327333,38.271847344431514],[-85.6868510808547,38.27184349420812],[-85.68685162348078,38.27184109345964],[-85.68685168198702,38.27184083581848],[-85.68685258491914,38.27183674237281],[-85.68685377126724,38.27183132828221],[-85.68685493701764,38.27182594481297],[-85.68685494389946,38.27182591598617],[-85.68685611195474,38.27182050999431],[-85.68685672345737,38.27181775250541],[-85.68685731088213,38.271815085999904],[-85.68685847664594,38.27180968631346],[-85.68685964928682,38.27180426320593],[-85.6868608070705,38.27179884009041],[-85.68686312490377,38.27178801638439],[-85.6868643032651,38.27178258517127],[-85.68686546673138,38.271777198096814],[-85.68686663137824,38.2717717668763],[-85.68686779251598,38.271766429352965],[-85.68686780743325,38.27176635908665],[-85.68686815969848,38.27176471323458],[-85.68686895949071,38.27176094858128],[-85.68686943214094,38.2717588523173],[-85.68687015497991,38.27175553359432],[-85.68687134474308,38.27175013211858],[-85.68687275744723,38.27174196573894],[-85.68687373467151,38.271736529012664],[-85.68687470502854,38.271731103995066],[-85.68687569711335,38.27172566277188],[-85.6868766789062,38.27172022875087],[-85.68687766984169,38.271714794734706],[-85.6868783093212,38.27171139578248],[-85.68687869848767,38.27170936434241],[-85.68687968027938,38.27170393122224],[-85.68688066088555,38.27169854765387],[-85.68688067351245,38.271698482792],[-85.68688166902102,38.271693046075356],[-85.68688264624551,38.271687607547015],[-85.68688360291033,38.27168215549343],[-85.68688457212461,38.27167672867316],[-85.68688550249297,38.271671289218816],[-85.68688666490378,38.271664464223456],[-85.68688777013371,38.27165768424519],[-85.68688887197513,38.2716508574156],[-85.68688928701,38.27164797909403],[-85.68688988237436,38.27164404765531],[-85.686890861926,38.27163722706713],[-85.68689154736846,38.27163220372214],[-85.68689156001928,38.271632110930796],[-85.68689179462253,38.27163040465206],[-85.68689268040755,38.27162364617954],[-85.68689268846383,38.27162358041433],[-85.68689289435383,38.27162203989552],[-85.68689296682108,38.271621493957035],[-85.6868935743121,38.271616748063735],[-85.68689375957445,38.27161527330345],[-85.68689442472896,38.27160991929807],[-85.68689489780422,38.271605993199756],[-85.68689525229358,38.27160308511448],[-85.68689605586454,38.27159624371046],[-85.68689667883484,38.27159077165777],[-85.68689729264617,38.27158531852017],[-85.68689790189994,38.271579849163],[-85.68689811841755,38.27157790952796],[-85.68689851344853,38.27157436899559],[-85.68689879122515,38.27157162664462],[-85.6868990678566,38.271568886995865],[-85.68689929128915,38.27156687979302],[-85.68689965196992,38.2715634149224],[-85.68690022466328,38.27155793293236],[-85.68690076763187,38.27155246353983],[-85.68690131403355,38.271546988743346],[-85.68690171525287,38.27154289502954],[-85.68690184099994,38.27154152204511],[-85.68690238854202,38.27153604995211],[-85.68690256045085,38.27153415443989],[-85.68690289266846,38.27153056342068],[-85.68690320627145,38.27152735619732],[-85.68690343449848,38.271525088621736],[-85.68690392833379,38.27151960839154],[-85.68690442216979,38.27151412726032],[-85.68690464924846,38.27151186599081],[-85.68690495828851,38.27150864885451],[-85.68690546583925,38.2715031668296],[-85.68690607512251,38.271496328925586],[-85.6869066970001,38.271489463999664],[-85.68690698227442,38.271485973862085],[-85.68690725598978,38.27148263597928],[-85.68690745332353,38.271480410732025],[-85.68690783329332,38.27147577463341],[-85.68690836486466,38.27146893488599],[-85.68690891589436,38.27146206001175],[-85.68690940289105,38.27145522474533],[-85.6869097824378,38.271449748958766],[-85.68690983451295,38.271448993988415],[-85.68690985998296,38.27144861199816],[-85.68691015742242,38.27144426235841],[-85.68691053698689,38.27143876584997],[-85.68691089826581,38.27143326933177],[-85.68691126525118,38.271427781826084],[-85.68691163565961,38.27142230062893],[-85.68691200492593,38.27141681853021],[-85.68691204568621,38.27141593111379],[-85.68691204916416,38.2714158734547],[-85.68691205034408,38.271415830209605],[-85.68691234104836,38.27141133821572],[-85.6869126863134,38.27140585790605],[-85.68691305672394,38.271400374006014],[-85.68691342712977,38.27139489551167],[-85.68691379639579,38.271389413412884],[-85.68691416680538,38.27138393041374],[-85.68691453949907,38.27137844921773],[-85.68691491222818,38.27137292657788],[-85.68691563674213,38.27135831802014],[-85.68691705251024,38.271329236930534],[-85.68690856171821,38.271299355020126],[-85.68689294629128,38.27124439760558],[-85.68686675264895,38.271185636131214],[-85.6868560454992,38.27116159300784],[-85.68683604838613,38.27109214773171],[-85.6868215177606,38.27104632473987],[-85.68671723002676,38.27058099369328],[-85.6867173573972,38.27058039282597],[-85.68671734259547,38.27058032885042],[-85.6866947037977,38.27048271924669],[-85.6867580075085,38.270238912936016],[-85.6869184818944,38.26962085843522],[-85.68700574216,38.26929267423264],[-85.68716773280175,38.26868342054347],[-85.68703295583276,38.268715758914574],[-85.68691717689268,38.268745081857254],[-85.68689971840975,38.26874772675996],[-85.68649028250336,38.26886880401581],[-85.68630616158188,38.26891778090397],[-85.68629493099483,38.2689207678267],[-85.68603979694986,38.26898863418458],[-85.68598264493487,38.26899980664152],[-85.6859431166321,38.26900766138944],[-85.68591901308332,38.2690124522253],[-85.68587305360688,38.269014463490315],[-85.6858710182015,38.269014552482965],[-85.68585382868336,38.269015303573646],[-85.68543035048373,38.26900848736806],[-85.68511331023268,38.26892552542753],[-85.68503946132671,38.26890620092392],[-85.68483943285987,38.26883243266146],[-85.68465204294823,38.2687406889132],[-85.68447997897658,38.26863159648673],[-85.68447994357402,38.268631569438554],[-85.68432573623798,38.268507129919094],[-85.68424183052215,38.26842611917662],[-85.68416653378553,38.268339825466235],[-85.6840703406596,38.26821985054389],[-85.6835067425159,38.26751820525416],[-85.68336994343676,38.267338453877144],[-85.68327228864894,38.26721007515433],[-85.68321326422576,38.26713730067756],[-85.68316207511684,38.267074188816736],[-85.68316173152611,38.26707376697645],[-85.68315424676535,38.267064537886064],[-85.68304729835917,38.266932637296364],[-85.6830280471847,38.266908894386304],[-85.68284338606992,38.26668115300875],[-85.6826521671148,38.26644541433469],[-85.67955868143964,38.26722054582962],[-85.67867416574694,38.26735655747169],[-85.67494299759676,38.267930224569646],[-85.6752722280891,38.26832046279332],[-85.67545086866262,38.26854298206032],[-85.67743329230908,38.27101140777458],[-85.67743332430209,38.27101141410086],[-85.67757160192022,38.271185990776935],[-85.67791815138372,38.27161894510443],[-85.67805743688852,38.2717924631754],[-85.67756723042825,38.272112451905336],[-85.67826384015031,38.272406663113905],[-85.67890876374868,38.27268100560573],[-85.6790121296809,38.27272464398816],[-85.67920285226094,38.272824289989146],[-85.67920289795363,38.272824312540244],[-85.67987010196589,38.273158623239176],[-85.68004591308208,38.27324435554201],[-85.68006087529423,38.27324335711832],[-85.68028153216252,38.273228629677334],[-85.68088280139078,38.273187921372056],[-85.68091854390165,38.273184915036424],[-85.68101907641176,38.27317844085704],[-85.68125009539693,38.273163555476856],[-85.68198520177269,38.27296498953878],[-85.68256539120836,38.27296671523564],[-85.68262921957846,38.272994686497185],[-85.68371590776071,38.273282915361484],[-85.68371594089737,38.27328292258769],[-85.68400544028196,38.27259519843203],[-85.68459817775263,38.27228445473047],[-85.68488771198537,38.27255209622876],[-85.6847566518879,38.2734023128677],[-85.68520642091289,38.273446554278046],[-85.68538988092138,38.27347546518935],[-85.68566439500171,38.273543231135044],[-85.68584158365283,38.27359407611482],[-85.68601068607006,38.27365881454108],[-85.68628740381088,38.273764749052866]]]},"properties":{"name":"MOCKINGBIRD VALLEY","ballot_code":"MKV"}},{"type":"Feature","geometry":{"type":"Polygon","coordinates":[[[-85.57941999571213,38.2756023540453],[-85.57988523780017,38.27541753266964],[-85.58006941259704,38.27534644713637],[-85.58050654759917,38.27518244992669],[-85.58051442215137,38.27517947994821],[-85.58094516922432,38.27500777963342],[-85.58113075091978,38.2749338096017],[-85.58157724492513,38.27475578222786],[-85.58158210663218,38.27476333732719],[-85.58168633463929,38.27492580211798],[-85.58178916354895,38.275086052981734],[-85.58188859094348,38.275241106727414],[-85.58215515009569,38.27565650698167],[-85.58268736376655,38.2764860059746],[-85.58279740467505,38.27632023935418],[-85.58290242667957,38.276161965969074],[-85.58302785867157,38.27609367777078],[-85.58323054059518,38.27598318775754],[-85.58332073605074,38.2759340822352],[-85.58342119141422,38.2758793646326],[-85.58365823552855,38.27575743147982],[-85.58397726305442,38.275630853119864],[-85.5838044850618,38.275356365226635],[-85.5836121990573,38.27505107940285],[-85.5835872217275,38.275011378950495],[-85.58348257170124,38.27484511683309],[-85.5833860048468,38.27469189557054],[-85.58332711701065,38.27459824962693],[-85.58329186891861,38.27454238056127],[-85.58323158380011,38.27444661716068],[-85.58319657977837,38.2743910358118],[-85.58313234432343,38.274289064630025],[-85.58310396355179,38.27424402202359],[-85.58302781831142,38.27412294730086],[-85.58292596598139,38.27396135192344],[-85.58285644435588,38.27385081586562],[-85.58276014310783,38.273688987614726],[-85.5826819898663,38.27356588987463],[-85.58259982718282,38.273436487845125],[-85.58250684664706,38.273289906388754],[-85.58247536698165,38.27324043645357],[-85.58241763408617,38.27314953234875],[-85.58237764733137,38.27308639549482],[-85.58233322340023,38.27301652131985],[-85.58227628137122,38.27292677147998],[-85.58223757003611,38.27286575181966],[-85.58217297108824,38.272763972357126],[-85.58214823687548,38.27272508908181],[-85.58207160612542,38.27260430040164],[-85.58197346194682,38.27244972961642],[-85.58188005938156,38.27230237760877],[-85.58179486354919,38.27216672074683],[-85.58176198824496,38.27211426736611],[-85.58170705565016,38.272026492269966],[-85.58166834702132,38.27196470299571],[-85.58161146971844,38.27187384742824],[-85.58156784015864,38.27180407047126],[-85.58152439254577,38.271734726213374],[-85.58146751537764,38.271643966972434],[-85.58140243542412,38.27154007092607],[-85.58136634074994,38.27148237199239],[-85.58126814383128,38.271325685053185],[-85.58124189298815,38.271283770402604],[-85.58116654744593,38.27116250180449],[-85.58106999418261,38.271007067553235],[-85.58096706307347,38.270841237912684],[-85.58078896758923,38.270554621581454],[-85.58069010230322,38.27039793316152],[-85.58046505440842,38.27003028309926],[-85.58016150904993,38.269534388064],[-85.57992418982383,38.2695965987768],[-85.57965257530024,38.26966779893842],[-85.57940054873269,38.26973378585736],[-85.57914565250358,38.26980058526262],[-85.57893994163858,38.26985452200861],[-85.57861364814144,38.26994001637986],[-85.57863752360475,38.26997938029558],[-85.57835998199698,38.270054030372535],[-85.57817300101418,38.27010438642079],[-85.57768436611555,38.27023844354718],[-85.57745307687615,38.27030200410239],[-85.57716802405281,38.270380246951355],[-85.57689084152568,38.27045643203216],[-85.57662842737058,38.27052864866939],[-85.5763062669812,38.270617268134586],[-85.57659612720246,38.271087910860565],[-85.57682396037275,38.27145787960567],[-85.57691605998271,38.271609753834824],[-85.57716122255054,38.272003306242745],[-85.57724257981494,38.27213367316015],[-85.57733943046821,38.27228911092548],[-85.5773718761741,38.27234118020253],[-85.57744333119747,38.27245504057383],[-85.57750117653069,38.27254729332099],[-85.57754753811648,38.27262121112288],[-85.5776443310434,38.27277549531042],[-85.57771882560195,38.27289431246586],[-85.57774513558407,38.272936227966156],[-85.5778130674373,38.27304460156613],[-85.57784472574673,38.273094986575],[-85.57790038314985,38.273183967268004],[-85.57794437668349,38.27325384248343],[-85.57799450581992,38.273333727177246],[-85.57804421001217,38.27341308237101],[-85.57808729027107,38.27348165882903],[-85.5781503020695,38.27358213992948],[-85.57817904336277,38.27362800142471],[-85.57827006715532,38.273773093262605],[-85.57836291420712,38.273921120269605],[-85.57845965009321,38.27407535589382],[-85.5785503107285,38.27421982170801],[-85.57865105887946,38.27438045703522],[-85.57874901095548,38.27453661679438],[-85.57888457799544,38.274752834302504],[-85.57897876200724,38.27490398811843],[-85.57911694683693,38.27512251645707],[-85.57922013082084,38.27528555851193],[-85.5793222220951,38.27544686816299],[-85.57941999571213,38.2756023540453]]]},"properties":{"name":"MOORLAND","ballot_code":"MRL"}},{"type":"Feature","geometry":{"type":"Polygon","coordinates":[[[-85.58307868887361,38.29231822887814],[-85.58357199463134,38.292634179398355],[-85.58411439324175,38.292823603515075],[-85.5850158388801,38.292811545124685],[-85.58537371963028,38.29282867832486],[-85.58551145599482,38.292835264666074],[-85.58597414409338,38.29266123430568],[-85.58615727784678,38.292581051207605],[-85.58644105423977,38.29245316834494],[-85.58649761242475,38.29250560414744],[-85.58671063084613,38.29270302370895],[-85.58681479721983,38.29279956603544],[-85.5870916582632,38.2930670269539],[-85.58734295136671,38.29336570415886],[-85.58759279981533,38.293242194707446],[-85.58776734558447,38.29315584388088],[-85.58798592595139,38.293046714925744],[-85.58809316967923,38.29299315700977],[-85.58836060737077,38.29285947755337],[-85.58850376151412,38.29278798625858],[-85.58866645896516,38.29270661729802],[-85.58886879152898,38.29260563796355],[-85.58896241557566,38.292558792604176],[-85.58922478032898,38.292427652164655],[-85.58935339764128,38.29236340083723],[-85.58946076200985,38.292309697686456],[-85.58952531329548,38.2922781483964],[-85.58966986750534,38.29220733148911],[-85.58989973501585,38.29209475191707],[-85.59014248868813,38.29197584391593],[-85.59019574090088,38.291949856773144],[-85.59038188162623,38.29185861295389],[-85.5907349244018,38.291685762126974],[-85.59092094334285,38.291594181237485],[-85.59127349307094,38.29142243449667],[-85.59140210331152,38.29135981524009],[-85.59150518636542,38.29130961458355],[-85.59186561237719,38.29113393406155],[-85.59221333336885,38.29096443763447],[-85.59203951937882,38.29071491437672],[-85.59179435003779,38.29040096600345],[-85.59169494356276,38.290273807512754],[-85.59147976767676,38.28999831408689],[-85.59132013624698,38.289794003870554],[-85.59115953249288,38.28958829745253],[-85.59099716477125,38.289380425256084],[-85.59083656240631,38.28917491117722],[-85.59067839533235,38.288972236330736],[-85.59052588506131,38.28877702152828],[-85.59036236608927,38.28856770443667],[-85.59020882352507,38.28837118954084],[-85.5900362419724,38.28815012758108],[-85.58984881828428,38.28791019922458],[-85.5897442541183,38.28777356033765],[-85.58952162434886,38.28748266752929],[-85.5892767319949,38.287162703755314],[-85.5891365203607,38.287228997103114],[-85.58907352273664,38.287258742831845],[-85.58866102068289,38.287453751440786],[-85.58857352256457,38.28749508485982],[-85.588492117643,38.287533529973345],[-85.58836658246624,38.287592793395255],[-85.58814709443025,38.28769658294066],[-85.58785817970619,38.28783315896907],[-85.58766910986533,38.28792264526116],[-85.58762554551546,38.28794327852836],[-85.58733163276972,38.288084325028784],[-85.58709353899611,38.28819688751878],[-85.58679437501812,38.28833951112323],[-85.58659022892843,38.28843702307943],[-85.58651169677715,38.288474464428035],[-85.58635066367721,38.28855126500905],[-85.58611592318334,38.28866325444989],[-85.58589192825244,38.288770160746736],[-85.58581608172668,38.288807076496376],[-85.58565192865076,38.28888699718736],[-85.58541534755564,38.289002202667945],[-85.58521815668352,38.28909784703726],[-85.58469949763106,38.28934944385427],[-85.58464298436466,38.2893768105516],[-85.58417222460852,38.28960477697206],[-85.58365253077723,38.289851800816685],[-85.58319151434377,38.290073855066254],[-85.5827356874063,38.29029331920792],[-85.58237647059927,38.29046632943477],[-85.58220235811744,38.29055017376627],[-85.58187030704708,38.29071350871608],[-85.58152207958301,38.29088109921891],[-85.58219824518504,38.291711089577426],[-85.58253222162179,38.29201619281863],[-85.58301993640072,38.29234723405258],[-85.58307868887361,38.29231822887814]]]},"properties":{"name":"MURRAY HILL","ballot_code":"MUH"}},{"type":"Feature","geometry":{"type":"Polygon","coordinates":[[[-85.64506223848957,38.24916138120726],[-85.6451520116155,38.24927161197079],[-85.64558173112323,38.24905183458408],[-85.64568935630341,38.24899846481432],[-85.64574761792619,38.24897322624669],[-85.6458223565379,38.24893665548376],[-85.64595768024269,38.24887008738024],[-85.64613443024024,38.24878331455067],[-85.6462917165539,38.24870618808239],[-85.64646298626599,38.248613832120704],[-85.64659379733848,38.248547116083984],[-85.64664071613323,38.248523213194304],[-85.64673943459144,38.248472767303916],[-85.64681130693039,38.2484361447592],[-85.64688610838496,38.24839798678629],[-85.64695657673833,38.24836198819471],[-85.64701350133342,38.248333045796365],[-85.64709897997818,38.24828931914378],[-85.64716536067661,38.24825552872627],[-85.64724400552302,38.24821540256745],[-85.64730294340282,38.24818530764885],[-85.64739513131654,38.24813841342616],[-85.64744430772014,38.24811326254309],[-85.64753893657672,38.24806497653967],[-85.64759689780686,38.2480354094908],[-85.64768707332284,38.24798942686987],[-85.64775223366138,38.2479562116793],[-85.64783594148093,38.247913492935254],[-85.64790140685739,38.24788018242367],[-85.6479832222485,38.247838519667674],[-85.64804038944858,38.2478095283291],[-85.64813398164794,38.2477618175669],[-85.64819182008878,38.247732298770586],[-85.64827503890064,38.24769005950406],[-85.64833415879893,38.2476599164737],[-85.64842085542077,38.247615805196176],[-85.64847204306083,38.24758978978782],[-85.64856770859238,38.24754102273303],[-85.64861590639484,38.247516591287905],[-85.64870937540522,38.24746902501615],[-85.64875970889082,38.24744339346073],[-85.64890869708121,38.24736745826945],[-85.64908476448645,38.24728423830634],[-85.6492412550593,38.24720460705053],[-85.64936925433162,38.24713937571552],[-85.64952659930775,38.24705940784748],[-85.64967686734536,38.24698294390577],[-85.64980041110394,38.246920449041156],[-85.6502031969504,38.246715055395725],[-85.65014696758732,38.24659298205548],[-85.65010247423798,38.24653866171326],[-85.65005585185219,38.24648150333574],[-85.64987824529389,38.246263984173915],[-85.64978901689734,38.246154768242256],[-85.64969412705159,38.246038670418606],[-85.6495862140113,38.24590640726357],[-85.6494805523947,38.24577717584376],[-85.64938542064269,38.24566074149596],[-85.64929211526915,38.24554647272651],[-85.64885525983006,38.24499303712943],[-85.64875818452519,38.244873283255295],[-85.64866439503103,38.24475776301753],[-85.6485584335123,38.244627183538],[-85.64845746297038,38.24450285909984],[-85.64836154537828,38.24438454831257],[-85.64827000954558,38.24427181815141],[-85.64822521522225,38.24421658413426],[-85.64818072545962,38.24416173417016],[-85.64809393684322,38.24405482634849],[-85.64800325374517,38.24394315443099],[-85.64791512685724,38.24383451457364],[-85.64775906673243,38.243915153593775],[-85.64755481069483,38.24401921438841],[-85.64746946086169,38.244062797376664],[-85.64739948394663,38.2440985075317],[-85.64724159362437,38.2441791929293],[-85.64708498380523,38.244258917904205],[-85.64692337180458,38.24434133038099],[-85.64677042167781,38.24441937513155],[-85.64659532582614,38.24450850646366],[-85.646396809528,38.2446043958529],[-85.646247703446,38.2446801836816],[-85.64610970014174,38.24475040322781],[-85.64594302543864,38.24483252160415],[-85.64577952202413,38.244913632561484],[-85.6456656789314,38.24497103598959],[-85.64561339363536,38.24499748169496],[-85.64551919474508,38.2450449494075],[-85.64544946124725,38.24508008290284],[-85.64537490650908,38.24511771135611],[-85.64528955365324,38.24516081164566],[-85.64523336183068,38.24519066746094],[-85.64516332029078,38.245227723161435],[-85.64508906946253,38.245265929217595],[-85.64493336574014,38.24534949742313],[-85.6447876789184,38.24541841121246],[-85.64463033323894,38.24549851606995],[-85.64446975285325,38.24558030082433],[-85.6443073453089,38.24565972861928],[-85.64413755056118,38.24574698612671],[-85.64396415973904,38.2458329418839],[-85.64379534246603,38.24591837262695],[-85.64362920934032,38.24600236310429],[-85.64346618679127,38.246084720905834],[-85.64331878331596,38.24615925691972],[-85.64327052288273,38.246183733911884],[-85.64316045766255,38.2462393589253],[-85.64283941281329,38.246401771073934],[-85.64294936471424,38.246550052263345],[-85.64301071010587,38.24662530450357],[-85.64306091940925,38.24668689261039],[-85.64310132915132,38.24673645124513],[-85.6431930432048,38.24684899268569],[-85.64337762979757,38.247075423319686],[-85.64347883870069,38.24719970446984],[-85.64357913585279,38.247322686426884],[-85.64367413811473,38.24743926943083],[-85.64376688940534,38.24755310961649],[-85.64380596120037,38.247601032456906],[-85.64417834135291,38.24807658672429],[-85.644217170831,38.24812417224603],[-85.6443116265048,38.24824012895588],[-85.64440170207932,38.24835060114557],[-85.64450796562164,38.2484810880778],[-85.64460747445754,38.24860329989493],[-85.64469688145287,38.24871295318182],[-85.64479261709707,38.248830497214115],[-85.64488932815773,38.24894924390995],[-85.64497770032656,38.24905769507627],[-85.64506223848957,38.24916138120726]]]},"properties":{"name":"NORBOURNE ESTATES","ballot_code":"NBE"}},{"type":"Feature","geometry":{"type":"Polygon","coordinates":[[[-85.63620524542083,38.28727605135965],[-85.6362920943867,38.287247431471876],[-85.63795796451322,38.289291908383596],[-85.6395047236733,38.29113441195125],[-85.6397824498645,38.29155834498871],[-85.63984545278207,38.291527536252886],[-85.64014668057311,38.291902882329154],[-85.641385637734,38.29127553420981],[-85.64239636944657,38.29076604766074],[-85.64363967856657,38.29013978519739],[-85.64523233948191,38.28933520445953],[-85.64627323488881,38.2888110474248],[-85.64544192954102,38.28775858161595],[-85.64459159113447,38.28668022734087],[-85.64441263702842,38.286453229705224],[-85.6438534482477,38.28573418420449],[-85.64328737548261,38.28531062571166],[-85.6428756762574,38.28498624737975],[-85.6424128775987,38.284610184149685],[-85.64210163803287,38.28445998925455],[-85.64166567035373,38.28409471743748],[-85.64139976258612,38.28385782772912],[-85.6410798510443,38.283595261125576],[-85.6407090428747,38.28330889492689],[-85.64036869522805,38.28305039419676],[-85.63992537070695,38.282598951153645],[-85.6396905415637,38.282348671237294],[-85.63938955457803,38.282042942240516],[-85.63890161669414,38.28153587301195],[-85.63882136614917,38.28144112943502],[-85.63862606112127,38.28119684691316],[-85.63845647519827,38.28096648364175],[-85.63821139198518,38.280647198018514],[-85.63800835998371,38.28035261606298],[-85.63736743200843,38.27942998956939],[-85.63717173526769,38.27920926308515],[-85.63616021543426,38.28003098080596],[-85.6360804088759,38.279929648901],[-85.63587605182346,38.27967006387737],[-85.63582223849387,38.27960169109507],[-85.63540571692313,38.27982971390471],[-85.63494914626897,38.28007976510947],[-85.63315372265834,38.281062912320586],[-85.63238276808757,38.28150096940239],[-85.63214113064448,38.28163453373151],[-85.63095082313659,38.2822923193993],[-85.63032076950424,38.282640355460096],[-85.63018694266682,38.282714406130985],[-85.63002356667745,38.28280506275041],[-85.62959680877167,38.2830420938015],[-85.62939600546748,38.283153625229566],[-85.62854748325746,38.28362475284531],[-85.62798548055054,38.28393673879204],[-85.6277289460821,38.28406883716404],[-85.62762772494233,38.28412085072367],[-85.62626442502471,38.284874952094015],[-85.626180228563,38.28492154857063],[-85.62630428609884,38.28507572437809],[-85.62655270329921,38.285385470564954],[-85.62672930138878,38.2856006652073],[-85.62701441070045,38.2859673741416],[-85.62715284725604,38.28613300689834],[-85.62721598018486,38.28609797501125],[-85.62727141888917,38.286067165071096],[-85.62760261714207,38.286489307941174],[-85.62767438503117,38.28658068428116],[-85.62822053746864,38.287270656968474],[-85.6282943773406,38.28736390991538],[-85.62821634571797,38.28740738965359],[-85.62845037374522,38.28772327030762],[-85.62855181841132,38.287870833571404],[-85.62880198838106,38.28820221193968],[-85.62900060467953,38.288465265],[-85.62920786499775,38.28873972081817],[-85.62928412373931,38.288698786517465],[-85.62944029690733,38.28891732200679],[-85.62970543904765,38.2893492954607],[-85.63052159047449,38.29040272107273],[-85.63073226904034,38.29030672664288],[-85.6312033274815,38.29004838936154],[-85.63138460774488,38.28994798926051],[-85.63187886917679,38.28967404736724],[-85.63202430640511,38.28959346741245],[-85.63220876072353,38.28949119432771],[-85.63237562907581,38.289398758956665],[-85.63253541376571,38.2893102111203],[-85.63265893160127,38.289241724583285],[-85.63275601200544,38.28918782782443],[-85.63286835584623,38.28912558078095],[-85.63294223299302,38.28908464177457],[-85.63313712464839,38.28897670427741],[-85.63318542027334,38.28894987574554],[-85.63323102940227,38.28892458246318],[-85.63348447263955,38.288784104005494],[-85.63378297336777,38.28861862016632],[-85.63403690290369,38.28847794909083],[-85.63409759169694,38.288444401334914],[-85.63437172842798,38.288292401867984],[-85.63457919296943,38.2881774549638],[-85.63464879634556,38.28813877029566],[-85.63490949921125,38.28799420913006],[-85.63507037713664,38.28790513094871],[-85.63521287743843,38.28782612986072],[-85.63534212897783,38.287754472916944],[-85.63549189466713,38.287671489125046],[-85.63578159519591,38.28751094330431],[-85.63620524542083,38.28727605135965]]]},"properties":{"name":"NORTHFIELD","ballot_code":"NOF"}},{"type":"Feature","geometry":{"type":"Polygon","coordinates":[[[-85.60987868402711,38.249277558390986],[-85.60981562828489,38.2497329436734],[-85.60977884526535,38.249998060386886],[-85.6097630664579,38.25011958733569],[-85.60972241042842,38.250433596243234],[-85.60968584055277,38.25071539708002],[-85.60966838811522,38.250851058047495],[-85.60965143319079,38.25098162197378],[-85.60961653203536,38.251250827523414],[-85.60957606058597,38.25156325081327],[-85.60956739630886,38.25163055203418],[-85.6088474271083,38.25157666328344],[-85.60834655824864,38.25153952465218],[-85.60806149672962,38.25151831600285],[-85.6074682089146,38.251474379461996],[-85.60711328555513,38.25144793989366],[-85.60706953578082,38.25177915685994],[-85.60702986968677,38.25207946413073],[-85.60700059797007,38.252301652825174],[-85.6069705244794,38.25252889040012],[-85.60694075733875,38.25275478139084],[-85.60691093030292,38.25298023892644],[-85.60687113794995,38.253281939672114],[-85.60692072114446,38.25333854104792],[-85.60698618289888,38.253413192462716],[-85.60704343087184,38.253478457648825],[-85.60711540232455,38.253560616425716],[-85.60716115291358,38.25361293441951],[-85.6072204704663,38.25368051026783],[-85.60727850992672,38.25374673851263],[-85.60736611739748,38.253846849551195],[-85.60745317825833,38.25394614269465],[-85.60751334779661,38.254014777139744],[-85.6076353298369,38.25415401920565],[-85.60776741206737,38.25430481184419],[-85.60781060788447,38.25435404883274],[-85.60793088748015,38.25449150914239],[-85.60801022256234,38.254581946078375],[-85.60809454152579,38.254680803878784],[-85.60825545428655,38.25486946892899],[-85.60839458920222,38.25503252951022],[-85.60850093197922,38.25515723119428],[-85.60856322951621,38.25523019492241],[-85.60893391245557,38.255665230355525],[-85.60911037547893,38.25556875161389],[-85.60909995814279,38.25549969704622],[-85.60938321744842,38.25535531404929],[-85.609457008187,38.255317611040745],[-85.6099219875776,38.2550676186429],[-85.6104820489519,38.25477085880865],[-85.6106288395692,38.2546930944297],[-85.61076824375503,38.25461921601749],[-85.61091008827823,38.25454408977869],[-85.61105675555349,38.254466421122544],[-85.61133946761439,38.25431664684268],[-85.61148833103167,38.25423782609398],[-85.61163347022097,38.25416097209792],[-85.61192112525886,38.25400860743898],[-85.61221689493055,38.25385187557123],[-85.61251437290876,38.25369437552538],[-85.61288704290095,38.253496911585664],[-85.61302975034931,38.25341500407912],[-85.61340631936477,38.2532175430042],[-85.61357922252688,38.25312687182313],[-85.61372460068934,38.25305064078353],[-85.61406033607706,38.252874669787325],[-85.61436848986516,38.25270986963798],[-85.6141296735743,38.252438665895376],[-85.61381761334825,38.25260629805683],[-85.61351216606997,38.252330929619006],[-85.61358451219833,38.25224692210463],[-85.61364351805379,38.25215664742556],[-85.61369179762227,38.25206328448974],[-85.61372648662362,38.251966202944814],[-85.61376971068081,38.25177138534883],[-85.61375470764523,38.25167472768694],[-85.61374682355088,38.25158620396005],[-85.61372658829295,38.25141770865688],[-85.61375212205267,38.25135879285427],[-85.61382523570693,38.25132118180842],[-85.61398075462203,38.25126530032278],[-85.61412867301782,38.251197773127096],[-85.61426746370243,38.25112023553934],[-85.61439761299033,38.25103412968158],[-85.61456644403336,38.2508997477476],[-85.6146230228848,38.250835096634574],[-85.61450526314643,38.250716109219276],[-85.61463230919016,38.25055936979539],[-85.61473833725962,38.250393183081506],[-85.61480244534143,38.250278441773084],[-85.6148468084774,38.25015805229222],[-85.61488590688754,38.25004943681512],[-85.61490995061787,38.24993820757446],[-85.61492101504231,38.24978984581175],[-85.61492438697621,38.24974667391395],[-85.61496180207446,38.24942515900336],[-85.61360506854999,38.2493146537056],[-85.6131534775213,38.249276678593155],[-85.61142106119432,38.24913090376486],[-85.60991292097694,38.24900397587075],[-85.60987868402711,38.249277558390986]]]},"properties":{"name":"NORWOOD","ballot_code":"NOR"}},{"type":"Feature","geometry":{"type":"Polygon","coordinates":[[[-85.60966382929371,38.2898499080245],[-85.60976106959954,38.29077660615099],[-85.60983047098718,38.29104400953182],[-85.61017687404475,38.292380349074314],[-85.61021497293062,38.29249188903238],[-85.61079747162506,38.29248132510767],[-85.61155436450693,38.29248057816046],[-85.6118158436801,38.292475449975846],[-85.6123776176998,38.29222714986369],[-85.61268539996937,38.292089616234904],[-85.61289791091147,38.292008176254036],[-85.6131887184414,38.29194399033565],[-85.61342465604623,38.29189344294231],[-85.61363840421882,38.2918345033262],[-85.6138849442986,38.29175781180897],[-85.6141256514809,38.291668132228224],[-85.61452934503409,38.29145507464201],[-85.61494335789834,38.29120269926061],[-85.61552123303625,38.29087891840159],[-85.61615358170772,38.29051985749755],[-85.61659503545359,38.2902671703443],[-85.61747450753145,38.28979562232092],[-85.6178200663395,38.28961033935395],[-85.61778080926554,38.28957281967777],[-85.61775184965265,38.28959050358413],[-85.61774447216094,38.28957576393803],[-85.61770831826958,38.28950353686687],[-85.61770827037043,38.28950347464793],[-85.61770684917522,38.28950173332882],[-85.61751851807463,38.28927380445512],[-85.61735192739258,38.289086065706975],[-85.61720681170756,38.28888584383218],[-85.61710727151885,38.28875828577749],[-85.61705835348295,38.288695597821274],[-85.61659228897577,38.28811969988457],[-85.61647182306983,38.28796696139374],[-85.61632915260222,38.287786176397276],[-85.61617158988747,38.2875863373374],[-85.61598638140288,38.287352578474334],[-85.61582439667954,38.287152187043546],[-85.6156716088309,38.286963110020245],[-85.61554675265083,38.286808542930686],[-85.61542629572102,38.28665950532217],[-85.61527752893222,38.286475437103356],[-85.61506699458138,38.286214855470476],[-85.61494500336423,38.286063922700926],[-85.61482202158061,38.28591176247535],[-85.6145819523559,38.28561470460713],[-85.61438272595191,38.28536811645355],[-85.61435895777903,38.28533869845222],[-85.6143484257761,38.28532562442022],[-85.61411794119951,38.2854723383239],[-85.6140399533756,38.28552205958804],[-85.61403992362123,38.285522078473825],[-85.61375432167178,38.28570400052748],[-85.61363932877924,38.28577728381077],[-85.61347687231779,38.28588070667938],[-85.61334909694459,38.28596208438307],[-85.61320943866416,38.286051081061984],[-85.6129718105633,38.286199910695395],[-85.61293155611791,38.28622513753056],[-85.61287059707745,38.28626332215226],[-85.61270180381362,38.28636905835193],[-85.61260323579144,38.286430785167354],[-85.6121508232364,38.28671411777041],[-85.6119849544964,38.286822732170975],[-85.61158711318873,38.28707410195604],[-85.61146174046674,38.287153325337606],[-85.61127366888692,38.28727215383685],[-85.61107998097621,38.287394473829465],[-85.61097325729381,38.28746186478091],[-85.61087004907499,38.28752709388457],[-85.61079447481006,38.2875748436447],[-85.61074050439497,38.28760895317361],[-85.6103231827255,38.28787256126814],[-85.61021360326674,38.28794179780606],[-85.61007095749223,38.28803193321969],[-85.60954557595699,38.2883637810923],[-85.60966382929371,38.2898499080245]]]},"properties":{"name":"OLD BROWNSBORO PLACE","ballot_code":"OBP"}},{"type":"Feature","geometry":{"type":"Polygon","coordinates":[[[-85.7380306423326,38.214831102342956],[-85.74147846193137,38.21299478364993],[-85.74098311598158,38.21225156974499],[-85.73967101953512,38.21025964042954],[-85.73856443754084,38.208463258057215],[-85.7384941969079,38.20834776243797],[-85.7383141796304,38.20805161814734],[-85.73816786664415,38.20809651056349],[-85.73772782848513,38.20824287036507],[-85.737668108309,38.20826276924503],[-85.73755561533024,38.20830016386209],[-85.73740412097085,38.20835058402725],[-85.73724385185542,38.20840388795185],[-85.737135684064,38.2084398401844],[-85.73703812123672,38.20847233196054],[-85.73698620121608,38.2084895392566],[-85.73692708925148,38.208509437828],[-85.73685414504479,38.20853404689681],[-85.73672062704335,38.20857903534194],[-85.73659350713997,38.20862181248439],[-85.73650935007592,38.20865012214641],[-85.73644463209042,38.20867194340328],[-85.73638789734504,38.208691024798604],[-85.73624670040877,38.208738511108436],[-85.73615486470602,38.2087693207118],[-85.73610391944091,38.20878643132968],[-85.73603987155458,38.20880791548099],[-85.73587594276219,38.20886275506611],[-85.73581006762583,38.20888491279847],[-85.73571792665138,38.20891586527865],[-85.73555984755704,38.20896873471312],[-85.7354927526488,38.2089912281803],[-85.7353867778983,38.20902674571115],[-85.73530877499749,38.209052988455376],[-85.73522875996021,38.20907975886403],[-85.73511510648214,38.209117920433606],[-85.73506452618173,38.20913479008971],[-85.7349101643192,38.20918650498216],[-85.73473258407253,38.2092460055461],[-85.73476023991002,38.20929168548726],[-85.73496308907716,38.20962755265908],[-85.73503594402419,38.20975281085151],[-85.73520449771328,38.2100391506268],[-85.73538109463226,38.21033904979726],[-85.73545425558292,38.210460028148795],[-85.73560307629099,38.21070977567545],[-85.73563834816248,38.210769014981565],[-85.73569024983905,38.21085609438652],[-85.7357337454423,38.210928989721246],[-85.73577937136885,38.2110106354917],[-85.73586100052741,38.21115704980167],[-85.73588908286494,38.21120715235547],[-85.73594726090164,38.21130101216619],[-85.73608164835883,38.211517773800374],[-85.73615932015973,38.21164947552149],[-85.73620945561956,38.21173535258038],[-85.73628469046687,38.21186397622263],[-85.73633019727271,38.21194167911279],[-85.7363546869943,38.211983607554416],[-85.73642687665367,38.21210713397414],[-85.73649102430319,38.21221666830672],[-85.73657265830934,38.21235159114146],[-85.73672118251206,38.212597057503814],[-85.73674561128716,38.212637447899134],[-85.73687628780961,38.21285358286382],[-85.73694390706862,38.21298263856725],[-85.73707836095339,38.21320646616152],[-85.73717285024759,38.213364035754275],[-85.73723639204053,38.21347015581522],[-85.73729585279291,38.21356925596732],[-85.73735665283105,38.21367051945151],[-85.73754271055243,38.213980512340655],[-85.73761752424629,38.21410812502762],[-85.73780467873443,38.214428455274394],[-85.7379714873888,38.21471416528802],[-85.7380306423326,38.214831102342956]]]},"properties":{"name":"PARKWAY VILLAGE","ballot_code":"PKV"}},{"type":"Feature","geometry":{"type":"Polygon","coordinates":[[[-85.59418200830191,38.284824479848524],[-85.59420354564419,38.284850904221855],[-85.59439464707138,38.28508549440094],[-85.59458161194507,38.285315174053245],[-85.59474941314907,38.285521173831114],[-85.59491873732301,38.28572905022848],[-85.5950855666695,38.285933895013784],[-85.595260854354,38.28614913494974],[-85.59542878136824,38.2863552780254],[-85.59559555307678,38.28656007242304],[-85.59578149160191,38.28678835496352],[-85.59595264590239,38.28699844401119],[-85.59612641761086,38.287211854394805],[-85.59633142596287,38.287452805626636],[-85.59650356710418,38.2876592886139],[-85.59668307295567,38.28787458044325],[-85.59686080480118,38.288091984218354],[-85.59702856003922,38.28829706695873],[-85.59720161024916,38.288508598966544],[-85.59755104033083,38.288326540553285],[-85.59772196850439,38.28823757376484],[-85.59798199411387,38.28810208352766],[-85.598243484356,38.287965970234765],[-85.598488424718,38.28783834464772],[-85.59873556227969,38.28770966364301],[-85.59897653122104,38.287584147393616],[-85.5992372236917,38.287448415577614],[-85.59954982121054,38.28728548822792],[-85.59969448626167,38.287210186831835],[-85.59942216588054,38.28685838141493],[-85.59931399362799,38.28671852547557],[-85.59910202989974,38.2864447317958],[-85.59855545752117,38.285738373336315],[-85.59832305786004,38.28543810916036],[-85.59822048594826,38.28530556693554],[-85.59800877447529,38.28503201295179],[-85.59767599944367,38.284601947520564],[-85.59757044982966,38.284465603361824],[-85.59752165947184,38.28440255692558],[-85.59737401115292,38.284211683315284],[-85.59720288194843,38.28399068206902],[-85.59709861108263,38.2838558779359],[-85.59701405168809,38.28374657984987],[-85.59687912106945,38.283572166158194],[-85.59708769489102,38.2834732960569],[-85.5972945589809,38.28337514414103],[-85.59749629421731,38.283279534043764],[-85.59778272886416,38.28313710742915],[-85.59787419724364,38.283091597262505],[-85.59812912399964,38.28296480224804],[-85.59795084225394,38.28272177269615],[-85.59774506995761,38.28244120544249],[-85.59762487875128,38.28227743729759],[-85.59750414113495,38.282112850255146],[-85.59738133644285,38.28194547197409],[-85.5971630389075,38.28164786673117],[-85.59706097612194,38.281508738051386],[-85.59677808558862,38.28112306353881],[-85.59664354598486,38.28093965845274],[-85.59619942077812,38.28033414778221],[-85.5954000841819,38.27928656170522],[-85.59535823558912,38.279231744520885],[-85.59437742115996,38.279705531858454],[-85.59396949725333,38.27990265014024],[-85.59344202283836,38.28015619772172],[-85.59335813051534,38.28019656919406],[-85.59259130346358,38.280565187158906],[-85.59243202296601,38.28063257454024],[-85.59219790168864,38.28069899706328],[-85.59189912277157,38.280737638461886],[-85.59153798681349,38.280757734272875],[-85.59119563321036,38.280750880603534],[-85.5908541605206,38.28073152733298],[-85.59019773407779,38.2807843479196],[-85.58985941730292,38.280828507685094],[-85.5894197619093,38.28096791997304],[-85.58884240290394,38.2811502213324],[-85.58823670938479,38.28140229314621],[-85.58808835239542,38.28146396856106],[-85.58757644931791,38.28169587579497],[-85.58706048474308,38.28199720158357],[-85.58683340620412,38.2821014135573],[-85.5869063383178,38.28219300920171],[-85.58700329689117,38.28231492784222],[-85.58712495276181,38.282467843349224],[-85.58725664411436,38.2826334660121],[-85.58739010201778,38.28280115772661],[-85.58751516433722,38.28295830835083],[-85.58764247931904,38.2831183954189],[-85.58771407400882,38.283208353476375],[-85.5877837263016,38.28329494377674],[-85.58793191012711,38.283479146916804],[-85.58804402229384,38.2836184899554],[-85.58817341122426,38.28377939641714],[-85.58820803974906,38.283822352402225],[-85.58830334810793,38.28394088008558],[-85.58844234900123,38.284113674788195],[-85.58857186197886,38.28427458095786],[-85.5886107332688,38.28432304921038],[-85.58869906252009,38.284432646735134],[-85.5887596522381,38.28450802166641],[-85.58882717655008,38.28459191547856],[-85.58890699056033,38.28469116374578],[-85.58896125282742,38.284758693494844],[-85.58905536237242,38.2848756062057],[-85.58920330951909,38.28505961453495],[-85.58930027914452,38.285179944623174],[-85.58935448290708,38.28524737679928],[-85.58956910610559,38.28551417148108],[-85.589676720287,38.28564903627381],[-85.58990891972698,38.28593349109471],[-85.58992532887363,38.285953768432016],[-85.58992536307333,38.28595381082287],[-85.59003524714369,38.285900690680606],[-85.59017836392344,38.28583151983218],[-85.59038134819282,38.28573343426792],[-85.59045786614354,38.2856964263775],[-85.59058520164768,38.28563488643564],[-85.5907210695989,38.28556925130545],[-85.59079928188426,38.28553140849001],[-85.59098717070745,38.28544059567208],[-85.5912272631499,38.285324556601275],[-85.59145201083216,38.28521577977243],[-85.59166078509065,38.285114851851944],[-85.591886105537,38.28500596504415],[-85.59207668186063,38.28491381075936],[-85.59232282373164,38.28479490168992],[-85.59255199038596,38.28468409520107],[-85.59260285481429,38.284659498423004],[-85.59274476297983,38.284590933690964],[-85.59298046074603,38.28447696189608],[-85.59308634139,38.28442575352005],[-85.59319344388159,38.28437396915798],[-85.59341528013401,38.284266805532845],[-85.59357764208056,38.28418826629933],[-85.59364016637738,38.28415916441014],[-85.59367202661396,38.28419825636253],[-85.59380129410256,38.284356953645215],[-85.59393389328294,38.284519815757506],[-85.59406266714117,38.28467788953111],[-85.59418200830191,38.284824479848524]]]},"properties":{"name":"PLANTATION","ballot_code":"PLN"}},{"type":"Feature","geometry":{"type":"Polygon","coordinates":[[[-85.63953228081718,38.257758394312674],[-85.6397862401751,38.257722282890946],[-85.64163549365179,38.257666775264866],[-85.64317949792269,38.25760976266276],[-85.64320741980971,38.25744549935647],[-85.64325481314228,38.25709835852559],[-85.64327237714896,38.25697014572386],[-85.6432916064216,38.25682895253252],[-85.64332716626065,38.256569209957966],[-85.64336858119792,38.25626644113288],[-85.64339273975064,38.256089433899746],[-85.64340746804463,38.2559820368964],[-85.64341615770536,38.255918002908714],[-85.64349366942545,38.2552776508837],[-85.64350953391015,38.25514366672235],[-85.64352891678449,38.25498016495941],[-85.64354545889972,38.25484050806459],[-85.64356194139877,38.25470094751072],[-85.64357552060969,38.254586625554865],[-85.64358132397093,38.25453749346919],[-85.6436035187404,38.25436822446422],[-85.64361880930228,38.25425159758054],[-85.64362509788418,38.254203474996345],[-85.6436414976133,38.25407829000683],[-85.64366073327278,38.25393166387288],[-85.64367855178655,38.25379551819492],[-85.64369636860503,38.253659709465566],[-85.64371110277546,38.25354760034846],[-85.64373163396127,38.25339059000761],[-85.64374975918682,38.253252329125196],[-85.64377115264747,38.25308911734668],[-85.64378119969341,38.253014314451256],[-85.64381713507153,38.252744427003265],[-85.64384844831389,38.25250958533619],[-85.64390269006962,38.25210263891887],[-85.64351507363537,38.25207421243269],[-85.64300077046295,38.25203648673991],[-85.64238087681679,38.25199096955854],[-85.64210594485998,38.251956630583045],[-85.6416490145367,38.25192121090792],[-85.64150605155675,38.2519102143793],[-85.64136735784383,38.251899509002456],[-85.64075338303805,38.251852018330396],[-85.64015062732764,38.251805448457304],[-85.6392861006474,38.25173170578152],[-85.63926962502744,38.25182150326173],[-85.6389723387196,38.25415852599427],[-85.63895226864602,38.2543264014623],[-85.63886840450931,38.255029536965026],[-85.6388529656791,38.25515904946609],[-85.63851193086307,38.25777844876222],[-85.63953228081718,38.257758394312674]]]},"properties":{"name":"RICHLAWN","ballot_code":"RCH"}},{"type":"Feature","geometry":{"type":"Polygon","coordinates":[[[-85.66598469791082,38.28741376884152],[-85.66665826908365,38.28773815470721],[-85.66670180704524,38.28764539307754],[-85.66703111203583,38.28697847561917],[-85.66711909316298,38.28680045215576],[-85.66728667968061,38.286458917941516],[-85.66731841097011,38.286394177215165],[-85.66747505210871,38.2860748956913],[-85.66777628386444,38.28584413264231],[-85.66768391719647,38.285746419129104],[-85.66731873116123,38.28540359960314],[-85.66724841275628,38.28533749020187],[-85.66698279810971,38.285088060342424],[-85.66685484942765,38.28495575269285],[-85.6667476174415,38.28484495070668],[-85.66649470806361,38.28458317303057],[-85.66625502104196,38.28433529948501],[-85.66607017878934,38.28413621649105],[-85.66601912485167,38.28408137014118],[-85.66579559715925,38.28384105433986],[-85.6655988169248,38.283629365915175],[-85.6653432467718,38.28335474615426],[-85.66510839281489,38.28310148867249],[-85.66488749173452,38.282863385698484],[-85.66484667405028,38.28281945938181],[-85.6647972672951,38.2827661038378],[-85.66466159645876,38.282619941469285],[-85.66443552030012,38.282376064203916],[-85.66437021312741,38.282305580738985],[-85.66414601444491,38.28207454098743],[-85.66359526248077,38.281463628759745],[-85.66352502465465,38.281386554364644],[-85.663242732955,38.28107825536681],[-85.66300412000969,38.28081768226851],[-85.66279854577243,38.28057708635151],[-85.6626288482956,38.28037815305692],[-85.66253224443939,38.2802651917553],[-85.66228336626101,38.27997364659271],[-85.66206695510571,38.27972015591949],[-85.66198691687336,38.279629130181135],[-85.66160256738958,38.27919146568327],[-85.66123156043975,38.27876919541809],[-85.66108246992042,38.27883759633099],[-85.66095705314851,38.27889938026211],[-85.66083812915326,38.27893770639259],[-85.66029787637846,38.27911177818539],[-85.66000901593952,38.27920488123334],[-85.65986157890177,38.27931578420151],[-85.65959872406063,38.278744833350636],[-85.65888052495234,38.27869322227787],[-85.6584212160816,38.27866493389679],[-85.65839370530144,38.278862230731875],[-85.65829114297773,38.278888305926415],[-85.65808851700255,38.27889074533124],[-85.65799869116302,38.27887697300182],[-85.6578757525202,38.278856155535294],[-85.65777102901494,38.278805398224044],[-85.65763308217726,38.2787401906819],[-85.65752813308875,38.27867457629991],[-85.65742301063337,38.27860155767442],[-85.65735065642649,38.27851697837507],[-85.65732126673896,38.278461567618734],[-85.65719586547722,38.278363194568506],[-85.65720160782914,38.278355795055795],[-85.65720515239045,38.278351038110806],[-85.65720863402905,38.278346328866796],[-85.65721217852925,38.27834161967194],[-85.65721584303697,38.27833691147198],[-85.65721938759643,38.27833215452657],[-85.6572228692333,38.27832744528211],[-85.65722641373162,38.278322736086814],[-85.65722995714678,38.27831797914018],[-85.65723350050128,38.27831326994377],[-85.65723704391554,38.2783085129969],[-85.6572405872089,38.27830385155058],[-85.65724413182538,38.27829904685401],[-85.65724773575408,38.27829433770461],[-85.65725127910629,38.27828962850762],[-85.65725482239674,38.27828496796181],[-85.65725842752717,38.278280211062636],[-85.65726209317299,38.27827550196111],[-85.6572665535362,38.27826959161352],[-85.65727101269553,38.27826372901519],[-85.65727553357199,38.27825786736599],[-85.6572801161678,38.27825200486397],[-85.65728469755862,38.27824619101219],[-85.65728927894871,38.27824037716023],[-85.65729392211831,38.27823451470511],[-85.6572975876381,38.27822990200406],[-85.65730137551247,38.27822524164833],[-85.65730504109148,38.27822058119668],[-85.65730876724713,38.27821591989141],[-85.65731249340114,38.27821125948694],[-85.65731615897988,38.278206598133984],[-85.65731994685189,38.27820193777765],[-85.65732367294436,38.27819732512319],[-85.65732746081653,38.27819266386561],[-85.65733124748401,38.278188051258304],[-85.65733503529394,38.27818343865178],[-85.65733888367934,38.2781788260925],[-85.65734273200297,38.27817426218442],[-85.65734664090319,38.2781696974227],[-85.65735158892628,38.278164075757665],[-85.65735659752451,38.278158454139806],[-85.65736172835548,38.278152881268724],[-85.65736685792243,38.27814740389722],[-85.65737211092521,38.278141927523045],[-85.65737742323994,38.27813654669577],[-85.65738304174079,38.2781312625096],[-85.65738866012057,38.278126073823834],[-85.65739452176346,38.278121030381136],[-85.65740050443713,38.27811608253364],[-85.65740538981834,38.27811209604316],[-85.65741033445049,38.27810825375098],[-85.65741528016501,38.2781044592098],[-85.6574202865762,38.27810056831417],[-85.65742529286442,38.27809677472095],[-85.65743035985042,38.2780928838722],[-85.65743536613874,38.2780890893776],[-85.6574403724866,38.27808524713236],[-85.65744537895526,38.27808130848527],[-85.65745032358325,38.27807746619136],[-85.6574552088391,38.27807357519953],[-85.65746167808848,38.27806978184733],[-85.65746735455318,38.2780665653847],[-85.65747309267607,38.27806339672036],[-85.6574787690797,38.278060228007504],[-85.65748450605868,38.27805705934176],[-85.6574902430383,38.27805388977473],[-85.65749585886462,38.27805072101373],[-85.65750165762091,38.278047504645],[-85.65750727230329,38.278044335882555],[-85.65751288830938,38.27804102296872],[-85.65751978543612,38.27803689299196],[-85.65752662216633,38.27803261971642],[-85.65753327614769,38.27802824899504],[-85.65753980801377,38.27802373492671],[-85.65754615718987,38.278019076563226],[-85.65755232367711,38.27801427300362],[-85.65755836798901,38.27800937384744],[-85.65756313003827,38.27800529085229],[-85.65756783151123,38.27800120780967],[-85.6575724118932,38.27799707602097],[-85.65757699119061,38.27799289738178],[-85.65758144939817,38.277988669095585],[-85.65758596817989,38.27798444175744],[-85.65759036472659,38.27798016657329],[-85.65759476127391,38.27797589048805],[-85.65759915890251,38.27797166305488],[-85.65760465514037,38.277966331012074],[-85.65761002920514,38.27796090157097],[-85.65761534148827,38.27795552163372],[-85.65761961700221,38.27795114905135],[-85.65762377028007,38.27794672952396],[-85.65762792355858,38.27794230909546],[-85.65763207683544,38.27793788956777],[-85.65763616839428,38.27793346909084],[-85.65764026001258,38.27792900086341],[-85.65764429219757,38.277924532589445],[-85.65764832323916,38.277920064314465],[-85.65765241491587,38.277915548336225],[-85.65765632372317,38.277911031314254],[-85.65766133227977,38.27790541058407],[-85.65766621974525,38.277899741107845],[-85.6576711060682,38.27789407072958],[-85.65767593187347,38.27788835345443],[-85.65768075767801,38.2778826361791],[-85.6576846060271,38.277878022707256],[-85.65768839259493,38.277873458739414],[-85.65769218036628,38.277868846121],[-85.6576959064185,38.27786423345441],[-85.65769975470467,38.27785966863336],[-85.65770354253449,38.27785500826422],[-85.657707329161,38.27785039564442],[-85.65771117750678,38.277845782171674],[-85.65771496521421,38.27784121820383],[-85.65771875298222,38.277836605584525],[-85.65772260132543,38.27783199301232],[-85.65772644954833,38.27782747594071],[-85.65773029789055,38.277822863368286],[-85.65773414623231,38.277818250795725],[-85.657737932855,38.27781363817491],[-85.65774172062017,38.277809025554845],[-85.65774544678713,38.27780431648491],[-85.65774923449032,38.27779975251592],[-85.65775296059653,38.27779509119607],[-85.65775674841966,38.27779043082513],[-85.65776053503951,38.27778581820361],[-85.65776438337743,38.277781205629985],[-85.657768231655,38.2777766408066],[-85.65777311910367,38.277770971325744],[-85.65777812758195,38.27776539834071],[-85.65778325721178,38.27775982454889],[-85.65778851009601,38.27775439590596],[-85.65779394452551,38.27774911155636],[-85.65779956296686,38.27774382734978],[-85.65780530231802,38.27773873513965],[-85.65781128613571,38.27773373952136],[-85.65781733040735,38.277728840351585],[-85.6578222145375,38.27772490159291],[-85.6578271603258,38.27772101063249],[-85.65783216662814,38.27771716837027],[-85.65783717292999,38.27771332610791],[-85.65784223974697,38.27770953164279],[-85.65784724604778,38.277705689379935],[-85.65785219183343,38.27770179841841],[-85.65785713641473,38.2776979561071],[-85.65786208225916,38.2776940173948],[-85.65786690580906,38.27769007858711],[-85.65787166776073,38.277686043329524],[-85.65787752933545,38.277680999862305],[-85.65788333045457,38.277675859945965],[-85.65788913157286,38.27767072002935],[-85.65789493148758,38.277665627861914],[-85.6579006103701,38.277660440099204],[-85.65790519071217,38.27765630829719],[-85.6579097699706,38.27765212874377],[-85.65791434916758,38.27764799784145],[-85.65791886784947,38.27764381824055],[-85.65792338653084,38.2776396386395],[-85.65792796686921,38.27763550773749],[-85.65793254612504,38.277631328183205],[-85.65793700422823,38.27762714943542],[-85.65794158348298,38.27762296988072],[-85.65794610210202,38.27761883802912],[-85.65795068249759,38.27761465937588],[-85.65795526169106,38.27761052757101],[-85.65796368625134,38.277604140071205],[-85.65796899758229,38.27760039354104],[-85.65797436948701,38.27759664795872],[-85.65797974133149,38.27759295012647],[-85.65798499214506,38.27758915579813],[-85.65799005900674,38.277585312675235],[-85.65799598216311,38.27758036565161],[-85.65800135592971,38.27757512899548],[-85.65800593692057,38.277569555668315],[-85.65800960404688,38.277563596023825],[-85.65801235616362,38.27755725186311],[-85.65801443888202,38.277550618877875],[-85.65801578753849,38.277545138539594],[-85.65801701396073,38.277539610355895],[-85.65801811929171,38.27753403432768],[-85.65801928513818,38.27752850609688],[-85.65802063379388,38.277523025758484],[-85.65802228749166,38.27751764205887],[-85.65802442795761,38.2775123551391],[-85.65802736420366,38.277505914719214],[-85.65803054377311,38.27749957089005],[-85.65803323374807,38.27749447629959],[-85.65803604595547,38.27748943045535],[-85.6580388581625,38.27748438461108],[-85.65804173088476,38.277479386564096],[-85.65804454309213,38.27747433981871],[-85.658047476389,38.27746934181861],[-85.65805028859448,38.27746429597402],[-85.65805310079958,38.27745925012933],[-85.65805579071178,38.277454203288634],[-85.65805903091157,38.27744781175532],[-85.658062088243,38.27744141917891],[-85.65806484167372,38.277434930865596],[-85.65806716782923,38.27742829716727],[-85.65806857693325,38.27742291417783],[-85.65806986500804,38.27741743379167],[-85.65807084797997,38.27741190541816],[-85.65807176929319,38.27740632924641],[-85.65807262997131,38.277400800777905],[-85.65807355236751,38.277395272357296],[-85.65807465642973,38.27738979182818],[-85.65807625122724,38.277383062060885],[-85.65807839445054,38.277376476871574],[-85.6580810859791,38.27737013266191],[-85.65808463097602,38.27736402876775],[-85.65808884663096,38.27735811819769],[-85.65809263428987,38.277353554217115],[-85.65809678648422,38.27734903736885],[-85.65810118416695,38.27734471351452],[-85.65810582414903,38.27734039074905],[-85.6581107096217,38.277336259175584],[-85.65811565434495,38.27733227270108],[-85.6581206607262,38.27732833402457],[-85.65812700986626,38.277323626977626],[-85.65813354127323,38.27731940117968],[-85.65814116989324,38.27731608979714],[-85.65814757654411,38.27731383518264],[-85.65815416708683,38.277311676211305],[-85.65816063437174,38.27730937389269],[-85.65816679799828,38.277306782132904],[-85.65817332766176,38.2773039501028],[-85.65817967481485,38.2773008305273],[-85.65818474422885,38.277295834180386],[-85.6581861544034,38.27728958447522],[-85.65818591948087,38.27728275688546],[-85.65818519394459,38.27727708303357],[-85.65818440789295,38.27727136138433],[-85.65818398866165,38.27726568776997],[-85.65818448353318,38.277260206767146],[-85.65818577051319,38.27725467862822],[-85.65818760724115,38.27724915091567],[-85.65818968855538,38.27724362339266],[-85.65819152522322,38.27723814343035],[-85.65819324121665,38.27723136600479],[-85.65819343230525,38.277224779299246],[-85.65819191562113,38.277218383171935],[-85.65818942287639,38.27721198718863],[-85.65818686805811,38.27720679212494],[-85.65818394623919,38.27720169407928],[-85.6581806586256,38.27719664259933],[-85.6581770062378,38.277191735889446],[-85.65817304742576,38.277186925343536],[-85.65816884481211,38.277182402011825],[-85.658164397372,38.277178071293555],[-85.65815854840184,38.277173066477395],[-85.65815233315493,38.27716849473423],[-85.65814575073023,38.27716416235883],[-85.65813886398752,38.27716007030089],[-85.65813173241972,38.277156169955155],[-85.65812588093085,38.277153185067824],[-85.65811990715048,38.27715019918437],[-85.65811387267509,38.27714730965526],[-85.65810777762508,38.2771444200788],[-85.65810174308984,38.277141579200396],[-85.6580955863228,38.27713868957542],[-85.65808967299945,38.27713580013909],[-85.65808376093999,38.27713281430169],[-85.6580779095157,38.27712978076066],[-85.65806870540732,38.2771253021931],[-85.65806273151104,38.2771224127084],[-85.6580568181903,38.27711952327045],[-85.65805090601292,38.27711663383305],[-85.6580449938957,38.27711369664503],[-85.65803908063604,38.27711075945578],[-85.65803316846014,38.27710787001752],[-85.65802725514172,38.27710498057806],[-85.65802134296669,38.277102091139184],[-85.65801542970891,38.2770991539488],[-85.65800957810985,38.27709626455641],[-85.65800360536115,38.27709337506958],[-85.65799769210479,38.27709043787827],[-85.6579917181544,38.27708759614032],[-85.65798580598222,38.27708470669967],[-85.65797836884735,38.27708114306283],[-85.65797093285613,38.27707757942643],[-85.6579634957227,38.27707401578866],[-85.65795599795412,38.27707050075463],[-85.65794850018736,38.2770669848192],[-85.65794100344365,38.2770635652859],[-85.65793344389951,38.27706009795281],[-85.65792734856272,38.277057448920736],[-85.65792119144871,38.2770548475907],[-85.65791503421444,38.277052342662024],[-85.65790875468768,38.27704983763791],[-85.65790253675857,38.27704742906315],[-85.65789619653808,38.27704501949195],[-85.65788991803484,38.277042610869394],[-85.65788363838905,38.27704020224561],[-85.65787735874368,38.277037793621474],[-85.65787101852484,38.27703538404895],[-85.65786480071891,38.277032879070525],[-85.6578571196095,38.27702974859369],[-85.6578494992574,38.27702647311048],[-85.65784194074467,38.27702310127316],[-85.65783456534093,38.27701953767528],[-85.65782725069349,38.27701582997205],[-85.65782005852024,38.27701197821155],[-85.6578143295301,38.27700884835092],[-85.65780866129606,38.27700557438511],[-85.6578029929417,38.277002396820755],[-85.6577974470614,38.276999075199285],[-85.65779183952465,38.276995704878175],[-85.65778635440097,38.2769922391513],[-85.6577809309358,38.27698882122264],[-85.65777556714377,38.276985211437626],[-85.65777026615316,38.27698164945167],[-85.65776502471599,38.27697799111011],[-85.65775984505704,38.27697428506602],[-85.65775350768094,38.27696961590375],[-85.65774729271817,38.27696485133568],[-85.65774113845211,38.27695999041277],[-85.65773632483163,38.27695604499984],[-85.65773157305152,38.27695200233222],[-85.65772682018891,38.276947911913155],[-85.65772219094333,38.27694367743804],[-85.65771762113027,38.27693944300903],[-85.65771323544924,38.27693511232164],[-85.65770891040465,38.27693073302998],[-85.65770470777314,38.27692625833274],[-85.65770074864454,38.27692173607478],[-85.65769685129536,38.276917165213504],[-85.65769228341517,38.27691139286128],[-85.65768802196096,38.27690552344509],[-85.65768424763314,38.276899462505966],[-85.65768138914837,38.27689311397651],[-85.65767920192225,38.27688647676507],[-85.65767780523197,38.27688104294001],[-85.65767659261225,38.276875561508035],[-85.65767544062864,38.27687003147197],[-85.65767422807032,38.27686450138862],[-85.65767283138194,38.27685906666247],[-85.65767131348305,38.27685368049316],[-85.657669857301,38.27684829527289],[-85.65766846055222,38.276842909197995],[-85.6576670032288,38.27683752307589],[-85.65766554704851,38.27683213695458],[-85.65766317575428,38.27682554825054],[-85.65766080385393,38.276820353317554],[-85.65765830996219,38.27681491863631],[-85.6576556333245,38.27680938741071],[-85.65765265128535,38.27680404875035],[-85.65764918055672,38.27679923766612],[-85.6576441247787,38.276794281193055],[-85.65763747960857,38.27679172811871],[-85.65763046514313,38.27679201095034],[-85.6576228405348,38.27679306271785],[-85.65761533774003,38.27679358572152],[-85.65760838487542,38.276793051437124],[-85.6576014940908,38.2767922288964],[-85.65759454176963,38.27679126215501],[-85.65758759083374,38.27679010261074],[-85.65758063863409,38.276789039466856],[-85.65757368631351,38.276788072724244],[-85.65756679546968,38.27678729793185],[-85.65755819680058,38.27678676235951],[-85.65754965683874,38.27678680344117],[-85.65754117864942,38.276787710384625],[-85.65753282064232,38.27678938683372],[-85.6575261699769,38.27679120876805],[-85.65751957964474,38.27679322265178],[-85.65751292975911,38.27679533289039],[-85.65750639981862,38.27679749187371],[-85.65749968851703,38.27679936150959],[-85.65749133020628,38.27680127760855],[-85.6574829727404,38.27680252159792],[-85.65747443373833,38.27680270682713],[-85.65746589582417,38.27680202714334],[-85.65745900528171,38.27680101269192],[-85.65745205326421,38.276799805388436],[-85.65744516308594,38.27679850173109],[-85.65743821113013,38.276797245775434],[-85.6574298540878,38.27679815280563],[-85.65718639938004,38.2771159592266],[-85.65711400315426,38.27721085999596],[-85.65682246325518,38.27759305400411],[-85.65665805760949,38.27780856081359],[-85.65614998596685,38.27804725800974],[-85.65583201495718,38.278200090591945],[-85.65556251536451,38.278366855453584],[-85.65530278077217,38.27852761816393],[-85.65525241764763,38.278561521190426],[-85.65510248759917,38.27866183909989],[-85.65525481688485,38.27892433057574],[-85.65541261159927,38.279206490349786],[-85.6555623746431,38.27947450846944],[-85.65557273955628,38.27952485554732],[-85.6556388707631,38.27984795398912],[-85.65566846722079,38.28002678470372],[-85.65600309075606,38.27992733455924],[-85.6564753688597,38.27978673956909],[-85.656893503356,38.2798227440778],[-85.65708653078185,38.27983948312234],[-85.65762621734834,38.279883609644315],[-85.65785401285021,38.280093989701946],[-85.65828944169226,38.28049680032956],[-85.6583285991712,38.28054712169931],[-85.65853833214294,38.28081681668154],[-85.65876079393445,38.28110301297145],[-85.65886048519359,38.28123141387845],[-85.6589316145205,38.281322915043184],[-85.65909524088997,38.281541032854534],[-85.65957886827412,38.28214566399379],[-85.65970633905867,38.28230533660466],[-85.65962684987481,38.282362923226565],[-85.65957196132672,38.28240581607699],[-85.65930514664998,38.28261519001198],[-85.65921289082455,38.28268733492722],[-85.65906825426154,38.282796171268096],[-85.65896177585144,38.28287628567172],[-85.6588346572051,38.282975279702754],[-85.65874502667549,38.28304502163345],[-85.65860038399721,38.28315765579102],[-85.65846679196626,38.28326174109366],[-85.65836415542739,38.28334156961616],[-85.6581309174507,38.283523272549544],[-85.65788229206963,38.28371679070764],[-85.65780041369575,38.283780432206505],[-85.65774222386808,38.28382726417603],[-85.65763353794317,38.2839143958404],[-85.65756918116125,38.283965838475496],[-85.65752704988442,38.283999653343024],[-85.65739418428271,38.284106285863984],[-85.65731553846578,38.28416920788883],[-85.65712478743676,38.284322190959145],[-85.65716236012376,38.28442011036417],[-85.65734311455697,38.2848921502143],[-85.65760327475749,38.28557166547922],[-85.65781358453224,38.28612099107277],[-85.6578314651909,38.2861632189479],[-85.65793926138619,38.28615561051128],[-85.65821907245417,38.28615222124458],[-85.65843121379638,38.2861654636719],[-85.65861610686926,38.28621358924803],[-85.65890551171525,38.286295258927346],[-85.65902829314255,38.28630467994902],[-85.6591177103758,38.28631157600673],[-85.65940143446142,38.28630188931751],[-85.65983239124192,38.286258851126334],[-85.66040677550818,38.28620236070505],[-85.66210629458887,38.286000451655646],[-85.66253517261748,38.285958988653135],[-85.66274995633003,38.28595635868615],[-85.66295057762602,38.28601444186491],[-85.66312103571553,38.28609697504421],[-85.66341623410784,38.286286959911074],[-85.66381251733218,38.28647278680057],[-85.6640649360767,38.28657759112864],[-85.66478489975302,38.286860865176415],[-85.66545518847946,38.28716587978738],[-85.66598469791082,38.28741376884152]]]},"properties":{"name":"RIVERWOOD","ballot_code":"RIV"}},{"type":"Feature","geometry":{"type":"Polygon","coordinates":[[[-85.6681075907826,38.272349680812205],[-85.66840931331184,38.272723466311874],[-85.66904157405747,38.27234484184757],[-85.66920664759033,38.2722543728779],[-85.66927456910057,38.2722172540296],[-85.66947113015891,38.27210978626481],[-85.66968935483037,38.271990456515205],[-85.66981689576086,38.2719209245784],[-85.6699521641212,38.27192409287733],[-85.67020489207596,38.271930273757],[-85.67054739301243,38.271938484767574],[-85.67065046036447,38.27194081348775],[-85.6709044092005,38.27194680178936],[-85.6711395733848,38.2719525355786],[-85.67124251843968,38.271954911452276],[-85.67158081180148,38.27196297342179],[-85.67192507724951,38.27197474037689],[-85.67227910131705,38.27198675239133],[-85.67275491468789,38.27200259354529],[-85.6732570769033,38.27201705519668],[-85.67378668219386,38.27203292706334],[-85.6742865855793,38.27210940625433],[-85.67464026126405,38.27216463507233],[-85.6749885108719,38.272219089080046],[-85.67529227685787,38.27226658657506],[-85.6753407843366,38.272274170761754],[-85.6755360382686,38.27230458375935],[-85.67600609072487,38.27197865358042],[-85.67615544245066,38.271875093171076],[-85.67624057959914,38.27181605638562],[-85.676319003454,38.271761679590334],[-85.67673278129959,38.271481680737494],[-85.67690396702784,38.2713656267599],[-85.67720160336668,38.271164260782044],[-85.67743332430209,38.27101141410086],[-85.67743329230908,38.27101140777458],[-85.67545086866262,38.26854298206032],[-85.6752722280891,38.26832046279332],[-85.67494299759676,38.267930224569646],[-85.67487843355934,38.2678520538321],[-85.67476100055477,38.26770966373705],[-85.67471062849883,38.26764881104132],[-85.67451492752014,38.267411558137255],[-85.6744815827798,38.26737117144569],[-85.67417330859514,38.26699779036832],[-85.67390432338955,38.26667199235648],[-85.67373939926887,38.266460672916956],[-85.67322270288916,38.26579962975719],[-85.67314949329464,38.26571140407769],[-85.67302489908191,38.26577608639649],[-85.67297846546097,38.26580033600083],[-85.67293071718363,38.265741023048925],[-85.67283789950977,38.26562561974119],[-85.67270634785427,38.26546211165517],[-85.6726650561292,38.26541078345742],[-85.67262656521373,38.265362823039844],[-85.6727944808355,38.26527600502466],[-85.67263898646493,38.26509147007502],[-85.67237466404096,38.26476748056204],[-85.67228075088593,38.2646526049253],[-85.67183087893228,38.264772796004564],[-85.6717786023626,38.264786656887374],[-85.67141724086507,38.26488305749119],[-85.67136002374471,38.26489830868489],[-85.67110876454802,38.264965404929114],[-85.6709531544582,38.26500693781156],[-85.6708396331667,38.265037152026935],[-85.67058758089497,38.265104439436634],[-85.67025323962466,38.265193642466635],[-85.67005321584081,38.26524995321663],[-85.66954874326292,38.265383608523074],[-85.66958832699665,38.26543464834423],[-85.66914539980985,38.26555348788806],[-85.66907610270054,38.26557199928567],[-85.66887974272063,38.26562330935642],[-85.66881312981701,38.26564076471922],[-85.6683072516467,38.26577306863427],[-85.66809027905525,38.26582311354219],[-85.66806939637377,38.26568256287101],[-85.66799530573675,38.265624575712515],[-85.66788966107937,38.26564392614424],[-85.66757904751888,38.26583237455252],[-85.66731175877874,38.26599436075851],[-85.667042272002,38.26615778724103],[-85.66676778114434,38.26632414218953],[-85.66654857713736,38.26645712000674],[-85.66621732936956,38.26665800233593],[-85.66594362704659,38.26682406760474],[-85.66566668959003,38.266992004813424],[-85.6653884687723,38.267160854016666],[-85.66518750759093,38.267282928170424],[-85.6648712031672,38.26747506733411],[-85.66466578733724,38.2675977148998],[-85.66440636117194,38.267752391604056],[-85.66472582727363,38.26814932642179],[-85.66490060339756,38.26836624321711],[-85.66493233085212,38.26840564309108],[-85.66507154381055,38.268578540503164],[-85.6652390139189,38.26878641226408],[-85.66547426779528,38.269076933388774],[-85.66564850176876,38.269292116999274],[-85.66580452684205,38.2694846905846],[-85.6659426493206,38.2696553752007],[-85.6661078025508,38.26986689738313],[-85.66624275147599,38.27003979121945],[-85.66647898951115,38.27033011812844],[-85.66658910010217,38.270465394553554],[-85.66674500991091,38.27065714958471],[-85.66702577128751,38.271001835902204],[-85.66725153304182,38.27128537507275],[-85.66759253035224,38.27170760651017],[-85.6681075907826,38.272349680812205]]]},"properties":{"name":"ROLLING FIELDS","ballot_code":"RLF"}},{"type":"Feature","geometry":{"type":"Polygon","coordinates":[[[-85.57529995543402,38.286376895404544],[-85.57537571166372,38.28647596568594],[-85.5754064547845,38.28642533529847],[-85.57628818986285,38.28607363375055],[-85.5765398854375,38.28604400112647],[-85.57688229857851,38.28600925981783],[-85.57724516015361,38.28602055976964],[-85.5774912366302,38.28607149788397],[-85.57767840570668,38.28611451330392],[-85.57797966680683,38.286122404036085],[-85.57816602720317,38.2861203186619],[-85.57846523259451,38.28601521795231],[-85.57968810558943,38.28545883038991],[-85.5810520353126,38.284776470544514],[-85.58186127394464,38.28433784078535],[-85.58241600019993,38.28409414358665],[-85.58338304854867,38.28361798401017],[-85.5833206540346,38.28348077423035],[-85.58321257897421,38.28325979275591],[-85.58311767011753,38.28306993774855],[-85.58294485745213,38.282723907380834],[-85.58284867434648,38.282531550189624],[-85.58279062585832,38.282415164489024],[-85.58271703316133,38.28226788931837],[-85.58258684862986,38.28200745123805],[-85.58253262632664,38.281898715370644],[-85.58251228463028,38.28185791496293],[-85.58241185408869,38.28165704187387],[-85.58229126600862,38.28141565680076],[-85.58218148670721,38.281195874597685],[-85.58204207711836,38.28091657575652],[-85.58196184023592,38.28076861761068],[-85.58183785400789,38.28052054392876],[-85.58171981920015,38.28028435399691],[-85.58160876206655,38.28006505047665],[-85.58144504508775,38.279748166401305],[-85.58123852994942,38.27937006357306],[-85.58112415622563,38.279134936799124],[-85.5809624498823,38.27882127573461],[-85.58088399499312,38.278669232587895],[-85.58075174127966,38.27841258765337],[-85.58064578042018,38.27820723351866],[-85.58053499385879,38.27797840887587],[-85.58039420332925,38.27769516327],[-85.58000265924733,38.27784013787119],[-85.57976525378888,38.27792797470857],[-85.57947150238171,38.278036788771374],[-85.57913824653953,38.27818939352619],[-85.57905950787953,38.27847616997972],[-85.57899571656395,38.27870868560252],[-85.57643295162659,38.27981390876355],[-85.57623230064169,38.279959679396825],[-85.5760148732301,38.280132110314206],[-85.5758704102848,38.2802465665258],[-85.57576307412485,38.28070369280088],[-85.57555377644346,38.28091873178023],[-85.57537767912162,38.281099587708525],[-85.57514508883939,38.28133608377698],[-85.57495395433347,38.281529513044376],[-85.57479637307326,38.28169496126134],[-85.57457302857689,38.281940412692],[-85.57428474715195,38.282251925058155],[-85.574159913483,38.28239395843108],[-85.57444249431374,38.282554818219324],[-85.57418713616406,38.282820222499225],[-85.57400407443059,38.28292562934405],[-85.57379430888767,38.28312744294184],[-85.57362976394317,38.28321854893769],[-85.57377598477652,38.28336709108137],[-85.57390547433855,38.28349806033784],[-85.5740243890661,38.28363858002325],[-85.57399426181898,38.28368748028263],[-85.57401685858291,38.28375237330441],[-85.57410259883525,38.28383827391216],[-85.57396880557069,38.283950581263525],[-85.57363905560375,38.2842277968126],[-85.57379740022968,38.284434629512084],[-85.57399168257471,38.28468848916377],[-85.57403589103062,38.28474629858222],[-85.57423522343976,38.28500655935754],[-85.57441084130949,38.285236110858996],[-85.57454644717444,38.28541309992904],[-85.57466076959847,38.28556241076265],[-85.57481833023407,38.28576823178173],[-85.57502241050868,38.28603484536206],[-85.57528461619151,38.28635683474498],[-85.57529995543402,38.286376895404544]]]},"properties":{"name":"ROLLING HILLS","ballot_code":"RLH"}},{"type":"Feature","geometry":{"type":"Polygon","coordinates":[[[-85.61261964999126,38.25403336421066],[-85.6127890747374,38.25424044767385],[-85.6136129029854,38.25521967853434],[-85.6145032245053,38.2562936007247],[-85.6153593324845,38.25731867571321],[-85.61614431678434,38.25826909248977],[-85.61663425560062,38.258847227164026],[-85.61784620034021,38.26029597726054],[-85.61792823054436,38.26038992051019],[-85.61781701681913,38.260451722668286],[-85.617538919757,38.26060603652952],[-85.61736820858758,38.26069137940985],[-85.61754078285689,38.26089264169993],[-85.61743656636915,38.26089387105075],[-85.61701804941752,38.260971386507556],[-85.61673907600166,38.26096780317183],[-85.61476189449336,38.261064364780005],[-85.61454838656236,38.2610747465064],[-85.61413332494425,38.26109504051564],[-85.61348084898876,38.26112688811775],[-85.6133741257472,38.26113205358347],[-85.61281355288874,38.261159435711505],[-85.6124075767295,38.26117920623962],[-85.61207716113991,38.26119536052021],[-85.61229702979912,38.26143538970448],[-85.61256912120632,38.26172899227717],[-85.61268484245247,38.26186918285421],[-85.61295573011711,38.26215614756327],[-85.61321959395511,38.26244959399318],[-85.61333545645303,38.26258084118132],[-85.61359282191607,38.26286225959016],[-85.6134974687863,38.26291647997631],[-85.61340132272979,38.26297117957907],[-85.6132690380081,38.26304636833299],[-85.61320518429339,38.263082786849445],[-85.61299451632216,38.263202645942904],[-85.61281754434876,38.2633033119242],[-85.61261438386668,38.26341890039917],[-85.61241726617827,38.263531033175354],[-85.61217430122744,38.263669220124385],[-85.61195215265096,38.26379565086093],[-85.61178635077793,38.26388993423466],[-85.61150400835588,38.26405071841547],[-85.61122099328337,38.26421183898622],[-85.61094310412739,38.26437007913727],[-85.61082338975764,38.264438211908114],[-85.61066216283761,38.26453004667273],[-85.61038524835732,38.26468766138693],[-85.61010064167705,38.26484969004502],[-85.6100552830611,38.26487550374352],[-85.60982048946485,38.26500922403919],[-85.60792351017108,38.26608149322533],[-85.60654062581415,38.266876119568636],[-85.60673669144269,38.26709459072111],[-85.60698156128561,38.26736730570694],[-85.6071900443475,38.26759949278936],[-85.60730450785958,38.26772713838183],[-85.60748919897298,38.267932804570506],[-85.60754834859883,38.267998793179274],[-85.60767249075363,38.26813693084629],[-85.6102632518691,38.26669575453023],[-85.61043895035671,38.26659725504426],[-85.61056534564881,38.26673842139516],[-85.6113608009925,38.267622145025925],[-85.61169929868103,38.26799390709681],[-85.61289508271075,38.267311702787886],[-85.61308959293596,38.267197066163675],[-85.6131920279065,38.26730512342666],[-85.61343279003802,38.26757046398253],[-85.61359152684506,38.267771283201185],[-85.61543717917093,38.26980028509826],[-85.61564004807741,38.27001865260955],[-85.61569185218399,38.27003731879109],[-85.61574869781187,38.27003377675772],[-85.61689718315964,38.26936816263645],[-85.61763400791762,38.2689324263196],[-85.6178067816567,38.26883030617794],[-85.61815700824702,38.268633906838836],[-85.61830602892252,38.26854700093929],[-85.61849900606384,38.26843427640306],[-85.61868935602521,38.26832308746417],[-85.61883495728019,38.26823814838629],[-85.6191703110254,38.26803446965306],[-85.619404615202,38.267897413084036],[-85.61960876038822,38.267777823861564],[-85.61982242138902,38.26800153256362],[-85.61998180827226,38.268189554840774],[-85.62012166089896,38.26835438112454],[-85.62025080267745,38.26850693441369],[-85.62028689302544,38.26854918815999],[-85.62038664014513,38.26866689982578],[-85.6204244943192,38.268711559204014],[-85.62051846055131,38.26882272620304],[-85.62055941940483,38.26887089814682],[-85.62065247294507,38.26898076576152],[-85.62070505670147,38.269042508807026],[-85.62078794655002,38.269140681640074],[-85.62083870453655,38.26920035584238],[-85.62092555170442,38.26930276377035],[-85.62097630877165,38.269362437909656],[-85.62105378336437,38.26945420967538],[-85.62111616492945,38.2695277918211],[-85.62119187640663,38.26961701367535],[-85.62124750360766,38.269682461797224],[-85.6213303955739,38.26978024952577],[-85.62138206625313,38.269841319151084],[-85.62152320272618,38.27000816412477],[-85.62157536120458,38.27006952249589],[-85.62165861882154,38.270167839239],[-85.62176591850634,38.27029416377716],[-85.62179665308224,38.27033049737947],[-85.62195081685708,38.270512068493304],[-85.62207546256393,38.27065922982668],[-85.62214271567868,38.27073877827546],[-85.62221708949761,38.27082645916696],[-85.6223444748636,38.27097670081588],[-85.62251951773935,38.271183198713246],[-85.62257831111366,38.271252352504256],[-85.62275110268914,38.271456251071164],[-85.62282505250984,38.27154345089709],[-85.62294221554887,38.271681661272495],[-85.62305359626485,38.27181322980665],[-85.62313570261674,38.271910101796486],[-85.62329066257111,38.271810407041606],[-85.62339987061604,38.27175191509393],[-85.62358312477191,38.271653980939256],[-85.62367920842212,38.271602541790614],[-85.6239448103623,38.27146055722888],[-85.62399999359204,38.271431144002825],[-85.62419398927871,38.27132759477687],[-85.62426467806168,38.27128963884996],[-85.6244694177235,38.27118018672444],[-85.62467031105683,38.27107279695627],[-85.62475137635776,38.2710294189746],[-85.624878529433,38.270961328764514],[-85.62497638037102,38.270909218311424],[-85.6250763685874,38.270855570303375],[-85.62520272704249,38.27078800776316],[-85.62526779788409,38.270753363520235],[-85.62544750725667,38.27065705705014],[-85.62567781983414,38.27053407127724],[-85.62594762581615,38.27038977925957],[-85.62612177829523,38.27029678324409],[-85.626514032309,38.27008703761031],[-85.62659087507724,38.270050432727004],[-85.62644141102065,38.26986098740426],[-85.62631160219519,38.269697141390786],[-85.6261901960707,38.26954133241213],[-85.62604404205122,38.269342659750286],[-85.62588014535896,38.26910555163055],[-85.62551181420193,38.268556529087476],[-85.6254566342072,38.26846954612132],[-85.62527215962953,38.268178562727506],[-85.62511044640262,38.26791707774555],[-85.62501711432608,38.26774739987893],[-85.62492283098527,38.26757556404084],[-85.62482093179088,38.267390784166196],[-85.62473059601132,38.2672185667225],[-85.62463576489141,38.267039032295735],[-85.62452463498036,38.26680519531144],[-85.6243849844161,38.26651127663505],[-85.6242259942713,38.26616426559946],[-85.6240073486429,38.26567756720454],[-85.62396482082066,38.26554704749157],[-85.62428789587729,38.265382648804],[-85.62446992510569,38.26529007249276],[-85.62463328352707,38.26520701993888],[-85.6243937117468,38.26446627574486],[-85.62410526471658,38.26341980738887],[-85.6239261876801,38.26276889376723],[-85.62428502955323,38.262588564527604],[-85.62463246254347,38.26241401345022],[-85.62534638183982,38.26205858915985],[-85.62423022618948,38.26075982414627],[-85.62381094044758,38.26026750280043],[-85.62372254803272,38.26016585457223],[-85.6236803048293,38.26011730112373],[-85.6235263560008,38.259940527716665],[-85.6232289432421,38.259598939983455],[-85.62310448940957,38.25945605822313],[-85.6229858177523,38.25931986582399],[-85.62286404281483,38.259179870634085],[-85.62274482490938,38.25904290797809],[-85.62262207665223,38.25890199881187],[-85.62250754550931,38.258770377313404],[-85.62244376792803,38.25869713111721],[-85.62237938494944,38.25862186518889],[-85.62226936177031,38.25849322957399],[-85.62221149023347,38.258425662942805],[-85.62198359481442,38.25815895968391],[-85.62214410613795,38.258041914238774],[-85.6222946126266,38.25796274570459],[-85.62266080567537,38.25777014815304],[-85.62291673410991,38.25762291500996],[-85.62308690051545,38.25752756286313],[-85.62325279482071,38.25743451414554],[-85.62342070153358,38.25734040962256],[-85.62358665547146,38.2572474082474],[-85.6237557829633,38.257152535131674],[-85.62393089148947,38.257054398571135],[-85.62410630372997,38.25695611791924],[-85.62427146238726,38.256863451687344],[-85.62444644719557,38.256765362877594],[-85.62449026930899,38.25674084026437],[-85.62546826727913,38.25619477448388],[-85.62599764022697,38.25518945404862],[-85.6266759025514,38.253889268573246],[-85.62676771778843,38.25371339278157],[-85.62687825106775,38.253501380053216],[-85.62697758926785,38.25331103892184],[-85.62704096081984,38.253189559276315],[-85.62709545887954,38.25308667695773],[-85.62713662343434,38.25300897515313],[-85.62717234369983,38.2529415079687],[-85.62728133983273,38.25273588822305],[-85.6274465448433,38.25242411716215],[-85.62762979217419,38.2520782290045],[-85.62771285791422,38.25191816056566],[-85.62788504343557,38.251586492069414],[-85.62796474390714,38.25143295911441],[-85.62807888003871,38.25121306366262],[-85.62823185697611,38.250918396085645],[-85.62831604633658,38.250925020935966],[-85.62978025485799,38.25104032286484],[-85.63018284913636,38.2510752045228],[-85.6305408833782,38.25110499086887],[-85.63091062255292,38.251135797884615],[-85.63125774434234,38.25116465840836],[-85.63159962398662,38.25119312795973],[-85.63194936802262,38.25122222873217],[-85.63220279080022,38.2512433474474],[-85.63287539560666,38.251299211335116],[-85.63322257804019,38.25132970049088],[-85.63357451526733,38.25136062576526],[-85.63391968644451,38.251391014493635],[-85.63429131533594,38.251423639938324],[-85.63472007055674,38.25145872363256],[-85.63552772886366,38.25151580939354],[-85.6355167955643,38.25160642348519],[-85.63549604233737,38.25177843863829],[-85.63548776548056,38.25184694398006],[-85.63547127324681,38.2519833303535],[-85.63545447299546,38.252122312981996],[-85.63543680720795,38.252268266376795],[-85.63541852406681,38.25241955553851],[-85.63540110511185,38.25256392256803],[-85.63538306947484,38.252713192004016],[-85.63536385879661,38.252872269920445],[-85.6353462541983,38.25301831883164],[-85.63532970035938,38.25315504203879],[-85.63530993458001,38.2533182538832],[-85.63529158908774,38.253470360088535],[-85.6352636688692,38.25370159620965],[-85.6352450669048,38.25386125126532],[-85.63521933425261,38.2540581611923],[-85.63519563548985,38.25424026403948],[-85.6351840347468,38.25432900789677],[-85.63517669080045,38.25438506194124],[-85.63516582936141,38.25446861429344],[-85.63515823841801,38.25452697544659],[-85.63514768658185,38.25460759547824],[-85.63513991077103,38.25466725472787],[-85.63513108540357,38.25473465398194],[-85.6351213356914,38.25480936000089],[-85.63511269657174,38.25487526924851],[-85.63510306876157,38.25494944651945],[-85.63509535411058,38.25500867336032],[-85.63508412325723,38.25509453268291],[-85.63507714868986,38.25514808691168],[-85.63506554720915,38.2552371199411],[-85.63505937548386,38.25528432770364],[-85.6350420956554,38.255417011087374],[-85.63502358195561,38.25555834785826],[-85.63498016072847,38.25591462424435],[-85.6349555974074,38.256103024697346],[-85.63493776266091,38.25623960233229],[-85.63492683882694,38.25632325005949],[-85.63491986532205,38.25637670785907],[-85.63490770687228,38.25647021084816],[-85.63490190553792,38.25651424667733],[-85.63488937734661,38.256610345858675],[-85.63486678997727,38.256783603095556],[-85.6348483983837,38.25692460294538],[-85.63482982239684,38.25706656392799],[-85.63481556647824,38.25717573969149],[-85.63480087806126,38.25728818369945],[-85.63477211802835,38.25750874500544],[-85.63474669083982,38.25770305836737],[-85.63436665187442,38.257724516049585],[-85.63382105633583,38.25774965629713],[-85.63349370610463,38.25776794106459],[-85.63353895577289,38.257863634741256],[-85.63357782135563,38.25794581678132],[-85.63380950732261,38.2579294272169],[-85.63398543774315,38.25791721435138],[-85.63426660546688,38.25790710339998],[-85.63461456301107,38.257894911736415],[-85.63491911757475,38.25788426343978],[-85.63535191889152,38.258374154150104],[-85.63554320548019,38.25859073186794],[-85.63560528557025,38.25866097007042],[-85.63565618056734,38.25871863990575],[-85.63578039666073,38.25886246415952],[-85.6359042778248,38.2590059509961],[-85.6360320557925,38.25915393451696],[-85.63616724123435,38.25931058680907],[-85.63629373827719,38.259457043482996],[-85.63642179837713,38.259605368295794],[-85.63654607103678,38.25974927735155],[-85.63668698804288,38.25991255473896],[-85.63681126301707,38.26005637611208],[-85.63696865432912,38.26023868267338],[-85.6370078352042,38.260284047170174],[-85.63636572843191,38.260670749705625],[-85.63609657295761,38.260865838900564],[-85.63614685426944,38.26092257180304],[-85.63645201460506,38.26126781831953],[-85.63675512221587,38.26161076911663],[-85.6368536902437,38.26172228544206],[-85.63710517880308,38.262006717541226],[-85.63738792956137,38.262326566549056],[-85.63763451432364,38.26219198555582],[-85.63911201128714,38.26129414532246],[-85.63913509503263,38.26132873750988],[-85.63918899708379,38.26140951900289],[-85.63887642794808,38.26159389209339],[-85.63766348294557,38.262309390406635],[-85.6373168062956,38.262515019236254],[-85.63691872904896,38.26275104121874],[-85.6353571868021,38.263685206093086],[-85.63541905603459,38.26374746702726],[-85.63859613453133,38.26694449786783],[-85.6385973634024,38.26694574684572],[-85.63860493482217,38.26694008336654],[-85.63891782725868,38.266706178905274],[-85.64376338289783,38.26435226095425],[-85.64399132090196,38.26423790262388],[-85.64453975432194,38.263962877880864],[-85.64454675052944,38.263959367687754],[-85.64476382133397,38.26422435507394],[-85.64485924510056,38.26434084231589],[-85.64486227218914,38.26433924220642],[-85.6448644118508,38.26433811070601],[-85.64555417296997,38.26397345631408],[-85.64569251455336,38.26413859897311],[-85.6459252227215,38.264416389744284],[-85.64594861194433,38.264428628152814],[-85.64663670139892,38.264788667751084],[-85.64659771397352,38.26484610108175],[-85.64644831600668,38.26506618086626],[-85.64705873427114,38.26579482676453],[-85.6470530348615,38.26579764179453],[-85.64709723848136,38.265850948249174],[-85.64712588924166,38.265885499520856],[-85.64715529183638,38.265920956897446],[-85.64725035391805,38.26603559397811],[-85.64726070584385,38.2660480766742],[-85.64739091633277,38.26620509979556],[-85.64729110867704,38.266200454406125],[-85.64719116691192,38.26620265156272],[-85.64709184296706,38.266211674800594],[-85.64699388655906,38.26622745630107],[-85.64689803490894,38.26624987598186],[-85.64680501045027,38.26627876690042],[-85.64673190217785,38.26630747511093],[-85.64671569463518,38.26631383972502],[-85.64671605970042,38.26631427970914],[-85.64678134592135,38.26639301067217],[-85.64683089222048,38.26645275829163],[-85.64702582340003,38.2666878283722],[-85.64708857761579,38.266763504521876],[-85.64732918094195,38.26705364945015],[-85.64758976376673,38.26736788463694],[-85.64786536837786,38.267700230540534],[-85.64807325855847,38.26795091810764],[-85.64834930335715,38.26828378845948],[-85.64843095688306,38.26838224988738],[-85.64847083596126,38.26842513975614],[-85.64851630031478,38.26846442427868],[-85.64856682716443,38.26849965522681],[-85.6486218399567,38.26853042757223],[-85.64868070834835,38.2685563902983],[-85.64874275849333,38.26857724550848],[-85.64880727989124,38.268592754738584],[-85.64887353338509,38.26860274076645],[-85.64907311591209,38.26862417270439],[-85.64957199504107,38.26867774155045],[-85.64968958421315,38.267997087059506],[-85.64963098029632,38.267680150350266],[-85.64958661704136,38.26744022297693],[-85.64955656335725,38.26727768703473],[-85.64944075247189,38.266651353661615],[-85.6494503369975,38.266591865504346],[-85.64946610601214,38.26649399835254],[-85.64950658870849,38.266242736818604],[-85.64953592854137,38.266060640154926],[-85.64954643493004,38.265995429000434],[-85.64959407647082,38.265699739314094],[-85.6493932787537,38.26513693005401],[-85.6493821750233,38.26510580615583],[-85.64930099534355,38.26487826955302],[-85.64924837886062,38.26473078898403],[-85.64924663146816,38.264725892610855],[-85.6492430524499,38.26471586013887],[-85.64924167536847,38.264713420082806],[-85.64981329482579,38.264423168163425],[-85.649910527996,38.26457730103789],[-85.64997988977798,38.26468725089345],[-85.65075898748098,38.26560469621842],[-85.65127851567713,38.26541170658739],[-85.65163054913258,38.26529588287624],[-85.65164817341207,38.26529008456439],[-85.65194402478204,38.26518822846828],[-85.6522655675433,38.265077777019656],[-85.65250498339235,38.26499551821529],[-85.65277008536324,38.26490445247601],[-85.65300748114085,38.26482285409517],[-85.65302063308746,38.26481836730696],[-85.65337640148796,38.26469617440305],[-85.65385743173579,38.264530988682125],[-85.65416818941954,38.26442489201654],[-85.65427653046822,38.26455928226811],[-85.6543353894552,38.26462847991148],[-85.65453083044244,38.26486232456695],[-85.65463834165165,38.26499700390728],[-85.6547894255168,38.265179706632296],[-85.65479646407691,38.26518821640151],[-85.65484911587353,38.2652518507963],[-85.65494279564874,38.26536504087581],[-85.65509872671143,38.26555360508225],[-85.65513163110853,38.265593381558844],[-85.6553287341991,38.265831649844536],[-85.65553080179087,38.266075961742935],[-85.6559654322102,38.265826024571616],[-85.65597615558926,38.265876257679345],[-85.65660219967798,38.265516241006054],[-85.65661061751278,38.26551145276955],[-85.65628932535398,38.265119250396815],[-85.65619686464288,38.26495646660682],[-85.65653893746318,38.26486923380684],[-85.65647865680091,38.26479564669272],[-85.65652651327002,38.264795760174685],[-85.65700870755366,38.26470898705597],[-85.65884033020603,38.263667162352064],[-85.65911300170448,38.26351206276589],[-85.65800194980672,38.26215581687499],[-85.6578351213035,38.26192203879571],[-85.65765453173945,38.26170159738043],[-85.65748958649947,38.26150395666559],[-85.65729919326786,38.261273843370375],[-85.65728056167927,38.261251316606014],[-85.65721646590741,38.2611738202581],[-85.65715574402152,38.261100403343214],[-85.65696109946266,38.260858843105986],[-85.65673844349075,38.26058672888282],[-85.65662154461768,38.26044470558792],[-85.65657454369686,38.26038586763405],[-85.65652961697205,38.2603268862447],[-85.65641955197218,38.26018222383101],[-85.65630312931505,38.2600494795228],[-85.65617648592777,38.2598997556909],[-85.65608296434146,38.25978924236945],[-85.65597872750232,38.25966598004367],[-85.65617765997307,38.25955252558211],[-85.656338820304,38.25946062870019],[-85.65648264856092,38.259378574359964],[-85.65662324391141,38.25929834353026],[-85.65676450897146,38.25921777790391],[-85.65691572072016,38.25913159346113],[-85.65705649800891,38.259051315405195],[-85.65719452842059,38.258972572958115],[-85.65733243627403,38.25889383025254],[-85.65747772706595,38.258810958669514],[-85.65761630648784,38.25873197559975],[-85.65767085865195,38.258700862209714],[-85.65775616639206,38.25865217619704],[-85.6579001138711,38.25857002380838],[-85.65803753285066,38.25849176100338],[-85.65818587276556,38.258407159274356],[-85.65831908006098,38.25833110471914],[-85.65845796305815,38.258251880334285],[-85.65850860985093,38.25822283122794],[-85.65859586892513,38.25817255952893],[-85.65870332574352,38.2581106674985],[-85.65887582976143,38.258011179917375],[-85.65907737888804,38.25789507824327],[-85.6593010175797,38.25776615542764],[-85.65940561500027,38.257895858807],[-85.65949608844926,38.258008145717675],[-85.65961584680446,38.258156611192334],[-85.6597298326855,38.25828954235691],[-85.65985939235547,38.25845200599362],[-85.65994822187508,38.25856328221695],[-85.66006500426852,38.258703378670845],[-85.6602972318836,38.2589820809214],[-85.66048213352292,38.259217858708354],[-85.66072031984227,38.25951257547631],[-85.66097488773694,38.259827399877196],[-85.66116120394061,38.26005731238581],[-85.66138626003732,38.26032225571766],[-85.66246364135168,38.261645344540504],[-85.66261816813451,38.26159035900743],[-85.66289265566638,38.26141983032308],[-85.66375791328046,38.26088274139624],[-85.66434513841891,38.26051843584551],[-85.66464579812022,38.26033167145212],[-85.66554087778842,38.259768435201124],[-85.66546415307525,38.25967481708389],[-85.66509666098987,38.2592324136235],[-85.66486107904892,38.258937901230276],[-85.66462781275189,38.25864641812502],[-85.66451675455866,38.258715669225744],[-85.66434101245424,38.25882506686853],[-85.66397713929716,38.25905164292344],[-85.66366581166993,38.25866793337744],[-85.66355615025579,38.25853270093305],[-85.66321091284776,38.25810708711814],[-85.66317237101444,38.258059412687814],[-85.66283024353586,38.2576368289977],[-85.66271747976937,38.2574975553631],[-85.66237736799656,38.257077327779236],[-85.66234235836329,38.25703407847358],[-85.66199865758506,38.25660889452643],[-85.66188875984858,38.25647289176109],[-85.66154122033959,38.25605078122316],[-85.6615050539024,38.256006856876105],[-85.66134785091579,38.255812160517124],[-85.6611771326142,38.255600770779346],[-85.66105658335819,38.25545144036114],[-85.66097597333284,38.25535156635367],[-85.66089128495304,38.25524659250479],[-85.66080982399895,38.255145900569374],[-85.66072738834322,38.25504357260286],[-85.66062845451539,38.25492108762253],[-85.66053694804255,38.25480779072301],[-85.66044318985655,38.2546916549314],[-85.66035789321202,38.25458639191335],[-85.66027369324222,38.254482427941014],[-85.66019016326126,38.25437923383129],[-85.66010687635396,38.25427647230343],[-85.66002273861587,38.254172652343264],[-85.65993616561795,38.25406565639466],[-85.65985026123552,38.253959624011884],[-85.65976387101789,38.25385306143006],[-85.65967662891416,38.25374539175613],[-85.6595414733421,38.253578548368196],[-85.65947310460398,38.25349416468678],[-85.66856957110262,38.25384223506399],[-85.66841722804145,38.253651830875306],[-85.6683834344812,38.25360959322596],[-85.66829880009205,38.25350385525147],[-85.66821501717136,38.25339912777464],[-85.66815656398731,38.25332610262006],[-85.66805896087412,38.25320415267972],[-85.66796586573535,38.25308605286708],[-85.6678862238583,38.25298690494073],[-85.66780956614988,38.25289117275783],[-85.66771896605722,38.25277812253702],[-85.66763835077948,38.25267748357432],[-85.66754921271163,38.25256630912626],[-85.66747328602817,38.25247153944533],[-85.66743042996687,38.25241078501697],[-85.66785491660993,38.252192798229],[-85.6663575042868,38.25032009961802],[-85.66627108007877,38.250346338369816],[-85.66610120977963,38.25040602906317],[-85.66597568182254,38.250450222091054],[-85.66589492514015,38.25047862779146],[-85.66586856254767,38.250445866436394],[-85.66553089324506,38.25056510464635],[-85.66536352475894,38.250622103100085],[-85.66519560738307,38.25067929462905],[-85.66502970135242,38.250735813446596],[-85.66486452764231,38.2507921406536],[-85.66470374621483,38.250846883307325],[-85.66454229040163,38.25090364520257],[-85.66437504005485,38.2509628550919],[-85.66420742252181,38.251022208631134],[-85.66423378553466,38.25105415228181],[-85.66430629919802,38.25114238336079],[-85.66434769958481,38.25119448329021],[-85.66416709056264,38.25125714469213],[-85.66410444515826,38.25117752754398],[-85.66403023082238,38.25108314066332],[-85.66395613995526,38.250988851126614],[-85.66355112133499,38.25118784603936],[-85.66353583932668,38.25116903638929],[-85.66346446270606,38.2512037936266],[-85.66296518830661,38.251446662682326],[-85.6629068631662,38.25137445215224],[-85.66246328606674,38.251589762819826],[-85.66231296433442,38.25166374269698],[-85.66186687790143,38.25188404956987],[-85.66183669011185,38.25194104959775],[-85.66174060166168,38.25198968284688],[-85.66161827822843,38.252051565732074],[-85.66156391991726,38.2520789791057],[-85.66150742586079,38.25210759273465],[-85.66138583486575,38.25216909121658],[-85.66124015017922,38.252288989595726],[-85.6612965263512,38.252359324575565],[-85.66135375357823,38.25243081339024],[-85.66140781493036,38.25249850226982],[-85.6614607197509,38.25256460367183],[-85.6615423004567,38.252666690006635],[-85.66157194976928,38.25270358925531],[-85.6617150196652,38.252882552343685],[-85.66142424087104,38.25293455005769],[-85.66128330311093,38.252959734364936],[-85.66118279860794,38.25297768894068],[-85.6611093146863,38.252886522647266],[-85.66089332659166,38.252654712341275],[-85.66080712963434,38.252539543779456],[-85.66066835952327,38.25258756736278],[-85.66052836955127,38.252636070071034],[-85.66039033065795,38.25268380467281],[-85.66025003622524,38.25273245187436],[-85.66009772398714,38.25278507922002],[-85.66045270529274,38.25323532702781],[-85.6602407862249,38.253217617642264],[-85.65924507884647,38.253137910977905],[-85.65866943268894,38.253091792303735],[-85.65846616978745,38.25307552885167],[-85.65838349942248,38.253068925733636],[-85.65748712591999,38.2529848105775],[-85.65746519749683,38.25316153425285],[-85.65745521902527,38.253241915275034],[-85.65701326876484,38.253257676171266],[-85.65657560564635,38.2533063723977],[-85.65641992051003,38.253323702742485],[-85.65635997182477,38.253333463146376],[-85.6562505587464,38.25335549322647],[-85.65612333144743,38.25338510594836],[-85.65600463290835,38.25342034998417],[-85.65594540706545,38.25343746796982],[-85.65579118731402,38.25326209468121],[-85.65572092651642,38.25318217786543],[-85.65539782567477,38.25280800376186],[-85.65517303863894,38.25279440950475],[-85.65498209418051,38.25277800578257],[-85.65442121092083,38.25272990699238],[-85.65433744458647,38.25272320466007],[-85.65399975402072,38.25269624665296],[-85.65369230260148,38.2526717169495],[-85.65358689301227,38.25266336123287],[-85.65344630602985,38.25265204411097],[-85.6531455455885,38.25259376587088],[-85.65261819045132,38.25255270532633],[-85.6523393211206,38.25254002339315],[-85.65225007612005,38.2525260064933],[-85.65195323565295,38.25250148013246],[-85.65189612868826,38.252529992262794],[-85.65146491765427,38.25249650761119],[-85.6513441481731,38.25234755167337],[-85.65125314583314,38.25223516148976],[-85.65115837039288,38.252118200225375],[-85.65106274212364,38.25200013269277],[-85.65097326200055,38.2518898112528],[-85.65085949817004,38.25174768811336],[-85.65076928973393,38.25163481709079],[-85.65067683132484,38.251519011489336],[-85.6505847983941,38.25140392783628],[-85.65049386094941,38.25129004690665],[-85.65075646181671,38.25115583547672],[-85.65089971980774,38.25108258601224],[-85.65102198965923,38.25102018437501],[-85.65107336174466,38.25099402386635],[-85.65119569319016,38.25093147884746],[-85.65133992659835,38.25085779629965],[-85.65148208584063,38.250785121822105],[-85.65162833205758,38.25071038377201],[-85.65136148033173,38.250379516322354],[-85.65124673489942,38.25024297050689],[-85.65094604141294,38.249871928027204],[-85.65091274338639,38.24983271477123],[-85.65081960757973,38.249722581987776],[-85.65064929513231,38.249515070943076],[-85.65060662559841,38.249463109275595],[-85.65049134106259,38.249320936652296],[-85.65020562824408,38.248968703283865],[-85.65037269665008,38.24886922326146],[-85.65052766336916,38.248790887337044],[-85.65067921361465,38.24871432683321],[-85.65081130176732,38.248647607211396],[-85.65096077760089,38.248572054580244],[-85.65112640016642,38.24850305440874],[-85.65121508635761,38.24861125972889],[-85.65141035575894,38.248849609897526],[-85.65153143736767,38.24898822858226],[-85.6519261761371,38.248787246198006],[-85.65201650600956,38.24889857769492],[-85.65212868847222,38.24903661178347],[-85.652207635615,38.24913384632475],[-85.65227593186543,38.24921789820091],[-85.6523689412897,38.249332308400064],[-85.6524992643797,38.24949285851988],[-85.65256506953183,38.249570850123455],[-85.65267754822595,38.24971623933144],[-85.65276453443839,38.2498220382952],[-85.65286229547095,38.249941116250795],[-85.65294380344979,38.250040323672955],[-85.6530380943054,38.25015492717378],[-85.65313007300769,38.250266932141336],[-85.6532257046174,38.2503832673229],[-85.6533189614825,38.25049681201763],[-85.65343182496956,38.25063066221208],[-85.65360668916857,38.250537385327426],[-85.65398397771341,38.25034768086684],[-85.65435998376869,38.25015869492488],[-85.65445689466877,38.250276665386615],[-85.6545505194214,38.25039068962057],[-85.65464974420956,38.2505115466502],[-85.65473795101948,38.250619075860286],[-85.65482828919788,38.25072901047127],[-85.65492380178043,38.25084539281866],[-85.65502394146445,38.250967403479166],[-85.65511286551636,38.2510866165935],[-85.65525514285775,38.251014610701226],[-85.65562633454655,38.25082378977415],[-85.65600649190222,38.250628504241334],[-85.65608112582039,38.25071962602947],[-85.65618163193766,38.2508423576715],[-85.65622619286884,38.25089672346022],[-85.6562722150462,38.250952964381135],[-85.6563045406007,38.250992271746455],[-85.65637911349877,38.251083441940075],[-85.65645642682694,38.25117783517495],[-85.65653179197395,38.25126982396324],[-85.65660941032048,38.251364554292],[-85.65668453159479,38.251456349079476],[-85.65675934969074,38.25154771201899],[-85.65683982976685,38.251645858172424],[-85.65691123839252,38.25173313068133],[-85.65699488442004,38.25183522180521],[-85.65708814918413,38.251948570677875],[-85.65716558852212,38.25204142558888],[-85.65724412337676,38.252135483182826],[-85.65731571757883,38.252221314047915],[-85.65739662771469,38.25231845016598],[-85.657487095055,38.25242679620408],[-85.65764441626503,38.25236773337326],[-85.6578632162553,38.25229313975383],[-85.65802144435966,38.25223931709567],[-85.6581606420704,38.2521919222069],[-85.65828391854144,38.25214985208947],[-85.65836510826249,38.252120682510174],[-85.65847344523219,38.252079080836445],[-85.65842236995064,38.25201514360364],[-85.65836155368164,38.251939130476686],[-85.65830700762005,38.251871488468495],[-85.6582289012709,38.25177469119249],[-85.65815402224558,38.25168198311131],[-85.6580804222619,38.25159081480952],[-85.65800773509983,38.251500753545294],[-85.65815214278686,38.25142932244927],[-85.65834986639555,38.2513366338337],[-85.65853966584277,38.251241390853004],[-85.6589278042141,38.2510467264951],[-85.6590777019745,38.25097178925539],[-85.65948986868662,38.250770122135826],[-85.6598870263608,38.25057579756469],[-85.66004216053082,38.25050466152116],[-85.66049977290585,38.25027985095356],[-85.66060455018197,38.25040589940721],[-85.66070214265645,38.250523384141545],[-85.66078463755575,38.250622586882734],[-85.6608810132873,38.250738628110845],[-85.66098755684499,38.25086674433555],[-85.6615208391334,38.25058631023176],[-85.66178866102973,38.25090999102235],[-85.66187588316846,38.25088144878747],[-85.66213438667513,38.250789135140415],[-85.66227443554854,38.25073913946854],[-85.66239276842667,38.250696820836666],[-85.66226314491367,38.250543879983375],[-85.66278832648662,38.25024992337377],[-85.66298193120369,38.25048791611957],[-85.66306634739936,38.250459467343795],[-85.6633136228824,38.25037286484817],[-85.66347123544041,38.25031773614867],[-85.66363878942026,38.25025910526203],[-85.66379621868982,38.2502039759946],[-85.66392912625955,38.2501574832885],[-85.66409107061092,38.25009913598596],[-85.664315898212,38.25002020837266],[-85.66442812905984,38.249980719496655],[-85.66462575212444,38.24991133889299],[-85.66475829423861,38.24986479723812],[-85.66492041733488,38.24980784270777],[-85.66512651520468,38.24973789074438],[-85.66529552859319,38.24968055683179],[-85.66552096107019,38.24960393380762],[-85.66565850126322,38.24955672169322],[-85.66574267294078,38.24952745275796],[-85.66582739773325,38.24949400190776],[-85.66543490264849,38.24899316314752],[-85.66534120701557,38.248875012040955],[-85.66524866861343,38.24875820771679],[-85.66515527806708,38.24864053778504],[-85.66506133900735,38.24852224211654],[-85.66497458536652,38.248412798044214],[-85.66488137860367,38.24829503251456],[-85.664788658976,38.24817813127746],[-85.66469812926425,38.24806560749834],[-85.66461015916269,38.247953902662665],[-85.66450940578707,38.247825841528744],[-85.66441912268604,38.247711250002176],[-85.66433523296188,38.24760464462484],[-85.6642942617747,38.24755264044891],[-85.664233019174,38.24747475504064],[-85.66419594370548,38.24742785037608],[-85.6641399361687,38.24735674752668],[-85.6640979921397,38.247303540693956],[-85.66404466330484,38.24723585347444],[-85.66400284068291,38.24718250254086],[-85.66395480893013,38.24712126278573],[-85.6639046456768,38.247057856454994],[-85.66386665806765,38.24700974913862],[-85.66381113860174,38.24693898343862],[-85.66373163335875,38.24683800548888],[-85.66364920668305,38.24673346836483],[-85.66248616057766,38.24527478451062],[-85.66233365165625,38.2453533785344],[-85.66218614468167,38.24542947590989],[-85.66204461612801,38.24550240436513],[-85.66189625452427,38.245579028703446],[-85.66174612325253,38.24565637410385],[-85.66160752128583,38.245727909529926],[-85.66146190476195,38.24580299743245],[-85.66131207766718,38.24588029385376],[-85.6611693263827,38.24595394110509],[-85.6610134594851,38.246034261636254],[-85.66080140700318,38.246143627990485],[-85.6606635842104,38.24622492298034],[-85.66047007517285,38.24632560036925],[-85.66032463713516,38.246401360012854],[-85.66018475160747,38.24647390276193],[-85.66003528691945,38.246551582538586],[-85.65988881113597,38.24662786971643],[-85.65973861423949,38.24670588551656],[-85.65959390766031,38.246781115950036],[-85.65944791926438,38.246857018240696],[-85.65930565218332,38.24693148166758],[-85.65916008915075,38.247007528079834],[-85.65897584760313,38.24710407471817],[-85.65879056888207,38.24720100587848],[-85.65860779123255,38.24729644759098],[-85.65842208492573,38.24739376164807],[-85.6582375968352,38.24749040333975],[-85.65813296853023,38.247545373450315],[-85.65806793440451,38.247579459375125],[-85.65794305019062,38.247645135889705],[-85.65788167647925,38.247677301912624],[-85.6577968745593,38.24772185315155],[-85.65765887379675,38.24779429795739],[-85.6575110513248,38.247871880300636],[-85.65733888456776,38.24796227935753],[-85.65722461515752,38.248022337832616],[-85.65715634588501,38.24805820010961],[-85.65707605889841,38.24810035061212],[-85.65693219991951,38.248175867638565],[-85.65679035382708,38.24825037609947],[-85.65656907277923,38.248366554105125],[-85.65621436202902,38.247932016833055],[-85.65609716910696,38.24779792519914],[-85.65580996427715,38.24745253240986],[-85.65544630310504,38.24701543677842],[-85.65567075116016,38.24689916695154],[-85.65585096862318,38.24680589092831],[-85.65603130793292,38.2467125669744],[-85.65621329301825,38.24661837912722],[-85.65639729096213,38.24652303756062],[-85.65657720136524,38.24642990523446],[-85.65675918613499,38.24633576429188],[-85.65693281170522,38.246245703244256],[-85.65711461157068,38.24615160935631],[-85.65731105301228,38.24604988201713],[-85.65749291372235,38.24595569208951],[-85.65768038576478,38.24585866913736],[-85.65786932186072,38.24576078120387],[-85.65805709812123,38.245663613733676],[-85.65823797960026,38.24556985435183],[-85.65838738477969,38.24549126320492],[-85.65853013824248,38.24541646517116],[-85.65860328466393,38.24537801018025],[-85.65868179939041,38.24533672216539],[-85.65882918905118,38.24525942718335],[-85.65896541561912,38.24518774811873],[-85.65913360831095,38.245099362629524],[-85.65927996018848,38.24502259514787],[-85.65934291800612,38.24498942051671],[-85.65941691630185,38.24495058096174],[-85.65956259794984,38.24487395676822],[-85.65970961511093,38.244800794899454],[-85.65985340212642,38.24472594829456],[-85.6599375278073,38.244682163551495],[-85.65999944762716,38.244649996853],[-85.66014097721391,38.24457654196342],[-85.66029104709837,38.244498526413864],[-85.66043733514744,38.24442247910983],[-85.66053945540406,38.24436937991883],[-85.66073155664311,38.24426937431956],[-85.66101914037567,38.24461350612097],[-85.6610917347107,38.24457639520315],[-85.66117042892922,38.24453597058548],[-85.66123765374728,38.244501692668265],[-85.66130914941894,38.24446506100337],[-85.66138558664414,38.24442598148452],[-85.66145787426817,38.244389014264186],[-85.66153296921438,38.244350702163544],[-85.66160001113931,38.24431623109684],[-85.66130657559924,38.24397017274438],[-85.6614545091497,38.243892971277056],[-85.66160213570484,38.243816201854614],[-85.66203269435337,38.243592134174094],[-85.66195339401683,38.24342711305395],[-85.6619061568395,38.24336692981627],[-85.66185904300322,38.243306843053276],[-85.66180979738297,38.243244013961615],[-85.66176237902926,38.243183638623755],[-85.66171849002689,38.243127688711326],[-85.66166796689319,38.243063416167274],[-85.66162322701857,38.24300645650717],[-85.66157355638006,38.24294305037978],[-85.66153082534495,38.24288864009868],[-85.66147701548299,38.242819941297526],[-85.6614280144661,38.24275754468166],[-85.661208568199,38.24248433526105],[-85.66115883749194,38.24242112080908],[-85.66109589792337,38.24234049166368],[-85.66101342672293,38.242280041016215],[-85.66076045331836,38.24195694636807],[-85.66056524331223,38.24171062961073],[-85.66038943610775,38.24150231079671],[-85.6602474231008,38.2415762936386],[-85.6601021178297,38.2416518612996],[-85.65995443122046,38.24172862884973],[-85.65986640626059,38.24177452612341],[-85.65980729510561,38.24180525248005],[-85.65966143879741,38.241881348039406],[-85.65951869302717,38.241955473594125],[-85.65937527682203,38.242030176878316],[-85.65922850415903,38.24210660725618],[-85.65917640778143,38.24213368438154],[-85.65908600150954,38.24218111808237],[-85.65893782463567,38.242259085857974],[-85.65879416170704,38.24233465316427],[-85.65873334138034,38.24236662729458],[-85.65865019304907,38.242410556116795],[-85.65850628626131,38.242486074230655],[-85.65835920569083,38.242563369106435],[-85.65830747405512,38.24259059028233],[-85.65818156279506,38.242656842953224],[-85.65802075306806,38.24274355079346],[-85.65784451361311,38.24283495751772],[-85.65764673868915,38.24293798307036],[-85.65753717512047,38.24299511207328],[-85.65748294312729,38.24302338865909],[-85.65738722749646,38.243073221562724],[-85.65731274101094,38.2431121072369],[-85.65724673445031,38.24314648119682],[-85.65714772380204,38.24319813756828],[-85.65709983499235,38.24322300521707],[-85.6569517165188,38.243300248862916],[-85.65680988057298,38.243374180836334],[-85.65668433214852,38.2434395663648],[-85.65628997846302,38.242940185965544],[-85.65618304695451,38.242797544127214],[-85.65590836229633,38.24244865085798],[-85.65560026537828,38.24205713106103],[-85.65539340273355,38.24216293409253],[-85.65521844310516,38.24225260720067],[-85.65512647112158,38.24209372573889],[-85.65486838753931,38.24178340259027],[-85.65460628778766,38.24146826808729],[-85.65449088377507,38.24132855135285],[-85.65424699677368,38.24102819114681],[-85.65400207606713,38.24072662769091],[-85.65388477385362,38.240595370616724],[-85.6536238561257,38.240268599778524],[-85.6533634286306,38.23994259725297],[-85.65324937174329,38.23980105319536],[-85.65302815951875,38.23951066179351],[-85.65284942628259,38.239552199938835],[-85.65267641025315,38.239327668926286],[-85.65257582428079,38.23919007787781],[-85.65240670348354,38.23897122210472],[-85.65223399268856,38.238747700635614],[-85.65212286025883,38.2386116861553],[-85.65204660753672,38.23851296329972],[-85.65194533826961,38.23838580424724],[-85.65185733649743,38.23827562841698],[-85.65175375605865,38.23814572655024],[-85.65180279000879,38.237946379108635],[-85.6518566654608,38.23772770822788],[-85.65190906915589,38.237515141905114],[-85.65196196287442,38.2373006533008],[-85.65201730937706,38.2370754443479],[-85.65206855110014,38.23686494466103],[-85.65212972406796,38.236612911614124],[-85.65218213058938,38.23639702776648],[-85.65221259390013,38.23627190125207],[-85.65227388792128,38.23601914742012],[-85.6522863911568,38.23596771192495],[-85.65235914696463,38.235667993141],[-85.65237073128121,38.235620307578166],[-85.65251294018255,38.23502658906882],[-85.65262513149922,38.23468156251068],[-85.65253742589812,38.23462634240206],[-85.65199966328927,38.23467042104926],[-85.65131113322941,38.23472893834836],[-85.65113211986684,38.23494187995632],[-85.65073413922637,38.234933805660944],[-85.65058530228048,38.234782469517704],[-85.6499701476712,38.23489695795752],[-85.64967843976278,38.23505061512736],[-85.64958900924933,38.23509890741515],[-85.64954979649993,38.235156378035136],[-85.64949311284337,38.23524042209281],[-85.64945391635024,38.23533020209212],[-85.64941545561612,38.235416472553815],[-85.64879489447178,38.23573356040009],[-85.6483954434887,38.23524193608521],[-85.64757264125686,38.23423048941288],[-85.64634192782366,38.23275287964078],[-85.64630657285397,38.232710201589704],[-85.6461624735339,38.232537179557156],[-85.64601904536862,38.232364975103366],[-85.6459500391049,38.232282169109446],[-85.64587683344891,38.23219421397869],[-85.645723730111,38.232010413350054],[-85.645581703118,38.231839892572665],[-85.64544862226931,38.23168010098167],[-85.64530501395699,38.23150760715072],[-85.64514175145662,38.2313115841862],[-85.64499984816645,38.231141110535404],[-85.6448570332077,38.23096962681675],[-85.64472991799506,38.23081690773374],[-85.64459629247675,38.23065639387988],[-85.64434553417571,38.230355333160176],[-85.64418434513624,38.230161810832094],[-85.64397199485524,38.22989992057381],[-85.6438768473048,38.229856707945736],[-85.64381229569467,38.22981592647633],[-85.64375494555074,38.22976890055385],[-85.64370577112234,38.22971644913875],[-85.64344747363101,38.229406436692344],[-85.64237256492436,38.228116388189434],[-85.64231480652307,38.228057966682385],[-85.64224600538216,38.22800761223052],[-85.64216780310142,38.22796667235145],[-85.64208233181279,38.22793611210221],[-85.64199172499276,38.22791674878754],[-85.64189835873276,38.22790906748376],[-85.64180466994064,38.227913356919636],[-85.64171303569007,38.22792942826584],[-85.64162583441743,38.227956945844326],[-85.64154538252376,38.22799504776381],[-85.64117735305231,38.22820299284764],[-85.64106163004537,38.22826841975569],[-85.63980404000596,38.228979321003884],[-85.63911420091478,38.22936927934702],[-85.63856633023372,38.23003000966852],[-85.63850551150374,38.23010255380712],[-85.63847760961127,38.230333456150085],[-85.6387654771191,38.23086948319888],[-85.63869939501969,38.230955339609764],[-85.63907010726798,38.231488992206636],[-85.63909783888128,38.231530895870826],[-85.6390019621368,38.23160816625431],[-85.63892766524198,38.23168464054747],[-85.63876883714828,38.23175185093316],[-85.63868143316624,38.231788838852225],[-85.63851395608822,38.23173060057314],[-85.63845278198245,38.23163419031818],[-85.63803453655795,38.230975338928815],[-85.63779610341967,38.23048234016721],[-85.63772446177366,38.2302564403177],[-85.6377191786468,38.229963195119055],[-85.63832750833744,38.22927117675434],[-85.63842488056899,38.22921020761387],[-85.63835509327988,38.22912729906614],[-85.63851859038456,38.228951913073395],[-85.63855441165619,38.2288438627044],[-85.63859706144017,38.22869384555058],[-85.63863484953187,38.22829270083833],[-85.6386964491693,38.22794509123165],[-85.63874354780278,38.22763348035915],[-85.63880717784537,38.22739352424335],[-85.63904462709537,38.227121613655385],[-85.6397196803598,38.22674274879948],[-85.63909562392216,38.227013336743646],[-85.63866100387719,38.22728164829085],[-85.63342203515981,38.230263674471246],[-85.6332517047802,38.23035649314913],[-85.63297357530453,38.23050815143278],[-85.6321641329243,38.230949444426415],[-85.63180516351646,38.231145156690076],[-85.6312584100446,38.23144323437962],[-85.6309404331786,38.23161657997974],[-85.63065027655075,38.23177475894365],[-85.63052545125063,38.231842859291476],[-85.63037311259603,38.231925931825394],[-85.63011248117513,38.23206803279193],[-85.62983299661104,38.23222040393139],[-85.62886647574665,38.23274728892044],[-85.62778975395035,38.23333420044777],[-85.627489881704,38.23349774661733],[-85.62754038074318,38.23355462982378],[-85.62748956194609,38.233580060043515],[-85.6273521740056,38.23364876837359],[-85.62714740434632,38.233694856400966],[-85.62706802370589,38.233594863491184],[-85.62667402763348,38.23383374825566],[-85.62607548476807,38.234164875311514],[-85.62578412147711,38.23433958085667],[-85.62550608333932,38.23452728166773],[-85.62524216508292,38.23472744890866],[-85.62499346465461,38.23493926756001],[-85.62476071541178,38.23516206457208],[-85.62454829807497,38.23540050896365],[-85.62435512465979,38.23564892542545],[-85.62418193043618,38.23590625800285],[-85.62402944564963,38.236171737236354],[-85.62389816151465,38.236444114994136],[-85.6237887513854,38.23672252623875],[-85.62369605935511,38.23699085812857],[-85.62358086212652,38.23733628551314],[-85.62346012920155,38.2377455579911],[-85.62338797952211,38.238013766477664],[-85.62328104101012,38.238482335826305],[-85.62325070116394,38.238577645781454],[-85.62306367657409,38.238364499424875],[-85.62293072214739,38.23885895485522],[-85.62126037730563,38.244375763729515],[-85.62066335375187,38.24634749394592],[-85.62073263259711,38.24637050357086],[-85.62062986874413,38.24673733676677],[-85.62111300905198,38.24859691946667],[-85.62166747150984,38.24918462471695],[-85.62187006499863,38.24939937695039],[-85.62260749673442,38.24974831885303],[-85.62291974015595,38.24984433367346],[-85.62342948730254,38.249964069583605],[-85.6234194459074,38.25013007848346],[-85.6233837835776,38.250411018667805],[-85.6214463118133,38.25024569871354],[-85.62100842809913,38.250208345099544],[-85.62067393446306,38.25017975750434],[-85.62056335042287,38.250170356731005],[-85.62028963649936,38.25014683483142],[-85.6196151642612,38.25008902242014],[-85.6194650181658,38.250076164193935],[-85.61750129166013,38.24990786578457],[-85.61725859949789,38.24989148737135],[-85.61676791103845,38.24985862577616],[-85.61652973155948,38.24984253925476],[-85.61632617711506,38.24982884737711],[-85.61515769072027,38.249728477531335],[-85.61492438697621,38.24974667391395],[-85.61492101504231,38.24978984581175],[-85.61490995061787,38.24993820757446],[-85.61488590688754,38.25004943681512],[-85.6148468084774,38.25015805229222],[-85.61480244534143,38.250278441773084],[-85.61473833725962,38.250393183081506],[-85.61463230919016,38.25055936979539],[-85.61450526314643,38.250716109219276],[-85.6146230228848,38.250835096634574],[-85.61456644403336,38.2508997477476],[-85.61439761299033,38.25103412968158],[-85.61426746370243,38.25112023553934],[-85.61412867301782,38.251197773127096],[-85.61398075462203,38.25126530032278],[-85.61382523570693,38.25132118180842],[-85.61375212205267,38.25135879285427],[-85.61372658829295,38.25141770865688],[-85.61374682355088,38.25158620396005],[-85.61375470764523,38.25167472768694],[-85.61376971068081,38.25177138534883],[-85.61372648662362,38.251966202944814],[-85.61369179762227,38.25206328448974],[-85.61364351805379,38.25215664742556],[-85.61358451219833,38.25224692210463],[-85.61351216606997,38.252330929619006],[-85.61381761334825,38.25260629805683],[-85.6141296735743,38.252438665895376],[-85.61436848986516,38.25270986963798],[-85.61446989457393,38.25287110142826],[-85.61309530716737,38.25360528384708],[-85.61251221616277,38.253902077123186],[-85.61261964999126,38.25403336421066]],[[-85.61751881325422,38.261036999792],[-85.61764909497847,38.26102084725474],[-85.618627693278,38.26217906999966],[-85.62066071367056,38.26446672605791],[-85.62224681408003,38.26631715795523],[-85.62219553950771,38.26634484479211],[-85.62171846042114,38.26662780590265],[-85.62114820890922,38.26693619402513],[-85.62102076341962,38.26703423310988],[-85.62050558940189,38.267334456901175],[-85.6169977694261,38.263351980202636],[-85.61551237465343,38.26166010929074],[-85.6166149647589,38.26107906385863],[-85.61712048671333,38.2610771809737],[-85.61751881325422,38.261036999792]],[[-85.6388529656791,38.25515904946609],[-85.63886840450931,38.255029536965026],[-85.63895226864602,38.2543264014623],[-85.6389723387196,38.25415852599427],[-85.63926962502744,38.25182150326173],[-85.6392861006474,38.25173170578152],[-85.64015062732764,38.251805448457304],[-85.64075338303805,38.251852018330396],[-85.64136735784383,38.251899509002456],[-85.64150605155675,38.2519102143793],[-85.6416490145367,38.25192121090792],[-85.64210594485998,38.251956630583045],[-85.64238087681679,38.25199096955854],[-85.64300077046295,38.25203648673991],[-85.64351507363537,38.25207421243269],[-85.64390269006962,38.25210263891887],[-85.64384844831389,38.25250958533619],[-85.64381713507153,38.252744427003265],[-85.64378119969341,38.253014314451256],[-85.64377115264747,38.25308911734668],[-85.64374975918682,38.253252329125196],[-85.64373163396127,38.25339059000761],[-85.64371110277546,38.25354760034846],[-85.64369636860503,38.253659709465566],[-85.64367855178655,38.25379551819492],[-85.64366073327278,38.25393166387288],[-85.6436414976133,38.25407829000683],[-85.64362509788418,38.254203474996345],[-85.64361880930228,38.25425159758054],[-85.6436035187404,38.25436822446422],[-85.64358132397093,38.25453749346919],[-85.64357552060969,38.254586625554865],[-85.64356194139877,38.25470094751072],[-85.64354545889972,38.25484050806459],[-85.64352891678449,38.25498016495941],[-85.64350953391015,38.25514366672235],[-85.64349366942545,38.2552776508837],[-85.64341615770536,38.255918002908714],[-85.64340746804463,38.2559820368964],[-85.64339273975064,38.256089433899746],[-85.64336858119792,38.25626644113288],[-85.64332716626065,38.256569209957966],[-85.6432916064216,38.25682895253252],[-85.64327237714896,38.25697014572386],[-85.64325481314228,38.25709835852559],[-85.64320741980971,38.25744549935647],[-85.64317949792269,38.25760976266276],[-85.64163549365179,38.257666775264866],[-85.6397862401751,38.257722282890946],[-85.63953228081718,38.257758394312674],[-85.63851193086307,38.25777844876222],[-85.6388529656791,38.25515904946609]],[[-85.64664071613323,38.248523213194304],[-85.64659379733848,38.248547116083984],[-85.64646298626599,38.248613832120704],[-85.6462917165539,38.24870618808239],[-85.64613443024024,38.24878331455067],[-85.64595768024269,38.24887008738024],[-85.6458223565379,38.24893665548376],[-85.64574761792619,38.24897322624669],[-85.64568935630341,38.24899846481432],[-85.64558173112323,38.24905183458408],[-85.6451520116155,38.24927161197079],[-85.64506223848957,38.24916138120726],[-85.64497770032656,38.24905769507627],[-85.64488932815773,38.24894924390995],[-85.64479261709707,38.248830497214115],[-85.64469688145287,38.24871295318182],[-85.64460747445754,38.24860329989493],[-85.64450796562164,38.2484810880778],[-85.64440170207932,38.24835060114557],[-85.6443116265048,38.24824012895588],[-85.644217170831,38.24812417224603],[-85.64417834135291,38.24807658672429],[-85.64380596120037,38.247601032456906],[-85.64376688940534,38.24755310961649],[-85.64367413811473,38.24743926943083],[-85.64357913585279,38.247322686426884],[-85.64347883870069,38.24719970446984],[-85.64337762979757,38.247075423319686],[-85.6431930432048,38.24684899268569],[-85.64310132915132,38.24673645124513],[-85.64306091940925,38.24668689261039],[-85.64301071010587,38.24662530450357],[-85.64294936471424,38.246550052263345],[-85.64283941281329,38.246401771073934],[-85.64316045766255,38.2462393589253],[-85.64327052288273,38.246183733911884],[-85.64331878331596,38.24615925691972],[-85.64346618679127,38.246084720905834],[-85.64362920934032,38.24600236310429],[-85.64379534246603,38.24591837262695],[-85.64396415973904,38.2458329418839],[-85.64413755056118,38.24574698612671],[-85.6443073453089,38.24565972861928],[-85.64446975285325,38.24558030082433],[-85.64463033323894,38.24549851606995],[-85.6447876789184,38.24541841121246],[-85.64493336574014,38.24534949742313],[-85.64508906946253,38.245265929217595],[-85.64516332029078,38.245227723161435],[-85.64523336183068,38.24519066746094],[-85.64528955365324,38.24516081164566],[-85.64537490650908,38.24511771135611],[-85.64544946124725,38.24508008290284],[-85.64551919474508,38.2450449494075],[-85.64561339363536,38.24499748169496],[-85.6456656789314,38.24497103598959],[-85.64577952202413,38.244913632561484],[-85.64594302543864,38.24483252160415],[-85.64610970014174,38.24475040322781],[-85.646247703446,38.2446801836816],[-85.646396809528,38.2446043958529],[-85.64659532582614,38.24450850646366],[-85.64677042167781,38.24441937513155],[-85.64692337180458,38.24434133038099],[-85.64708498380523,38.244258917904205],[-85.64724159362437,38.2441791929293],[-85.64739948394663,38.2440985075317],[-85.64746946086169,38.244062797376664],[-85.64755481069483,38.24401921438841],[-85.64775906673243,38.243915153593775],[-85.64791512685724,38.24383451457364],[-85.64800325374517,38.24394315443099],[-85.64809393684322,38.24405482634849],[-85.64818072545962,38.24416173417016],[-85.64822521522225,38.24421658413426],[-85.64827000954558,38.24427181815141],[-85.64836154537828,38.24438454831257],[-85.64845746297038,38.24450285909984],[-85.6485584335123,38.244627183538],[-85.64866439503103,38.24475776301753],[-85.64875818452519,38.244873283255295],[-85.64885525983006,38.24499303712943],[-85.64929211526915,38.24554647272651],[-85.64938542064269,38.24566074149596],[-85.6494805523947,38.24577717584376],[-85.6495862140113,38.24590640726357],[-85.64969412705159,38.246038670418606],[-85.64978901689734,38.246154768242256],[-85.64987824529389,38.246263984173915],[-85.65005585185219,38.24648150333574],[-85.65010247423798,38.24653866171326],[-85.65014696758732,38.24659298205548],[-85.6502031969504,38.246715055395725],[-85.64980041110394,38.246920449041156],[-85.64967686734536,38.24698294390577],[-85.64952659930775,38.24705940784748],[-85.64936925433162,38.24713937571552],[-85.6492412550593,38.24720460705053],[-85.64908476448645,38.24728423830634],[-85.64890869708121,38.24736745826945],[-85.64875970889082,38.24744339346073],[-85.64870937540522,38.24746902501615],[-85.64861590639484,38.247516591287905],[-85.64856770859238,38.24754102273303],[-85.64847204306083,38.24758978978782],[-85.64842085542077,38.247615805196176],[-85.64833415879893,38.2476599164737],[-85.64827503890064,38.24769005950406],[-85.64819182008878,38.247732298770586],[-85.64813398164794,38.2477618175669],[-85.64804038944858,38.2478095283291],[-85.6479832222485,38.247838519667674],[-85.64790140685739,38.24788018242367],[-85.64783594148093,38.247913492935254],[-85.64775223366138,38.2479562116793],[-85.64768707332284,38.24798942686987],[-85.64759689780686,38.2480354094908],[-85.64753893657672,38.24806497653967],[-85.64744430772014,38.24811326254309],[-85.64739513131654,38.24813841342616],[-85.64730294340282,38.24818530764885],[-85.64724400552302,38.24821540256745],[-85.64716536067661,38.24825552872627],[-85.64709897997818,38.24828931914378],[-85.64701350133342,38.248333045796365],[-85.64695657673833,38.24836198819471],[-85.64688610838496,38.24839798678629],[-85.64681130693039,38.2484361447592],[-85.64673943459144,38.248472767303916],[-85.64664071613323,38.248523213194304]]]},"properties":{"name":"SAINT MATTHEWS","ballot_code":"STM"}},{"type":"Feature","geometry":{"type":"Polygon","coordinates":[[[-85.61428314521416,38.234583165863064],[-85.6146663512435,38.234733806987556],[-85.61477904054478,38.23477802533656],[-85.6151419141558,38.234914793876776],[-85.6154474054301,38.235029908993006],[-85.61566792053314,38.23511300126221],[-85.615868882296,38.235188763246185],[-85.61612192746887,38.235284151834776],[-85.61625673477839,38.23533493297772],[-85.6164060992698,38.23539212453401],[-85.61672227199702,38.23550186244563],[-85.6170089724658,38.23559517247339],[-85.61730892724295,38.23570767995816],[-85.61742022921484,38.23574569109471],[-85.61762985825801,38.23581727661401],[-85.61806300324291,38.23596680839688],[-85.61854237801971,38.23613898789216],[-85.61859036684946,38.23616519703357],[-85.61896111360375,38.23630374193592],[-85.61904593343968,38.236323020030724],[-85.61953131867212,38.236442553527816],[-85.61963350152367,38.23646838952786],[-85.61986205728105,38.23645642859274],[-85.6201441915113,38.23644688204667],[-85.62029159803083,38.236442283951085],[-85.62064303484325,38.23633285402693],[-85.62101343366577,38.23622089490787],[-85.6211297752924,38.236167220726934],[-85.62105263052625,38.23608121732156],[-85.62091519399335,38.235927932716464],[-85.62076882290603,38.235759781318585],[-85.6206298746631,38.23560029249129],[-85.62057433249396,38.23553652560374],[-85.62049348310326,38.23544359477],[-85.62045655584144,38.23540119560002],[-85.6203769833871,38.235309804924675],[-85.62021802264044,38.235127214611836],[-85.6200646599404,38.23495102525473],[-85.61994590040479,38.234820934537986],[-85.61978937707948,38.234639645489146],[-85.61964348652559,38.23447846481024],[-85.61950181139869,38.23431286486644],[-85.61935623461429,38.23414745324252],[-85.61921248168156,38.23398516888696],[-85.6190631975719,38.23381446323524],[-85.6189397057406,38.233674173633666],[-85.61880714964624,38.233523536198916],[-85.61877223084566,38.23348392718547],[-85.61869722613199,38.23339749298596],[-85.61863012741524,38.23332111505364],[-85.61851606714825,38.23319131636254],[-85.6183678788574,38.23302282377498],[-85.61810628660093,38.23314162623713],[-85.6179659340229,38.233227196316555],[-85.61763305276185,38.2333967874166],[-85.61748103518428,38.233494027551444],[-85.61725578123894,38.23364032295615],[-85.6170381921379,38.233794800075586],[-85.6168599746574,38.23395302405758],[-85.61668867244673,38.23412846754889],[-85.61654547261386,38.23430322081482],[-85.61642927451491,38.234445647213334],[-85.61637514526493,38.23451212849081],[-85.61623834342666,38.23435220439933],[-85.61602683815411,38.23424320808498],[-85.6159284170044,38.23416256224362],[-85.61578881514265,38.234034415002654],[-85.61570089242441,38.23388021906484],[-85.61557918668586,38.23366665357093],[-85.61545383437476,38.23344688066179],[-85.61536724992222,38.23329494558608],[-85.6153015203884,38.233238184885664],[-85.61509769995926,38.23306260454293],[-85.6149162163859,38.23290604074484],[-85.61482024194287,38.2328232821812],[-85.6149500342071,38.23274693503472],[-85.61541284019128,38.23249730188392],[-85.61579602111448,38.232288636211926],[-85.61608047747019,38.23213375680762],[-85.61619543098045,38.23207114198712],[-85.61645342260042,38.2319206545743],[-85.6175980668938,38.233225295026195],[-85.61784812120452,38.233083017023695],[-85.61800657105738,38.23300078461755],[-85.61824895050577,38.23288835511279],[-85.61807174564885,38.2326875681374],[-85.61794375546035,38.232542511742714],[-85.61779805896944,38.23237959815118],[-85.61767085754761,38.23223733171105],[-85.61755399681438,38.23210671174351],[-85.61743050691625,38.23196853505634],[-85.6173957105979,38.23192959967553],[-85.61730951146117,38.23183324681745],[-85.61727343752933,38.23179281887192],[-85.61718541383586,38.23169434841064],[-85.61715207783759,38.23165714444387],[-85.6170126511071,38.23150116078449],[-85.61687079121042,38.231342481235735],[-85.61673641434551,38.23119212763298],[-85.61707136723726,38.23101898338297],[-85.61732938403516,38.230885706958716],[-85.61740668405945,38.230845838586006],[-85.61754334849894,38.23077521828064],[-85.61760704351471,38.23074230619958],[-85.61775749647421,38.23066458526386],[-85.61797060679432,38.23055452731553],[-85.61818456924749,38.230444085218586],[-85.6183765075406,38.2303449172166],[-85.61856582139673,38.23024718932934],[-85.61875580599336,38.2301490276166],[-85.61882340534731,38.230114052396516],[-85.6189557368992,38.23004477168383],[-85.619028339691,38.23000677284774],[-85.61913821831352,38.229949294022205],[-85.61923699354683,38.22989757349496],[-85.61932991287857,38.22984892230736],[-85.61945821684755,38.22978179979418],[-85.61951959242163,38.22974965444098],[-85.61973288310067,38.22963795914663],[-85.61991881927298,38.229552532525915],[-85.6201382639249,38.22944089101318],[-85.62022648109416,38.229395985568594],[-85.620320860032,38.22934796046733],[-85.62043884818796,38.229288037791434],[-85.62052340557076,38.229245002120926],[-85.62066018326088,38.22917543604587],[-85.62073015879085,38.229139837057566],[-85.62087816240927,38.22906451322142],[-85.6210981539599,38.22895262995574],[-85.62131881596973,38.22884036319682],[-85.62152270125517,38.2287358179877],[-85.62172152258769,38.22863395991558],[-85.62181114225437,38.22858799616938],[-85.62198330241152,38.22849981152535],[-85.62202948509609,38.22847610937371],[-85.62228485724921,38.228345319382164],[-85.62272184451234,38.228121448446835],[-85.62290348706782,38.228012069364866],[-85.62278529447377,38.22787539399864],[-85.6227409760592,38.227843806279914],[-85.62217112731574,38.227148578172674],[-85.62222768129082,38.227118108285424],[-85.62117617218072,38.22588803964677],[-85.62106370618751,38.22575646636734],[-85.62081906609646,38.22547098826175],[-85.62021495358535,38.22473316203831],[-85.61965906633819,38.22402798443366],[-85.61909763332673,38.223362703490494],[-85.61888509321147,38.223131250654276],[-85.61876370089621,38.22298562543971],[-85.61867204937477,38.22287561224334],[-85.6184357752802,38.22293285383091],[-85.61808578398586,38.223017710723354],[-85.61792519439219,38.22305756053542],[-85.61750555235612,38.22316166633882],[-85.61709662447586,38.223263105921035],[-85.6169015968842,38.22331148382849],[-85.61651460083415,38.22340747991299],[-85.61609477279303,38.223513068891194],[-85.6157575656737,38.223591416675504],[-85.61557435050744,38.22363398646098],[-85.61542135430946,38.223664457043455],[-85.615279563762,38.223692697686886],[-85.61525782768757,38.22362949093294],[-85.6151040650507,38.223668670765484],[-85.61465826343286,38.22378288149659],[-85.61450374685425,38.223822418269506],[-85.61408721360566,38.22392834175265],[-85.61421031071902,38.22166257805527],[-85.61368878251926,38.22164413912443],[-85.61368445826189,38.22169431343662],[-85.61367295238105,38.221884649937095],[-85.61366022429091,38.22207690767891],[-85.61364686266849,38.22228190613646],[-85.61363419434753,38.2224745008846],[-85.61362064744263,38.22268079739474],[-85.61360791658285,38.222874402029355],[-85.61359455705916,38.223078727417345],[-85.61358170207704,38.22327329321507],[-85.61357072728545,38.22343992583478],[-85.61355724002173,38.223646510660785],[-85.61354078661388,38.22394122358017],[-85.61334486652716,38.223991337057065],[-85.61314772578353,38.224041785758025],[-85.61284741189343,38.224118462388056],[-85.61259752455067,38.224182407633016],[-85.61200414814269,38.22433413144103],[-85.61181048270647,38.224383668386004],[-85.61180139967777,38.22451438782923],[-85.61118423176086,38.2246754065115],[-85.61111981888003,38.22466994584167],[-85.61106605405915,38.22464141941939],[-85.61037745316553,38.223740836279035],[-85.61011773035749,38.22339964106187],[-85.60997601507499,38.223469766733174],[-85.60833060196933,38.2243557045935],[-85.60846119332416,38.22452539104149],[-85.60881842592802,38.22499661907084],[-85.60885648348305,38.22504671579858],[-85.60907632183742,38.2253367570811],[-85.60911140141398,38.22538310035776],[-85.60938358630251,38.225742101960385],[-85.61024146088728,38.225290732312416],[-85.61104313532283,38.22486890782624],[-85.61112067856757,38.22482813110554],[-85.61198681697147,38.22580887390824],[-85.61226105482524,38.22612219501261],[-85.6124088481723,38.22629093570288],[-85.61255299402035,38.226455489683985],[-85.61270072817224,38.22662422992372],[-85.61284542115823,38.226789457187294],[-85.61299510331982,38.22696041116869],[-85.6131446642347,38.22713122065714],[-85.61338521581655,38.22740589192711],[-85.61370331884054,38.22776916730102],[-85.61389523204058,38.22797959493664],[-85.61404304643628,38.22814160240993],[-85.61416135927999,38.2282707852274],[-85.6144191958232,38.22856355289143],[-85.61412956602896,38.228719961349015],[-85.61392382975636,38.2288309344945],[-85.61374335207752,38.22892837686372],[-85.61353816333181,38.22903910940664],[-85.61335292518277,38.229138999009805],[-85.61314736949656,38.22924987460023],[-85.61295279460485,38.229354992778084],[-85.61276956954964,38.22945372875707],[-85.61258634241169,38.22955270500511],[-85.61238889870359,38.229659213608585],[-85.61217174765717,38.22977637264197],[-85.61196167206687,38.22988974106573],[-85.61175190238909,38.2300028689138],[-85.61154127662009,38.23011657200204],[-85.61133486125802,38.230227972279174],[-85.61112582129422,38.23034076380451],[-85.61092422404526,38.23044952468661],[-85.61072580022962,38.230556557306194],[-85.6105213331435,38.23066742958098],[-85.61031979496349,38.23077662285855],[-85.610115632081,38.2308872542287],[-85.60991506924441,38.23099586954612],[-85.60970998940911,38.23110693248867],[-85.60941167504521,38.231268559915776],[-85.60923136191713,38.231369266043046],[-85.60876286594674,38.23162266587677],[-85.60902733092301,38.231823234833065],[-85.609204451946,38.23195773343994],[-85.60941906924499,38.23212049991314],[-85.60959588850902,38.23225466060229],[-85.60985183553917,38.232448774777914],[-85.61013718367107,38.23266528054922],[-85.61045248115227,38.23290446665373],[-85.61087350941912,38.23322387729737],[-85.61104022917198,38.23335042788477],[-85.61159298395678,38.23354334760725],[-85.61194853864401,38.23367521349955],[-85.61216709744541,38.23375749287821],[-85.61245771685236,38.23386678091874],[-85.6128260030021,38.23400529454935],[-85.61323678205711,38.234173616754774],[-85.61367267652588,38.23434331340466],[-85.61375301968474,38.23437489910284],[-85.61428314521416,38.234583165863064]]]},"properties":{"name":"SAINT REGIS PARK","ballot_code":"SRP"}},{"type":"Feature","geometry":{"type":"Polygon","coordinates":[[[-85.67538432593513,38.23132716626606],[-85.67591788603646,38.231060080479466],[-85.67615377528621,38.23094305682646],[-85.67666348612484,38.23068643456675],[-85.67700609607212,38.23051399130446],[-85.67733888684292,38.23034654045648],[-85.67738895469718,38.23032156947132],[-85.67758288330621,38.230223845548146],[-85.67777998240999,38.23012468079823],[-85.67798629063351,38.23002071288334],[-85.67819034155099,38.229917657713465],[-85.67836853471422,38.22982775951836],[-85.6785747179169,38.22972379139503],[-85.678818345175,38.22960066033369],[-85.67894915522486,38.2295334748528],[-85.67914228872158,38.22943396937563],[-85.67925388744406,38.22937662858539],[-85.67953325054506,38.22923284300068],[-85.67970796539015,38.2291434704676],[-85.67985011494271,38.229072251701105],[-85.6801031887448,38.228945037706225],[-85.68047980984376,38.228756064513476],[-85.68068232947272,38.228653676232426],[-85.68107539517959,38.22847533672737],[-85.68148658972915,38.228267580940155],[-85.68169459040139,38.22816615631708],[-85.68210566463047,38.227952580770875],[-85.682013913838,38.227840934727716],[-85.68191765704337,38.22772361174752],[-85.6818214012521,38.22760676980029],[-85.681713395214,38.227475208251455],[-85.68163436953716,38.227379194656976],[-85.68153963688972,38.22726384444401],[-85.68146304632937,38.227170717024414],[-85.68133994507961,38.22701909722375],[-85.6812544072986,38.226913896058555],[-85.6811631474177,38.22680157568609],[-85.68106397290234,38.226679346331586],[-85.68097009540938,38.22656380333109],[-85.68087853048318,38.22645129064434],[-85.68084589967874,38.226411028216134],[-85.68078471542881,38.226335554719306],[-85.68071165853206,38.22624579485713],[-85.68061820771698,38.22613193481366],[-85.68054448220833,38.226041885241415],[-85.68047988778424,38.225963188629954],[-85.68038290560901,38.22584514223858],[-85.68035313616474,38.22580872846807],[-85.68029079525826,38.225732772906774],[-85.68019752716151,38.225619104527055],[-85.68010438452765,38.22550351348657],[-85.68001026681493,38.225386719004696],[-85.67997873243377,38.225347466954496],[-85.67991937670676,38.225273869876695],[-85.67988638083187,38.22523307808779],[-85.6798214858055,38.22515250511254],[-85.67979147310194,38.22511546577984],[-85.67972548199336,38.22503354605794],[-85.67960725884873,38.224886879859156],[-85.67949042889063,38.22474925284148],[-85.6793963114563,38.22463418859844],[-85.67933222511759,38.224537990396676],[-85.67927489677021,38.224448959766605],[-85.67923506550554,38.224355323933025],[-85.67921213979456,38.224300883851114],[-85.67919499691419,38.224254427969235],[-85.67916560082969,38.22414699917895],[-85.67915214598213,38.224068380160375],[-85.67914459599962,38.223997890475175],[-85.67914409653443,38.2239460594838],[-85.67914316157749,38.223841196551156],[-85.67870442860583,38.22380588182406],[-85.67573882061292,38.223549858279064],[-85.6754618384013,38.22352299930727],[-85.67501345845785,38.22350891676406],[-85.6737275714689,38.223395010089064],[-85.67376822341873,38.22345427112332],[-85.67385908310156,38.22358635791631],[-85.67395773037168,38.223730181102056],[-85.67405954393226,38.2238784290678],[-85.67415435912797,38.22401667264639],[-85.67425635779966,38.2241633826026],[-85.67435726203732,38.224308552917364],[-85.67438769062197,38.22435246916523],[-85.67445567024913,38.22445016363716],[-85.67448610028997,38.224493887953415],[-85.67455639268299,38.224595189499695],[-85.67461372208419,38.22467773186878],[-85.67465559305707,38.22473800243326],[-85.67475321215976,38.22487841049887],[-85.67485971671583,38.22503170971487],[-85.67493603527201,38.22514152535653],[-85.6749693248168,38.22518953003378],[-85.67485120205073,38.22525229551779],[-85.6749544354568,38.22538626416731],[-85.67512213083688,38.225604413689595],[-85.67523432375995,38.22573983019532],[-85.67544591388877,38.226007769921296],[-85.67556863183846,38.226163338283634],[-85.6756900111357,38.22631722357091],[-85.67581498298448,38.226475629314145],[-85.67589977928604,38.226583045832236],[-85.67594117224648,38.22663581508405],[-85.67617291669337,38.2269293930721],[-85.67609582778918,38.22697684826127],[-85.67598630732294,38.22702899425442],[-85.67587173553055,38.227073781511464],[-85.67576581349648,38.227122708608164],[-85.67557832122601,38.22718966216379],[-85.67548220798278,38.2272438847338],[-85.67540969553077,38.22728509146784],[-85.67529673421913,38.22736286166355],[-85.67519297216138,38.22744568656812],[-85.67508597129172,38.22753692252854],[-85.67502351723779,38.22745596470594],[-85.67486610629922,38.22725138029498],[-85.67480943331623,38.227180329418566],[-85.67469121695069,38.22703211954836],[-85.6745660634472,38.226875202720045],[-85.67444669230375,38.22672578997012],[-85.67436907975033,38.22662837770647],[-85.674314742984,38.22665771978845],[-85.67418966350195,38.2267253372342],[-85.67411294427147,38.22676658823474],[-85.67404848343666,38.226801357412434],[-85.67390401047072,38.226879394362875],[-85.67375996466005,38.22695714310221],[-85.67361170961804,38.22703719721636],[-85.6734697362488,38.22711379280278],[-85.67337722139465,38.227163832817205],[-85.67332751806258,38.22719048536275],[-85.67316926431224,38.227272118133726],[-85.67304033975012,38.2273426644942],[-85.67296941345772,38.22738165889803],[-85.6728943389037,38.22742271916823],[-85.67266204164436,38.22754997913543],[-85.67243212302377,38.22767584641117],[-85.672936632575,38.22830241974194],[-85.67313678356811,38.22855107533697],[-85.67333801304451,38.2285254833949],[-85.67353705800276,38.22849161975442],[-85.67374179124532,38.22843746974668],[-85.67395339137175,38.22881628450939],[-85.6734121707767,38.22889771943602],[-85.67377115200031,38.229337403372995],[-85.67406609705566,38.22969852974137],[-85.67425237506255,38.229930058845675],[-85.67443926348442,38.23016226014925],[-85.67462262270058,38.230389844160726],[-85.67481566198052,38.23062983848314],[-85.67500840102745,38.23086641853492],[-85.67519937621842,38.23110112133651],[-85.67538432593513,38.23132716626606]]]},"properties":{"name":"SENECA GARDENS","ballot_code":"SNG"}},{"type":"Feature","geometry":{"type":"Polygon","coordinates":[[[-85.81781792075606,38.173376518069645],[-85.81777467324834,38.17343900038831],[-85.8177183431222,38.173514327302684],[-85.8174023216734,38.17393920492826],[-85.81698938927317,38.17449438809835],[-85.81658344667997,38.175040286649],[-85.81635111666574,38.17534885483502],[-85.81612274036291,38.17565203609275],[-85.81603391889699,38.175770123543096],[-85.81594132703208,38.17589307018894],[-85.8158522015988,38.17601139822519],[-85.81576660426477,38.17612510852677],[-85.81567760022462,38.176243244448436],[-85.81558975090084,38.17636003360029],[-85.815499103468,38.17648028578363],[-85.81541271514453,38.17659519815472],[-85.81532322210332,38.1767140557468],[-85.81522953224345,38.17683839622005],[-85.8151449670212,38.176950759418254],[-85.81505194573901,38.177074185784676],[-85.8148972946563,38.1772795275133],[-85.81453049594288,38.177766882332115],[-85.81441441630821,38.17792392895078],[-85.81407851507987,38.17836606980193],[-85.81378769365334,38.17874846867207],[-85.81366674007114,38.17890763263455],[-85.81351250523936,38.17911090448592],[-85.81338620407007,38.17928593809646],[-85.81303732908125,38.179743372330634],[-85.81245882213439,38.18050143106275],[-85.81235295244423,38.18064029567605],[-85.81231352811405,38.180696378735526],[-85.81227221819586,38.1807552999447],[-85.8116828909533,38.181558844283025],[-85.81146932507656,38.1818467187662],[-85.8110695700991,38.182385909737896],[-85.81081042613803,38.18273544577504],[-85.81060567656955,38.183011726637204],[-85.81011889479791,38.18366755479469],[-85.81007824809286,38.18372229162825],[-85.80970128883561,38.1842277615662],[-85.80944474735294,38.18457200440105],[-85.80933083543346,38.18472466951562],[-85.8092412028624,38.18484496386761],[-85.80915369984217,38.18496218025596],[-85.80896670546768,38.185212966078545],[-85.80858600724467,38.1857096838603],[-85.80848127850267,38.18584633325307],[-85.8082231956768,38.18618288063191],[-85.80798221839518,38.18650629274374],[-85.80777659460274,38.186782039977814],[-85.80748424909525,38.187169760571564],[-85.80723212566305,38.1875041872815],[-85.8053364748926,38.19002282929125],[-85.80551457954954,38.19014948654904],[-85.80622379094986,38.19067582586274],[-85.80684949706232,38.19113426319652],[-85.80746667830668,38.191586402612096],[-85.80779623962457,38.19178851750301],[-85.80792757145684,38.191923030581094],[-85.80772366365646,38.19207578564787],[-85.80685587544166,38.1926090347808],[-85.80544055829687,38.19346433832289],[-85.80486886677028,38.19380669771883],[-85.80351312299608,38.194626370866594],[-85.80341270331282,38.19468709400858],[-85.80303075679946,38.194924254794735],[-85.80277925103675,38.19508024441503],[-85.80255904615565,38.19521708294954],[-85.80240905386086,38.19530946396639],[-85.80226984182478,38.19539534942712],[-85.80213050613104,38.195481187024924],[-85.80198690794495,38.195569766184676],[-85.80182201991119,38.19562133268232],[-85.80167568355864,38.195715057207224],[-85.80153646896137,38.19580123100753],[-85.80111034104594,38.196038981383516],[-85.8005977026731,38.19637504430031],[-85.80029265919794,38.19656927516621],[-85.80007652726667,38.19670687671643],[-85.79972397898638,38.19693136910182],[-85.7991147336658,38.19731924849541],[-85.79896436969837,38.19741503902071],[-85.79882107188863,38.19750832624075],[-85.79773165514364,38.19837066224041],[-85.79753709163056,38.1985245498323],[-85.79735245281427,38.19866876931222],[-85.79697988406728,38.19895951608277],[-85.79648509007669,38.1993457009196],[-85.79605435609754,38.19968190350747],[-85.79580089531666,38.19987980549237],[-85.79559134107821,38.20004326392741],[-85.79504336671555,38.20047095638761],[-85.7937752304751,38.20145991845033],[-85.79339830926781,38.20175387718756],[-85.7932317415699,38.20188375534512],[-85.7931270511214,38.201965097091296],[-85.79286169516725,38.20216597739459],[-85.7926802629353,38.20230321656504],[-85.79244821820149,38.20247884142578],[-85.79230101355492,38.20259024862295],[-85.79199917488532,38.202825661552566],[-85.79179886618162,38.20298959096544],[-85.79150630256171,38.203253703320854],[-85.79127169670363,38.203543373244365],[-85.79103684886408,38.203840591985696],[-85.79091459157495,38.204008675044825],[-85.79082831616799,38.20412722377438],[-85.79056772454162,38.204485560461855],[-85.79030171208174,38.20485144670642],[-85.78989815681966,38.20541547035382],[-85.78959688634622,38.20583665927021],[-85.78942152893968,38.20608168678408],[-85.78924550070326,38.206327820633554],[-85.789186134398,38.20641073124773],[-85.7889190764139,38.20678406734634],[-85.78888041535839,38.20673061477903],[-85.78882774657751,38.20680534851337],[-85.78875583728527,38.20690739869082],[-85.78869056377106,38.20700002251928],[-85.78862997964661,38.20708615419999],[-85.78856123594673,38.20718349205244],[-85.78849340498539,38.20727977092728],[-85.78827407562545,38.20769987182118],[-85.78811899061066,38.20792436034821],[-85.78791336612169,38.20822204422017],[-85.78781563752513,38.20836338337611],[-85.78774037618248,38.20847202094268],[-85.78738720843579,38.208981544130594],[-85.78706297035929,38.209469469035284],[-85.78698606544235,38.209584020557344],[-85.78681837040742,38.20983298509676],[-85.78669798760752,38.21001188085524],[-85.78661669641974,38.21013273214695],[-85.7857881698388,38.21132855005913],[-85.78567380810352,38.21149364456145],[-85.78555749803125,38.21166167218045],[-85.78548490934068,38.21176646117868],[-85.7851868224656,38.21219672431955],[-85.78507909362331,38.21234719894011],[-85.78502538154127,38.212422557346265],[-85.78492392392614,38.212564327516226],[-85.78476595442946,38.21278866894094],[-85.78473637494878,38.21273756846582],[-85.78466638768546,38.21280610304913],[-85.78430318871462,38.21319412034041],[-85.78402323669557,38.213468306910734],[-85.78384160467027,38.21366231468688],[-85.7836183132736,38.21391321296361],[-85.78346407489433,38.2140504775624],[-85.78325460440044,38.21427872631439],[-85.78290515253737,38.21464394533351],[-85.78269474500574,38.21482704497592],[-85.78202223086181,38.21545578199575],[-85.78191082937363,38.215592504037254],[-85.78144759633412,38.21598183749433],[-85.78129378625948,38.21614164935596],[-85.78232707783782,38.217717344169095],[-85.78174912903512,38.218085602945415],[-85.78155340579804,38.218291053905816],[-85.78125916387135,38.21856543016077],[-85.78106443230604,38.21881597876086],[-85.7809547004797,38.21903155094735],[-85.78063299174555,38.2193626188218],[-85.78026905375921,38.21971682348648],[-85.78008671109392,38.21987702472099],[-85.78270934663165,38.22025962358244],[-85.7831825639353,38.22034353653096],[-85.7838595337199,38.2204499865485],[-85.78495401741077,38.22062794940527],[-85.78638952127005,38.22085527151434],[-85.78756874774743,38.22094447683474],[-85.78785678958832,38.22096626133897],[-85.78803063077949,38.22053944627819],[-85.78806721206901,38.220449572233306],[-85.7881068970628,38.220350321729846],[-85.78814609397351,38.22025044699877],[-85.78818535224862,38.220150187519906],[-85.78820440242143,38.22010133192656],[-85.78822722676132,38.2200431951662],[-85.78824621655043,38.21999472429644],[-85.78826891852638,38.21993639566024],[-85.78829156048859,38.21987912477163],[-85.78831055009265,38.21983046108276],[-85.78833459111502,38.21976905520056],[-85.78836916247215,38.21968072054339],[-85.78838979399538,38.21962724875457],[-85.78841906913723,38.219551128385824],[-85.7884649589972,38.21943225899893],[-85.78850957127165,38.21931651545586],[-85.78853014345715,38.21926352477211],[-85.78855363611427,38.2192024550744],[-85.78859398727595,38.219097723581946],[-85.78863823326171,38.218983326141796],[-85.788681019242,38.218872583475765],[-85.78876847695517,38.218645856551184],[-85.78885355985491,38.21842557313422],[-85.78805492514157,38.21837342538426],[-85.78816084418933,38.21801774219438],[-85.78820063058757,38.21788339353091],[-85.78829559652137,38.21756300454804],[-85.78847087621058,38.21757525576741],[-85.78861220866467,38.217585066284805],[-85.78874817704622,38.21759463783269],[-85.78888432919844,38.217603968605914],[-85.78902901361607,38.21761392167786],[-85.7891648610274,38.21762344503546],[-85.78929900224497,38.217632824649314],[-85.78943929736316,38.217641480385616],[-85.78958184906023,38.21765003879699],[-85.78972104781802,38.21765850266017],[-85.78986146525493,38.217667205605856],[-85.7899999331688,38.21767562073498],[-85.79014120359115,38.217684035651956],[-85.7902632159136,38.21769149472526],[-85.79046332589208,38.217197113215185],[-85.79052990612675,38.21703246408559],[-85.79070968382462,38.21658520776755],[-85.79084825891088,38.216240713363526],[-85.79109361804295,38.216252793224335],[-85.79133440685621,38.216264536310995],[-85.79153015817175,38.21627408465849],[-85.79201186343214,38.2163084837262],[-85.79226593824774,38.216321951854184],[-85.7926169141575,38.21633995246272],[-85.79290371789995,38.21635643647301],[-85.793017866442,38.21636312613382],[-85.793286142377,38.21637884652841],[-85.79343350601867,38.216388216616735],[-85.79351828050366,38.216394820173555],[-85.7937186679881,38.2164105167934],[-85.79393618040987,38.21642755275765],[-85.79413967675485,38.21644358356985],[-85.79433598050782,38.21645884820379],[-85.7949446394339,38.2165064580066],[-85.79515257207154,38.216502628092826],[-85.79523621729341,38.216258108105],[-85.79531526025437,38.2160625843589],[-85.79536552231086,38.21593866238622],[-85.795416878684,38.215811806420874],[-85.79547608545215,38.21566566852929],[-85.79551940989195,38.21555900986175],[-85.79557283405207,38.21542696074916],[-85.79579742940973,38.21488140356678],[-85.79583182095712,38.21481763603852],[-85.79646763359213,38.21484387999083],[-85.79697608450269,38.21487646983452],[-85.79706079636473,38.214882013144596],[-85.79715154038048,38.214888035105744],[-85.7972425299019,38.214894009147955],[-85.79732522960894,38.21489945756982],[-85.7974120131633,38.214905191705306],[-85.79749928431801,38.21491087873107],[-85.79758478763766,38.21491642134804],[-85.79767108361563,38.21492215639056],[-85.79776225602859,38.214928274113944],[-85.79784428538738,38.2149335773879],[-85.79791967292684,38.21493859588759],[-85.79800810223387,38.21494447397461],[-85.79867116820884,38.21498752327349],[-85.79884418700115,38.21499807705293],[-85.79906876306568,38.21501192746254],[-85.79924720648576,38.215022767612226],[-85.79939706678499,38.2150321292341],[-85.79958812376265,38.215043684374514],[-85.79976327610248,38.21505438097057],[-85.79993909781359,38.21506526893065],[-85.80011510343277,38.21507615655142],[-85.80110105553388,38.215144249616365],[-85.80129485770917,38.21515815684164],[-85.80170769416299,38.21518783512452],[-85.80190399542427,38.215202077220724],[-85.80212059150755,38.2152175596908],[-85.80237174421084,38.215237161905755],[-85.80259937252801,38.215255138796294],[-85.80286143420199,38.21527564869994],[-85.80312697012593,38.21529649252304],[-85.80338409250452,38.215311473353715],[-85.80367071075787,38.215327883593986],[-85.80385421321674,38.21533847393951],[-85.80468171544108,38.21539478130231],[-85.80623536597169,38.215489587750845],[-85.80653682260063,38.215542428990915],[-85.80659873597497,38.215380897509384],[-85.80667340530289,38.21461023156425],[-85.80669047305427,38.214457568966544],[-85.8067025796968,38.21435183469884],[-85.80672600613731,38.21414637597745],[-85.80675880264386,38.21384383985455],[-85.80676576119086,38.213779552517146],[-85.80677871085565,38.213661124993244],[-85.80679178107138,38.21354062968667],[-85.80681556349158,38.21332507449289],[-85.80682421708127,38.21324665105461],[-85.80684309866562,38.21307614925634],[-85.80685617038014,38.21295786579718],[-85.80687813834005,38.212759138794716],[-85.80690022603746,38.21255887466949],[-85.80710940896599,38.210803361989406],[-85.80712217003912,38.21067873125891],[-85.80724549362151,38.20964186836543],[-85.80898876909251,38.2106333892162],[-85.8106145919037,38.2115382559786],[-85.81081715662887,38.21161897509609],[-85.81160557449155,38.21205571292199],[-85.81195729656972,38.21225429253861],[-85.81305982685193,38.21285437761218],[-85.81346752705424,38.21308576219681],[-85.81407964206389,38.2134811324531],[-85.81425969036248,38.213588398523406],[-85.81516174520182,38.21409640182381],[-85.8155762256042,38.21432979440032],[-85.81580864747761,38.214460587525856],[-85.81755294739247,38.21545472114023],[-85.81773988932393,38.21542663200394],[-85.81788210630684,38.21540515431449],[-85.81824907869297,38.21505862142966],[-85.81869617552181,38.214636362346944],[-85.81892388913495,38.21441866618108],[-85.81959716886459,38.213782122529885],[-85.81969202629581,38.21369124288262],[-85.81978432787194,38.2136028170975],[-85.81992819804226,38.21346507785564],[-85.82014549330904,38.21325690594401],[-85.82025697221316,38.21315014993742],[-85.82039755242081,38.213015393361616],[-85.8205017130753,38.21290383300958],[-85.82064107259147,38.21276768306578],[-85.82079583475738,38.21261700284222],[-85.82095443135537,38.21246208916621],[-85.82109768651479,38.21232232975704],[-85.82124958534706,38.212174199478646],[-85.82140799765696,38.21201962224744],[-85.82156470501235,38.21186682433884],[-85.82171276641996,38.2117223491917],[-85.82186618458095,38.21157267832161],[-85.82201491435278,38.21142743385234],[-85.82217673362958,38.211269823529115],[-85.82232180930328,38.21112813881285],[-85.82284299746199,38.21062143719473],[-85.82299221001932,38.2104752289254],[-85.82322567667603,38.21024670274144],[-85.82365839421153,38.20982323132234],[-85.8242592374385,38.20928632723951],[-85.82480435592912,38.20884965467569],[-85.82539275765271,38.20831881066266],[-85.82632853580601,38.207722735976446],[-85.82704301581087,38.20721497686253],[-85.82754560060079,38.20674855739177],[-85.82813633765994,38.20632775304133],[-85.82944035719564,38.20534417024421],[-85.83075090501943,38.204343979675436],[-85.83119104353608,38.203980238017515],[-85.83256125370066,38.20281511843082],[-85.83239350305055,38.202807831250595],[-85.8320023071657,38.2027910829264],[-85.83147760687568,38.20276870330205],[-85.83142270554633,38.202766337326096],[-85.83097691365397,38.20274721849765],[-85.83086662357911,38.20274253414001],[-85.83074439099406,38.202737184809415],[-85.83049358790453,38.202726489182204],[-85.83026423291089,38.20271669295289],[-85.8300300650479,38.20270656257303],[-85.82980582910021,38.20269709805229],[-85.82958646748025,38.2026876775776],[-85.82942212923196,38.20268057579288],[-85.82935766186729,38.202677830568035],[-85.82913574149997,38.20266826681913],[-85.82902636518017,38.20266367653769],[-85.82890230488569,38.202658326524606],[-85.82868812282251,38.20264914148684],[-85.82846212069876,38.202639482785955],[-85.82778996623054,38.202613723012384],[-85.82756037042209,38.20260550830588],[-85.82733181029872,38.20259733932691],[-85.82712987853101,38.20259021118202],[-85.82693081030908,38.20258303307821],[-85.82694529780105,38.202453686715295],[-85.82691862394336,38.2021160358289],[-85.82692558321484,38.20177961267879],[-85.82693242918212,38.201450641495924],[-85.82694401946986,38.20128817010454],[-85.8269571154115,38.20110906220986],[-85.82698288141293,38.20075320180383],[-85.82700572853217,38.20069289399129],[-85.82701061481158,38.200646685443964],[-85.82704457982382,38.20032308249223],[-85.82705951626907,38.20021532389779],[-85.82708739394701,38.20001461814834],[-85.82715179033029,38.19966094429495],[-85.82720387963474,38.199423921679454],[-85.82722740845732,38.19931745662742],[-85.82725239149705,38.19920421081276],[-85.82726494713778,38.19914996777453],[-85.82730382622108,38.198982670833594],[-85.8275616021288,38.19810652316829],[-85.8276059945153,38.19796859952623],[-85.82765999687956,38.19781489895376],[-85.82771041504098,38.19767182675897],[-85.82781540960927,38.1974004870133],[-85.82789640344366,38.19719118762906],[-85.82795231424883,38.19705758359934],[-85.82809093490327,38.196725640078725],[-85.828119129126,38.19665503936016],[-85.82814294850499,38.19659530723949],[-85.8283158234529,38.19616367080238],[-85.82843631871246,38.19586241507791],[-85.82849153471918,38.19576539966155],[-85.82853221961524,38.19569632939373],[-85.82857427592302,38.19559869739882],[-85.82872164178121,38.19524535181891],[-85.82883746933337,38.19496991786527],[-85.82898569844829,38.19480004612764],[-85.82906057291139,38.19440068805927],[-85.82911088108041,38.194329975867745],[-85.82916142994465,38.194257051606144],[-85.82938840034824,38.19371873443764],[-85.82958735702415,38.19324952666616],[-85.82963420428086,38.193135063545455],[-85.82967103499801,38.193053494441166],[-85.82969066609256,38.193010016509085],[-85.82973950879517,38.19288098327237],[-85.82979078420293,38.19274887154889],[-85.8298227995177,38.192664419823465],[-85.82987951503259,38.19249287873062],[-85.82995174568426,38.19230324820017],[-85.82997455131593,38.19221043712094],[-85.83001575053963,38.19205674388832],[-85.83003649486255,38.191972877238946],[-85.83006135476698,38.191808280657476],[-85.83006879492632,38.19175923388128],[-85.8301065060322,38.19131157811247],[-85.83011412769781,38.191149252807364],[-85.83011267807487,38.19110535659674],[-85.8300999961133,38.19098357709947],[-85.8300823279836,38.19081477830326],[-85.82998710438251,38.190642040676174],[-85.82986868642728,38.190429172183464],[-85.82991392134421,38.19040159167125],[-85.83034225581214,38.190403320486844],[-85.83253236616882,38.19046835524544],[-85.83267067615077,38.189997886774165],[-85.83011587874982,38.189903388148615],[-85.82991117796425,38.189895353041464],[-85.82983877066994,38.18975144808757],[-85.82974487411907,38.18956476676323],[-85.82970189402289,38.189479260059116],[-85.82961904708066,38.18931449545383],[-85.82953516298576,38.189147761052766],[-85.82945042465872,38.18897929548857],[-85.82937118157865,38.188821932465125],[-85.8292923057423,38.18866500250405],[-85.82907825989246,38.18851729793141],[-85.8288276743344,38.18826653246259],[-85.82869380663213,38.18812593823992],[-85.82853054496125,38.18795454288686],[-85.82837609559878,38.18782069313455],[-85.82814019721552,38.187627997688715],[-85.82843551317391,38.18355142894822],[-85.82849601829284,38.18282315985331],[-85.82852867012447,38.18265317289539],[-85.82859317357843,38.18196374915692],[-85.82880071647698,38.18197322711454],[-85.82900521388669,38.18198256258698],[-85.82920745672624,38.181991658655924],[-85.82941969020705,38.1820013242921],[-85.8296233350068,38.18201056376486],[-85.82983983315904,38.18202032217895],[-85.83004725413745,38.18202970162647],[-85.83025254402854,38.18203903440498],[-85.83045953924676,38.18204831791488],[-85.83066921490597,38.182057838892774],[-85.83088041342083,38.182067454861404],[-85.8310840585856,38.18207669091703],[-85.83129483025317,38.18208625868647],[-85.83149853596596,38.18209544623485],[-85.83171241503786,38.182105250777106],[-85.83181378095149,38.18210970086692],[-85.8319148423232,38.18211434298849],[-85.83212202070128,38.18212371896426],[-85.83232834652186,38.18213314382328],[-85.83254155561974,38.182142803176255],[-85.8327698109043,38.18215302913709],[-85.83292728127097,38.18216017884596],[-85.8332904346672,38.182200599881035],[-85.83330069602543,38.182117557004126],[-85.83367497177069,38.18213590054247],[-85.83372065396485,38.181543465449614],[-85.8337303329656,38.18137738816988],[-85.83373714500463,38.181261845903656],[-85.83374999920707,38.18104840660231],[-85.83376010469779,38.18088208753491],[-85.83377008948739,38.18071706775113],[-85.83377983341191,38.18055507720893],[-85.83379274551064,38.180339570083596],[-85.83380691458406,38.18010430096065],[-85.83429565477608,38.180141793561056],[-85.83441645520641,38.180151035165956],[-85.83448736320815,38.18015651380031],[-85.83487345824263,38.180186094678724],[-85.835199550534,38.18021110275671],[-85.83553039420481,38.180236586717804],[-85.8359593155736,38.18026945135196],[-85.8361903161151,38.18028726573848],[-85.83645201914807,38.18030731687277],[-85.83665012320672,38.18032246139628],[-85.83686424996213,38.18033893987374],[-85.83707520902,38.18035513198439],[-85.83734477078588,38.180375751978424],[-85.83755914097613,38.18039222991849],[-85.83780378694726,38.18041104013813],[-85.83807322698914,38.180431658561695],[-85.83818385511941,38.1804401822134],[-85.8382702358895,38.180446753434644],[-85.83849794755119,38.18046422880304],[-85.83884737417928,38.1804910842801],[-85.83906844573868,38.18050798691535],[-85.83941415714516,38.180534602955724],[-85.839660813999,38.18055331140751],[-85.83986300124151,38.180568543855095],[-85.84053584375775,38.180619621266445],[-85.84100698541647,38.180655271519186],[-85.84138065859209,38.180683639708185],[-85.84158235921684,38.18069891734329],[-85.8418024568264,38.18071547865594],[-85.84201146806545,38.180731327407244],[-85.84256156619736,38.1807759972267],[-85.84284916047889,38.1807961103315],[-85.84313450010292,38.18081583889548],[-85.84338974695935,38.180833620112516],[-85.8436876975569,38.1808543473724],[-85.8439331378385,38.18087150991013],[-85.84424046989606,38.180892901351434],[-85.84458368292374,38.18091681215301],[-85.84487214200668,38.18094461217207],[-85.84510211139025,38.18096317850559],[-85.84535529209417,38.18098360150367],[-85.84563832228282,38.18100640361908],[-85.84591775602925,38.181026611364025],[-85.8465747689432,38.18107723478123],[-85.84663428515935,38.180616524675436],[-85.84666174042506,38.18041855433178],[-85.84668955663672,38.180216543702095],[-85.84671284721789,38.18004776203141],[-85.8467360757387,38.17987873893781],[-85.84675942692151,38.179709331916115],[-85.84678374239708,38.179532903690614],[-85.84696054426921,38.179375438560825],[-85.84713935824841,38.17926600432327],[-85.84738780149534,38.17911641274766],[-85.84765511002952,38.178955650981536],[-85.84786782537624,38.178827580667914],[-85.84822374727739,38.178613374006844],[-85.84846263668662,38.178747753150944],[-85.84871833634855,38.1788803869982],[-85.84888379342202,38.17871494758904],[-85.84917624507568,38.17841217833851],[-85.84932113226276,38.17826204421045],[-85.84936809325154,38.17821599190567],[-85.84952789282383,38.1780589218811],[-85.8496706612285,38.17791883858017],[-85.84981379241049,38.17777817817017],[-85.84997340804853,38.17762154014761],[-85.85016605357404,38.17743227570322],[-85.85028120191879,38.17731923621563],[-85.85058826256208,38.17701760510933],[-85.85067244929289,38.17693502654617],[-85.85099727669461,38.17662174400474],[-85.85118245042513,38.17640690551257],[-85.85159115981622,38.175971952777786],[-85.84944002800042,38.17234940295532],[-85.84920671055535,38.171545063068265],[-85.84878553969435,38.17221671966634],[-85.84863914313856,38.17218703217541],[-85.84832003320074,38.17212253305849],[-85.84811265512434,38.172080779274886],[-85.84791258811897,38.17204050928851],[-85.84764221792305,38.17198592015711],[-85.84743521008942,38.17194738587273],[-85.84716703200006,38.171892891152496],[-85.84696714831203,38.171852378853266],[-85.84676403632258,38.17181114717545],[-85.84656695462618,38.17177125718376],[-85.84646125648854,38.17174975515979],[-85.8466137457854,38.172015277520686],[-85.84672564140224,38.17221048998344],[-85.84675402756356,38.17225984571855],[-85.84683289870333,38.17239738830783],[-85.84687776662959,38.17247543474487],[-85.8469404607057,38.1725847196464],[-85.84700926023353,38.17270472113082],[-85.84704826831718,38.172772675054],[-85.84715656483277,38.17296139938721],[-85.84726327401677,38.173147288642326],[-85.84737645515767,38.17334451846631],[-85.84748115202297,38.17352685120627],[-85.84759067153935,38.173717833748334],[-85.84769866520776,38.1739058847609],[-85.84780165348974,38.174085285022734],[-85.84791001467515,38.17427424911157],[-85.84803339451364,38.17448926049282],[-85.84812258238486,38.17464049654601],[-85.84825646264983,38.17487348065288],[-85.84836488753749,38.17506225232682],[-85.84846897846218,38.17524357462346],[-85.84857923458408,38.17543532498877],[-85.84881843263098,38.175852081026825],[-85.84855869577346,38.176109097777925],[-85.84842627364725,38.176240324502515],[-85.84829652604121,38.17636871167542],[-85.84816239761427,38.17650152613289],[-85.84803003431253,38.1766325595412],[-85.84787266872517,38.17678842368238],[-85.84783434615541,38.17682629460503],[-85.84773872240274,38.17692114108806],[-85.84760215926812,38.177056216550234],[-85.84733931236319,38.17731635768705],[-85.84727635315724,38.177378866977925],[-85.84700188617947,38.17765055660312],[-85.84611327791995,38.177144847292475],[-85.84582581699325,38.176982712121145],[-85.84506982480407,38.176571269999044],[-85.84495713137684,38.17651592349756],[-85.84481902421359,38.176447952071],[-85.84480273357815,38.176378825111534],[-85.84462645656215,38.17637420648204],[-85.84442526288993,38.17636547201246],[-85.84424983483623,38.17635796721706],[-85.84407562585518,38.17635050984393],[-85.84389873572592,38.17634295703827],[-85.84373031268463,38.176335734220295],[-85.8435569563443,38.17632822675418],[-85.8428575641479,38.17630079564856],[-85.84269182242298,38.1762936169968],[-85.84252674975019,38.17628658264627],[-85.84235540364499,38.176279119596686],[-85.84217930596914,38.1762715645003],[-85.84200588824368,38.17626400615498],[-85.84182869493351,38.176256451389044],[-85.84165186671459,38.17624875101735],[-85.8414792413813,38.17624133634241],[-85.84130771298928,38.17623396831991],[-85.83973151599676,38.176188392904415],[-85.83956150884008,38.17617967513513],[-85.83938157227898,38.17617033935147],[-85.83920851976741,38.17616138281632],[-85.83904320172815,38.17615290042286],[-85.83885997681125,38.17614337441414],[-85.83868856815683,38.17613456003855],[-85.83816441932485,38.176110863591205],[-85.83799496055677,38.176102287316496],[-85.83782830409159,38.176093900624934],[-85.83765293733197,38.17608499218481],[-85.83748152901452,38.176076223810654],[-85.83731389777621,38.176067692959066],[-85.83713682595275,38.176058785012735],[-85.83696017978365,38.17604977918259],[-85.83678785746052,38.17604105912776],[-85.83627156852825,38.17601864682509],[-85.83609876081533,38.176010502744916],[-85.83591937510892,38.176002027128916],[-85.83574011048321,38.175993598904725],[-85.8355701050858,38.1759855961756],[-85.83540393730125,38.17597787964311],[-85.83470655033967,38.175940781847835],[-85.834529234444,38.175931484552905],[-85.83436202943864,38.17592280595582],[-85.83417521140528,38.17591313019348],[-85.83399795744182,38.175903977114835],[-85.83382862045347,38.1758952497245],[-85.83375290753989,38.17589131296365],[-85.83365191442654,38.17588609573847],[-85.83347599951077,38.17587703643322],[-85.83330465364465,38.17586811780289],[-85.83313367316337,38.175859295972714],[-85.83295885532563,38.17585033153093],[-85.83260282423012,38.17583192521939],[-85.83254876305844,38.17590956497678],[-85.83222409199982,38.17593950543941],[-85.83188986946412,38.175923966736796],[-85.83159024341818,38.17591008624107],[-85.83129500397901,38.17589644253014],[-85.83100189670053,38.17588279662104],[-85.83070641312416,38.17586905520311],[-85.83040965139291,38.17585536166776],[-85.83005843510749,38.17583901215961],[-85.8298819122546,38.17583086240923],[-85.82971245706854,38.17582304279309],[-85.82937189962476,38.17580721293099],[-85.8292127982337,38.17579981901637],[-85.82914652667993,38.17579669016455],[-85.82901946483346,38.17579086115447],[-85.8288345984526,38.17578228204732],[-85.82831873794679,38.17575839226563],[-85.82795686174109,38.175741466950925],[-85.827621544266,38.17572601330817],[-85.82737710689871,38.175714633846304],[-85.82724431995767,38.17570847061127],[-85.82679491440034,38.175687655325945],[-85.8265692163235,38.17559750677324],[-85.82650078790574,38.175570192926095],[-85.82632682197166,38.17550073197668],[-85.82618429869842,38.1754438488648],[-85.82583508954987,38.175304446372635],[-85.82552786495708,38.17518174896376],[-85.82536182289151,38.17511559982209],[-85.82514861855974,38.175030440099405],[-85.82492304563884,38.17494043156668],[-85.82461783480824,38.17481854769254],[-85.8242968430781,38.174690374218926],[-85.82422390746473,38.17466133110503],[-85.82415931945724,38.17463550370095],[-85.82385566651567,38.17448601905871],[-85.82353894282261,38.17435909050592],[-85.82380660114625,38.17414712840923],[-85.82388825609581,38.17406490652244],[-85.82261954939572,38.17312710819438],[-85.82246882154362,38.17301887443088],[-85.8214294207074,38.17235450130622],[-85.82135751009794,38.17231141676349],[-85.82128968318368,38.17227073261993],[-85.82121332382168,38.172225150459866],[-85.82115207822115,38.1721884536004],[-85.82108748107161,38.17214978738639],[-85.82101496117757,38.17210646243869],[-85.82094603725442,38.1720651543778],[-85.82087364087867,38.17202192477202],[-85.82080691078885,38.17198191362202],[-85.82073359875092,38.17193815560447],[-85.82066406646453,38.171896463024346],[-85.82059879951959,38.17185741222372],[-85.82052603696751,38.17181394296176],[-85.8204571135922,38.17177263461266],[-85.82038660540076,38.171730509079325],[-85.82031372079716,38.17168684694888],[-85.82024607787096,38.17164640355302],[-85.82017593641298,38.17160442273217],[-85.82010841461376,38.171563978283935],[-85.8200347390617,38.17151993173153],[-85.81996161054892,38.17147617402274],[-85.81989616169663,38.17143707428528],[-85.81983503952499,38.17140037666372],[-85.81975606235481,38.171353208478514],[-85.81968720033035,38.171311899639875],[-85.81963302488629,38.171279525211595],[-85.81945866597017,38.17116298365738],[-85.81935464941168,38.171301133024436],[-85.81924613126245,38.17144539085501],[-85.81913925379749,38.17158714740882],[-85.81903542071957,38.17172750736993],[-85.81892471261055,38.17187695940021],[-85.8188222168,38.172015395697926],[-85.81871838123958,38.172155612110245],[-85.8186119920855,38.17229938696573],[-85.81851198799636,38.17243445548197],[-85.81840231290693,38.17258265674038],[-85.81829543466412,38.17272710460709],[-85.81801884025148,38.17310061181076],[-85.81797923926337,38.17315410036128],[-85.81781792075606,38.173376518069645]]]},"properties":{"name":"SHIVELY","ballot_code":"SHI"}},{"type":"Feature","geometry":{"type":"Polygon","coordinates":[[[-85.63567447749882,38.144729568702836],[-85.63566677465776,38.14459329914527],[-85.63564194842165,38.14415270746829],[-85.6356299191677,38.143940225765405],[-85.63561806916415,38.14372990658525],[-85.63560710758092,38.143535263575444],[-85.6355955522379,38.14333143624803],[-85.6355642242747,38.14292228337265],[-85.6353852149664,38.14289460733286],[-85.63504814771726,38.14287331671324],[-85.63479265438897,38.14285720065867],[-85.63451505389575,38.14284471684054],[-85.63426119748773,38.14283321788014],[-85.63400831407084,38.14282186348686],[-85.63368980505143,38.14280746261839],[-85.63348531870004,38.14279826934294],[-85.63317015916851,38.14278401453366],[-85.63288835895102,38.142771330831295],[-85.63280374068825,38.14276749704082],[-85.63260625544277,38.14275859840323],[-85.63226790220024,38.14274335589138],[-85.63192467801198,38.1427279165346],[-85.63163307810952,38.14271469026665],[-85.63141020779513,38.14270465869098],[-85.63134653055148,38.14270180622144],[-85.63110131866,38.142690692970454],[-85.6310348409095,38.1426876933575],[-85.63066391852082,38.14267097188287],[-85.63044713674542,38.14266118430089],[-85.63019778524949,38.14264992172974],[-85.62993382297444,38.14263801760332],[-85.62975478454342,38.14262990238197],[-85.62967053151881,38.14262616222339],[-85.62941277974842,38.14261450472067],[-85.62915843657234,38.14260304205108],[-85.62888516153419,38.142590693585106],[-85.6286424463016,38.142579721946994],[-85.62837970286452,38.14256786425308],[-85.6281274909369,38.14255649796292],[-85.62787022671309,38.142544885349764],[-85.62745242996381,38.14252598982436],[-85.62751050766119,38.142821268415055],[-85.6275694755004,38.14316679307202],[-85.62761855612506,38.14341749054582],[-85.6276748226215,38.14370367978525],[-85.62771495958349,38.14391450928652],[-85.62776479567371,38.14415054391639],[-85.62792764868027,38.14415523159828],[-85.62810834302775,38.14415825532318],[-85.62828727292276,38.14416031470332],[-85.62830387108237,38.14439540035091],[-85.62847341647853,38.14440317193332],[-85.6286558675126,38.144411580907494],[-85.62868405506246,38.14441290816713],[-85.62893371544581,38.14442436704865],[-85.62915220733069,38.14443444746146],[-85.62937873491764,38.144444920393106],[-85.62963113564669,38.14445652475553],[-85.62976634598864,38.144462720622435],[-85.6298435998456,38.14446630943472],[-85.62994167420679,38.14447083204849],[-85.63007031024682,38.14447673257305],[-85.63021489545889,38.14448346631842],[-85.6302849670771,38.144486662841246],[-85.63049603176026,38.144496348524015],[-85.63069644254925,38.14450563835377],[-85.63084626316616,38.14451247301732],[-85.63092297073023,38.14451601191981],[-85.6311446893038,38.144526236056635],[-85.63135861528104,38.1445360672337],[-85.63156547979774,38.14454560263136],[-85.63178914586044,38.14455592301492],[-85.63205128846494,38.144568013077276],[-85.63226223146239,38.14457774413636],[-85.63255767460919,38.14459087535149],[-85.63279552720884,38.14460149714405],[-85.63298005028702,38.14460966183368],[-85.63306296636672,38.14461339740431],[-85.63320962310426,38.14461993762502],[-85.63340973064295,38.14462879008014],[-85.63350226597935,38.14463291955294],[-85.6336202490579,38.144638132674494],[-85.6337446239224,38.14464368803374],[-85.63382881899396,38.144647425226125],[-85.63406661149314,38.14465804440059],[-85.63460818725477,38.14468208566402],[-85.63506836984303,38.14470258463054],[-85.63542000489353,38.14471826355723],[-85.63567447749882,38.144729568702836]]]},"properties":{"name":"SPRING MILL","ballot_code":"SPM"}},{"type":"Feature","geometry":{"type":"Polygon","coordinates":[[[-85.60557815718087,38.29270330601108],[-85.60565269976746,38.29283032691239],[-85.60602629596444,38.29332979587321],[-85.60629493683994,38.29368874522505],[-85.60640951206867,38.29384182363513],[-85.60651052026007,38.29397680797992],[-85.60682900947229,38.29439726193833],[-85.60691668119215,38.29452006609961],[-85.60701385443095,38.29465105505683],[-85.6073567329691,38.29511331746753],[-85.60760341401736,38.295445841247734],[-85.60767326838456,38.295540016515815],[-85.60777190487003,38.295673025588435],[-85.6079020001302,38.29584838259022],[-85.6080199875452,38.2960074736455],[-85.60816383782246,38.29620135768241],[-85.60830665322145,38.2963939888793],[-85.60847679173948,38.29662328954154],[-85.60858969582812,38.29676194044704],[-85.60885565528349,38.297100255023295],[-85.60911896965851,38.296973543236746],[-85.6093774554482,38.296850911820364],[-85.60961937209592,38.29716159832436],[-85.60970153065772,38.297268430809524],[-85.60986457067668,38.297480124617756],[-85.60997497403052,38.297621078526376],[-85.61014610579001,38.29784571457344],[-85.61029033836844,38.298035172715565],[-85.61042976455875,38.29821847064287],[-85.6100366088441,38.29841455431376],[-85.60986067149615,38.298502234428575],[-85.60945987962731,38.29870167216809],[-85.60921548979728,38.29882004187037],[-85.60894336888467,38.29895409864233],[-85.60870520212207,38.29907146473653],[-85.60847204253642,38.299186239806765],[-85.60824388971203,38.299298664434836],[-85.60802001039256,38.29940897832332],[-85.60775264921791,38.299540634323826],[-85.60756931929943,38.29963089865701],[-85.60751399019772,38.299658141566255],[-85.60736192718535,38.29973310639254],[-85.60709499170771,38.29986452085852],[-85.60691290474968,38.2999420931457],[-85.60661067945307,38.30008505183216],[-85.60630375205074,38.300230214957665],[-85.6061257386656,38.30031447418544],[-85.60603841009711,38.30035576380475],[-85.60582166906687,38.300462956807344],[-85.6059406449833,38.30061733987051],[-85.60608481646304,38.30080430188498],[-85.60618420559534,38.30092933240539],[-85.60689228813659,38.30182027909754],[-85.60702817656049,38.301751401095245],[-85.60726361200282,38.30163220894652],[-85.6076514703046,38.3014437727949],[-85.60791571620436,38.3013174496509],[-85.60844588929133,38.30114086500326],[-85.60894519604464,38.300991934474496],[-85.60927470215353,38.300907370940074],[-85.60982636220064,38.30078575969641],[-85.61014593589492,38.30072575076002],[-85.61073261840671,38.30063465923452],[-85.61116825016221,38.300567138542455],[-85.6114970174971,38.30051612727101],[-85.61170158799867,38.30048497020098],[-85.61208509307613,38.300428443454194],[-85.61241238965788,38.300380072203005],[-85.61274365303423,38.30033107938856],[-85.61304580532372,38.300286523377345],[-85.61338713811834,38.300236194394444],[-85.61374305492801,38.30018362073625],[-85.61409982649081,38.300131000139835],[-85.61446971831545,38.300076277163434],[-85.6149202897845,38.300009817472606],[-85.61548223488002,38.29992684756995],[-85.61560874575666,38.29990814432596],[-85.61608674215842,38.29955491960133],[-85.61626745597879,38.29942122346647],[-85.61586150380153,38.29891141374395],[-85.61552324507733,38.29848658728749],[-85.61501808492423,38.29785223395153],[-85.61473139996785,38.29748751463348],[-85.61439638933956,38.297061630761554],[-85.61412127544399,38.296711779730046],[-85.61391256776496,38.29644633565269],[-85.61374879151931,38.296165413274686],[-85.61354249991561,38.295815639964786],[-85.6154218799502,38.29500063651663],[-85.61547154523922,38.29446384117376],[-85.61518402287771,38.29406301435974],[-85.61480539732221,38.29357525132026],[-85.61426920928963,38.29288378786675],[-85.61358672649841,38.29196959497578],[-85.61334671432331,38.29201287725106],[-85.61319841805123,38.29204237152092],[-85.61311035545171,38.292059818408],[-85.61298919059809,38.2920973721231],[-85.61288353009404,38.292130136211576],[-85.61281703743303,38.29216116621759],[-85.61367491064209,38.29300585114113],[-85.61361511775722,38.29412799955481],[-85.61312506147239,38.295106374330956],[-85.61284046817707,38.29513575826093],[-85.61272172296631,38.29498522919444],[-85.61231644815612,38.29518279671257],[-85.61200193845605,38.2950935323771],[-85.61141420187732,38.2949268284931],[-85.61090104034746,38.294781171639734],[-85.61090954561165,38.294735314417025],[-85.61090139666682,38.294689485381376],[-85.61073521037206,38.2944011032045],[-85.61062564869015,38.29420447412234],[-85.61059480656225,38.29415799398939],[-85.61055669824836,38.29411458112511],[-85.61050421692023,38.29405836327202],[-85.61048008562511,38.29401179371009],[-85.61047322656675,38.29396173530616],[-85.61048462857225,38.29390035188779],[-85.61058307603348,38.293491121522585],[-85.61066102000665,38.293502222843316],[-85.61088091014696,38.29297389822938],[-85.61094984438917,38.29297465310692],[-85.61090395866071,38.2926252072485],[-85.61079747162506,38.29248132510767],[-85.61021497293062,38.29249188903238],[-85.60956969835314,38.292503578424295],[-85.60949685786454,38.29250368391844],[-85.60893969486554,38.29250408010983],[-85.60788502216927,38.292353099521925],[-85.60693300220152,38.29224536196974],[-85.60687424838483,38.29224880015893],[-85.6065879886319,38.292323457705706],[-85.60646618688386,38.29234158044392],[-85.6062779546669,38.29235793947482],[-85.60608108647189,38.29239087505929],[-85.6058880319645,38.29247093272186],[-85.60572880296763,38.29259781209364],[-85.60557815718087,38.29270330601108]]]},"properties":{"name":"SPRING VALLEY","ballot_code":"SVA"}},{"type":"Feature","geometry":{"type":"Polygon","coordinates":[[[-85.68590203756834,38.21668889375215],[-85.68559456115739,38.216852776492374],[-85.68542542763001,38.216942738568605],[-85.68524709007094,38.21703432971575],[-85.68510405436678,38.21710800623105],[-85.68495674899778,38.21718365153859],[-85.68481791652283,38.217258484154115],[-85.68466811027851,38.21733720542189],[-85.68452872381465,38.21741665303904],[-85.68438945783014,38.21749768715867],[-85.68424244624248,38.21758410188189],[-85.68409867032982,38.21766460428149],[-85.68396044239212,38.21774208055409],[-85.68381733665225,38.21782210186677],[-85.68340605769804,38.218061118079966],[-85.6832612426978,38.21814320546837],[-85.68312142717534,38.21822269982141],[-85.68298100138567,38.2183023369155],[-85.6828429530949,38.21838058139673],[-85.68270002652237,38.21846180423637],[-85.68255966047981,38.21854129670499],[-85.68241740413347,38.21862198981403],[-85.68227752516643,38.21870143447177],[-85.68213575597615,38.21878198426424],[-85.6820605728304,38.218824588327074],[-85.68198521380332,38.218859691699755],[-85.68186238095018,38.21869475416373],[-85.68166518174618,38.218480490717674],[-85.6815133637859,38.21855358117351],[-85.6813760513922,38.21862427517117],[-85.68122575230404,38.21870164572453],[-85.68108118401935,38.21877608587957],[-85.6809330791723,38.2188523509505],[-85.68079265672968,38.218924629050704],[-85.68049821429534,38.21907619798554],[-85.68034980313818,38.2191526540463],[-85.68020785540193,38.21922565222257],[-85.68005871237837,38.219302492195894],[-85.67991749532882,38.21937510664168],[-85.6798259726717,38.21942221884097],[-85.67977688821283,38.21944733566628],[-85.68199895032323,38.22120865649097],[-85.68218400834226,38.221114429857735],[-85.68232498248277,38.22104263067792],[-85.68247339447308,38.22096718125945],[-85.68262235465218,38.220891395905554],[-85.68276692469799,38.220817867488755],[-85.6829141762938,38.22074275381463],[-85.68305917301389,38.22066908112549],[-85.68320508360644,38.220594831254495],[-85.68335044453593,38.22052062954458],[-85.6834978179793,38.22044585126721],[-85.68364439850025,38.2203711210123],[-85.68378872210623,38.22029759119905],[-85.68393658278478,38.22022228377696],[-85.68408310057234,38.22014774574592],[-85.6842251676695,38.22007560793244],[-85.68437205181137,38.22000068413123],[-85.68452320291864,38.2199237920964],[-85.68466600048217,38.219851173939205],[-85.68481581085791,38.21977485650424],[-85.6849647662555,38.21969902042463],[-85.68503616809636,38.21965814320507],[-85.68510610741922,38.2196179868132],[-85.68520994363715,38.21956452997473],[-85.6853382909827,38.21949824948634],[-85.68539914079766,38.21946693453282],[-85.6854857219404,38.219422267757814],[-85.68554535262116,38.21939148093039],[-85.6856349818661,38.219345275955675],[-85.68568808849874,38.21931785151368],[-85.6857996062612,38.219260504355695],[-85.68589502675943,38.219211273278546],[-85.68595813285744,38.21917851681178],[-85.6861137327878,38.21909835553273],[-85.6862759167769,38.21901483158622],[-85.68640474997274,38.21894840603897],[-85.68645084428705,38.2189246308981],[-85.68654784966188,38.218874679368994],[-85.6866278439054,38.21883337332544],[-85.6866919248869,38.21880032867736],[-85.6868004534638,38.21874442141502],[-85.68686846701338,38.21874513075466],[-85.68708664415756,38.21874793907986],[-85.68724894084463,38.21874437186983],[-85.68710995443615,38.21835696380675],[-85.68701546641094,38.21817146770684],[-85.68691555075719,38.21799279704901],[-85.68681422070377,38.21782869326288],[-85.68669151537615,38.217646980273756],[-85.68655533668645,38.2174713189198],[-85.68635327353155,38.217232058801216],[-85.6861379380507,38.216978608144814],[-85.68591396903487,38.21670466983143],[-85.68590203756834,38.21668889375215]]]},"properties":{"name":"STRATHMOOR MANOR","ballot_code":"SMM"}},{"type":"Feature","geometry":{"type":"Polygon","coordinates":[[[-85.67722467602536,38.22348606538543],[-85.67799694659291,38.22355106144283],[-85.67841416180408,38.223587519013186],[-85.67917547109961,38.22364461549737],[-85.67934909773318,38.22365948072419],[-85.67952181080747,38.223674295598755],[-85.6796895264576,38.22368877209213],[-85.67986156934938,38.223703490569854],[-85.68066096682348,38.22376752307927],[-85.68096793979927,38.22379207910751],[-85.68102358752887,38.22378951588781],[-85.68135979750873,38.22376975777911],[-85.68104359559695,38.22338142297979],[-85.68065537939148,38.22290452980747],[-85.68056351602137,38.22279167962423],[-85.68046440921235,38.22266983437946],[-85.68036944114478,38.22255332879993],[-85.68027788349445,38.2224405749666],[-85.68012581479063,38.22225398188132],[-85.6800779049877,38.222194815128454],[-85.68020199179426,38.222131663185145],[-85.68042278758877,38.222019285240556],[-85.68057498359344,38.22194158082694],[-85.68072028998152,38.2218666615694],[-85.6808669388164,38.221790876188045],[-85.68100901331636,38.22171758903509],[-85.68115822112976,38.22164036323798],[-85.68130279505107,38.2215658266443],[-85.68144517397171,38.22149215442805],[-85.68159486844127,38.22141502476125],[-85.68182456362177,38.22129630292705],[-85.68151493320758,38.22105904046619],[-85.68135819775092,38.22097538598901],[-85.68107210388683,38.2207289533621],[-85.68027100836822,38.22011074949227],[-85.67954671903169,38.21955436957777],[-85.67872884265799,38.21892244226347],[-85.67805267847183,38.2184114690549],[-85.67796267096467,38.21834217864163],[-85.6778254676779,38.21823675135528],[-85.67773095410118,38.218164092904374],[-85.67765288345356,38.21810413724434],[-85.67758059861409,38.218048560165386],[-85.6775002744501,38.21798687226702],[-85.67693057874135,38.21755322277177],[-85.67685524866125,38.21749596035444],[-85.67678125840128,38.21743970870065],[-85.67641992480164,38.21762502677223],[-85.67634456070596,38.2176637322274],[-85.67620218461532,38.21773686951522],[-85.67605054065741,38.217814760641076],[-85.67590572587571,38.21788895468002],[-85.67576365397497,38.21796194747196],[-85.67561682646974,38.21803719672466],[-85.67546841248398,38.218113502528354],[-85.67531957107848,38.218189807874566],[-85.67517884056429,38.21826212778404],[-85.67503749874697,38.21833449578953],[-85.67492756000355,38.218390967994004],[-85.67484274258643,38.21843457134434],[-85.67448194936728,38.218617959331496],[-85.6743693257403,38.21867582399456],[-85.67424426412855,38.218740411701305],[-85.674132920778,38.21879784449381],[-85.6744737103451,38.21922294726956],[-85.67458656218024,38.219358893922745],[-85.67489077870697,38.21973694980606],[-85.6748263856104,38.21977104559164],[-85.67474491881296,38.21981426627319],[-85.67467625776123,38.21985061978402],[-85.6745999134471,38.21989100648569],[-85.67452509445,38.21992951920135],[-85.67445753131611,38.21996414162878],[-85.67432185583772,38.22003420409232],[-85.6744561319442,38.220199348620625],[-85.674613599068,38.22039345309005],[-85.67468183185926,38.220358734600445],[-85.67477940791264,38.22047640061902],[-85.67505557977223,38.22080876187821],[-85.67531348413567,38.221126975683376],[-85.67566368986111,38.221540252820006],[-85.67587289627821,38.22180477684494],[-85.67596784366309,38.221932681457474],[-85.67611003881062,38.22210845495552],[-85.67623446099127,38.22226210120315],[-85.676325524609,38.22237480921562],[-85.67639266680033,38.22245754878959],[-85.67644684269959,38.222524702577495],[-85.6764859838189,38.22257295105856],[-85.67657972659786,38.22268888328175],[-85.67669447184598,38.22283079064831],[-85.67676526608818,38.222918147906036],[-85.67683575684683,38.22300536077711],[-85.6768839076929,38.223064673134445],[-85.67695525072702,38.22315304059327],[-85.67704704796202,38.22326642239588],[-85.67722467602536,38.22348606538543]]]},"properties":{"name":"STRATHMOOR VILLAGE","ballot_code":"SMV"}},{"type":"Feature","geometry":{"type":"Polygon","coordinates":[[[-85.56038038901738,38.24839426881106],[-85.561754585887,38.248481082736774],[-85.56190693986818,38.24695709585997],[-85.56205978788098,38.24542820499366],[-85.560697400487,38.245322949949134],[-85.56038038901738,38.24839426881106]]]},"properties":{"name":"SYCAMORE","ballot_code":"SYC"}},{"type":"Feature","geometry":{"type":"Polygon","coordinates":[[[-85.58301993640072,38.29234723405258],[-85.58270827680911,38.29250141756477],[-85.5826244216595,38.29254279132715],[-85.58252743468448,38.29259126214558],[-85.58233877431758,38.29268547128331],[-85.58171801215515,38.292992874394145],[-85.58115972435498,38.29326930494944],[-85.58025290966488,38.29372817480815],[-85.58018516892085,38.29376485797416],[-85.57986251093655,38.293921181350726],[-85.57953507744644,38.2940839873955],[-85.57933017169177,38.294182543323416],[-85.57918498806961,38.294256039610666],[-85.5788720291535,38.29441093184514],[-85.57863492457902,38.29452910410872],[-85.57844295877969,38.29462363826929],[-85.57835262525846,38.29466826914014],[-85.578099395205,38.29479430204211],[-85.57779767200283,38.294942717303115],[-85.57753955656271,38.29507008791126],[-85.57742503328421,38.29512718348393],[-85.57713790035449,38.295270281102844],[-85.57662032873205,38.295547806359416],[-85.57645041377204,38.29562876344556],[-85.57634126911921,38.29568134669389],[-85.57558240371836,38.296061884370324],[-85.57543147311632,38.29613753073466],[-85.5740377122503,38.296836414681486],[-85.57418459292785,38.297103664536685],[-85.57500065972751,38.29858725062336],[-85.57516546747755,38.29888697949713],[-85.57527475371337,38.299085611192375],[-85.5756351520696,38.29895406904717],[-85.57634421823283,38.29869543565279],[-85.57631804169287,38.29864525057987],[-85.5771786602564,38.2983309180002],[-85.57747459484523,38.298238315962294],[-85.57820456309922,38.2996036713678],[-85.57831633887251,38.299523926741855],[-85.57854123391357,38.29936357150261],[-85.57867266622252,38.29948804636428],[-85.5791040419268,38.29989662171591],[-85.57936612040386,38.30014475080181],[-85.57941013496358,38.30018649918614],[-85.57959763451396,38.30036586369033],[-85.57986239001177,38.30061914079256],[-85.57997050764327,38.30072257060398],[-85.5801342074064,38.30087925477842],[-85.58044578111998,38.301177262965865],[-85.58054811752599,38.30127525034916],[-85.58083687771745,38.301545867606734],[-85.58102579327443,38.301723020868714],[-85.58160624527082,38.30226718988958],[-85.5816704763508,38.30232737967122],[-85.58176164211041,38.30240246427349],[-85.58190191584697,38.302347084139434],[-85.58222657869113,38.3022358570215],[-85.58253285759776,38.30218619164936],[-85.58278153639702,38.302191063086575],[-85.58309529227972,38.3022873752975],[-85.5833808084044,38.30243388996744],[-85.58382877560089,38.30267467447019],[-85.58423651651279,38.3028429460407],[-85.58447181077193,38.30291318129118],[-85.58472077263622,38.30292958745289],[-85.58506750653665,38.30296021647561],[-85.58541906234751,38.302990755683446],[-85.5856676921678,38.302991725299826],[-85.58564542455713,38.302908902939414],[-85.58562097058278,38.302848240791064],[-85.58524198616972,38.301907142494834],[-85.58497033495041,38.301264187333025],[-85.58469814093834,38.30062017204835],[-85.58440996541397,38.29994964224382],[-85.58403693255114,38.29906167545452],[-85.58438830513657,38.298893505711284],[-85.5843905598009,38.29889242682784],[-85.58395677606856,38.2983267692311],[-85.58348691810491,38.297688387061115],[-85.5837874101658,38.297544860452],[-85.58371213268752,38.29743282655405],[-85.58342817818495,38.297009426647115],[-85.58335284279084,38.29689719961722],[-85.5832029010329,38.29667370863953],[-85.5830037111106,38.29637668299251],[-85.5828887080022,38.296189589556306],[-85.58292289250183,38.29607343003158],[-85.58302378531855,38.29573052679748],[-85.58310352885944,38.29545918471115],[-85.5831272604479,38.29537873293091],[-85.58323159428488,38.29502391116263],[-85.58326221224291,38.29491976691867],[-85.58347474043634,38.29471394992976],[-85.58366054724223,38.29453401077091],[-85.58393112483698,38.294583286770624],[-85.58440251808312,38.29466827831739],[-85.58449254395086,38.29467744248498],[-85.58454985314677,38.29442260668408],[-85.58454241724866,38.294229750270894],[-85.58453349942369,38.2940990589637],[-85.58444321955729,38.293823678850835],[-85.58427543542003,38.29356021064532],[-85.58405727632329,38.2936416400027],[-85.58401579502811,38.29358629070004],[-85.58335003274244,38.29269858141762],[-85.58307868887361,38.29231822887814],[-85.58301993640072,38.29234723405258]]]},"properties":{"name":"TEN BROECK","ballot_code":"TBK"}},{"type":"Feature","geometry":{"type":"Polygon","coordinates":[[[-85.6258940146965,38.29128858064941],[-85.62638781453968,38.29105245152836],[-85.62688014588714,38.29081689541454],[-85.62679553559062,38.2907061286628],[-85.62661840310722,38.2904742987976],[-85.6264437688014,38.290245595744885],[-85.62661576646201,38.29015504962871],[-85.62713236817243,38.289884275311174],[-85.62731115235601,38.28978392749753],[-85.62773069562503,38.28954829232751],[-85.62778790980063,38.2895160415899],[-85.62772884548431,38.28945030419053],[-85.62765281158921,38.28935507740822],[-85.62758061311928,38.28926461334842],[-85.62750683261133,38.28917217723145],[-85.62740997980617,38.2890508688149],[-85.62735385246313,38.2889805673522],[-85.62724707689122,38.28884689200924],[-85.62716477490164,38.288743773296204],[-85.62698549852503,38.28851920055934],[-85.62675228933422,38.28822716514042],[-85.62670443800471,38.28816990058316],[-85.62657550947925,38.28800749910867],[-85.62638004680146,38.28776132179805],[-85.62624259765798,38.28758823660298],[-85.62615993309245,38.28748420320912],[-85.62615803397291,38.287379917302175],[-85.62615647491286,38.28729159385793],[-85.62615323813658,38.28711278366013],[-85.62614793793225,38.28681867685973],[-85.62614571088099,38.28669261014747],[-85.62628534908283,38.286615108745934],[-85.62627710222654,38.286549615551124],[-85.62622239018955,38.286111460167525],[-85.6262111943851,38.28602216530346],[-85.6261860353291,38.28582059035762],[-85.62616870155544,38.28568162333509],[-85.62615600257776,38.28557953700624],[-85.62590881242669,38.285301909233446],[-85.62584353690845,38.2852336641619],[-85.62429876683498,38.28610510630754],[-85.62399024376113,38.286274691061415],[-85.62421971304846,38.286567256991475],[-85.62436780523475,38.28675593329553],[-85.62451291534956,38.286940903342476],[-85.62468742430784,38.28716326306503],[-85.62484318838463,38.28736170683658],[-85.62488147561182,38.28741035529178],[-85.62458666255858,38.287586350058774],[-85.62443003460253,38.2876797944315],[-85.62460350860262,38.28790263333553],[-85.62420761082076,38.2881155418197],[-85.62392908722452,38.28807404160465],[-85.62354594247896,38.28828359460187],[-85.62370109668244,38.28848064539212],[-85.62385181028085,38.28867196931197],[-85.6240020363192,38.28886276365273],[-85.62417034245284,38.28907636649543],[-85.62432050866316,38.28926701529129],[-85.62448132823883,38.28947181195797],[-85.62463642383412,38.28967131286581],[-85.62473326715073,38.28979598856404],[-85.62480217126968,38.289884622841875],[-85.62495032902609,38.29007517406656],[-85.62510335679482,38.290272075608335],[-85.62514048804326,38.29031985780658],[-85.62525431646962,38.290466186327144],[-85.62542085903165,38.290680554834545],[-85.62557772425717,38.2908823636218],[-85.62566117864914,38.29098957218281],[-85.6258940146965,38.29128858064941]]]},"properties":{"name":"THORNHILL","ballot_code":"THN"}},{"type":"Feature","geometry":{"type":"Polygon","coordinates":[[[-85.68668820856279,38.200939738031074],[-85.68702818432456,38.20102281061083],[-85.687357080848,38.20109438446816],[-85.6877257601252,38.2011724698545],[-85.68800884569545,38.20109304579774],[-85.68829545241721,38.20102650767404],[-85.68858661767442,38.20097357857512],[-85.68869623704431,38.20096478882314],[-85.68900164019858,38.200934222756445],[-85.68930861709963,38.20091668744076],[-85.68962557554961,38.20091237816232],[-85.68982328312828,38.200922383295165],[-85.68988335769285,38.20092448157508],[-85.69014972207624,38.2009468300978],[-85.69041486028934,38.200979177270725],[-85.69076551352464,38.20104940655854],[-85.69115884397893,38.20108777882153],[-85.6916063638491,38.201096655356906],[-85.69189805315321,38.20107146103915],[-85.69226858868436,38.20104221681645],[-85.6930889888362,38.200903421776665],[-85.69324493475546,38.20086820571687],[-85.69352263550306,38.20057004723831],[-85.693690893583,38.200447474783616],[-85.69424452139467,38.200088816637226],[-85.69429913974818,38.20005379192408],[-85.69506757187577,38.19956445139715],[-85.69544904043701,38.19932148576125],[-85.69573754773016,38.199137806077765],[-85.69641231964813,38.19864278892801],[-85.69575632961055,38.198537050147955],[-85.69576512720484,38.19825698471117],[-85.69577772935087,38.19785686482252],[-85.69526651016723,38.197750276005536],[-85.69514315328297,38.19772449522561],[-85.69497477738398,38.19768931877506],[-85.69378348538878,38.197440662583496],[-85.693086538025,38.19729507826689],[-85.69263258889715,38.19720038129233],[-85.69251958839419,38.19717676692719],[-85.69273372333686,38.196028131588555],[-85.69294394594928,38.194900211467385],[-85.69225545837304,38.19473621576719],[-85.6923047720353,38.194393512893775],[-85.6923069098893,38.19439407794515],[-85.69230801362933,38.19439436949752],[-85.69299510889529,38.19457587011771],[-85.69353006348868,38.19471719553409],[-85.6935943245171,38.19431774434596],[-85.69363521550693,38.194064571843676],[-85.69378926351555,38.193062358909415],[-85.69506235625416,38.193406107748324],[-85.69577306629108,38.1935980365001],[-85.6965091193226,38.19379680000038],[-85.69733118313637,38.194018820697245],[-85.69820417167095,38.194259848663584],[-85.69810047446825,38.194612618320804],[-85.69748273834234,38.19678447868651],[-85.69737305717402,38.19714556257782],[-85.69712065529454,38.1981430717027],[-85.6970407317461,38.19846368423819],[-85.69737359725926,38.198265452583875],[-85.6976765773038,38.198195341935644],[-85.69795448484179,38.19816911657929],[-85.69843063571976,38.198161150667815],[-85.6985923378331,38.19815848121946],[-85.69908103938616,38.19815037398912],[-85.70108527183277,38.19809434079182],[-85.70284249081543,38.19805851389879],[-85.70303890109919,38.19808845023129],[-85.70322340286766,38.1979685626916],[-85.70408972098852,38.197384339644806],[-85.70490951213823,38.196645417311736],[-85.70564134569273,38.19594968119458],[-85.70628171138594,38.195264484048785],[-85.70700922747656,38.19450892481685],[-85.70702923823467,38.194252566899834],[-85.70682397284293,38.19396367301811],[-85.70677758485638,38.19390124755652],[-85.70666904493764,38.193753984531206],[-85.70658232706526,38.19358846040762],[-85.70649070486914,38.19347365822707],[-85.70633236101229,38.19327536350737],[-85.70618735118741,38.193094046917764],[-85.70605883892864,38.19293302526262],[-85.70580016205633,38.19262593432868],[-85.70555312206078,38.19232168433899],[-85.70541432336864,38.19215099425402],[-85.70532574708567,38.19204196210028],[-85.70521957854716,38.1919110467076],[-85.7050159485665,38.191660229718174],[-85.70477803698749,38.19138290616092],[-85.70409631324216,38.19150072942921],[-85.7038319548503,38.19153130191662],[-85.70342180129457,38.19157850067983],[-85.70314635748832,38.19160536517135],[-85.70293025531642,38.19162633867507],[-85.7027313328629,38.19164568338764],[-85.70255148076693,38.19166320914834],[-85.70237985505844,38.19167881437257],[-85.70220378008625,38.191694994171705],[-85.70204403438346,38.19170959462077],[-85.70192785215364,38.19171714354319],[-85.70181477635286,38.19172445395868],[-85.70147372862014,38.19173498831089],[-85.70112835637235,38.19174556854467],[-85.70081082928493,38.1917503408767],[-85.70042659206767,38.191755997993624],[-85.70025308527259,38.19175837757287],[-85.70008122351454,38.19176075669107],[-85.69991320298313,38.191756791638184],[-85.69973373110044,38.19175277282667],[-85.69955395335423,38.19174865720827],[-85.69905569392307,38.191719788166886],[-85.69895279824522,38.19171777246409],[-85.69851563988463,38.19169561002035],[-85.69810329005472,38.19165379222736],[-85.6970329102264,38.191550040042515],[-85.69523207476024,38.19137550497008],[-85.69292849699981,38.19115978411236],[-85.69270943545189,38.191145397764295],[-85.69258790316638,38.19113745350721],[-85.6915451323211,38.191037559930756],[-85.69114320555208,38.19099913679264],[-85.69072178583605,38.190958778940725],[-85.68971294995734,38.19086210808473],[-85.68948756229074,38.19083776039656],[-85.68927045851422,38.190814330119565],[-85.68849372393346,38.19073209510037],[-85.68737123355635,38.19061505517786],[-85.68721033879777,38.19061761420495],[-85.68724537335028,38.190255297600025],[-85.68703105019596,38.18997463333322],[-85.68426837727122,38.18635535346299],[-85.68403137238622,38.186055245848635],[-85.68294598502258,38.18468077968751],[-85.68271438965456,38.184406203268715],[-85.6912295020275,38.17958349096632],[-85.69199264281436,38.179224031817235],[-85.69106902459816,38.178713727439764],[-85.69082166894879,38.17855825497718],[-85.69018644820109,38.17815915358976],[-85.68964108573459,38.17775115156959],[-85.68926251666372,38.177322366194126],[-85.6884297253604,38.17626766916366],[-85.68781803767527,38.17552123169048],[-85.6850155183626,38.17158931229385],[-85.68399391308377,38.1719786342567],[-85.68372026458793,38.172114501665305],[-85.6835350044241,38.17223363746606],[-85.6832443016368,38.172502101780054],[-85.68298536742593,38.17279678648832],[-85.68206660659958,38.173845000048324],[-85.68113989422528,38.17490046163321],[-85.68037828498952,38.175821387349146],[-85.67970116513094,38.176523110190914],[-85.67957480583188,38.17662203333941],[-85.67779761061493,38.1776626787454],[-85.67414654509936,38.17966468588497],[-85.67423409481971,38.17976364389603],[-85.67426694432478,38.17980515846367],[-85.67465825680812,38.18026770432563],[-85.67481029368948,38.180447382600285],[-85.67495064905386,38.18061335032418],[-85.67509581274577,38.18078494570809],[-85.675240853936,38.18095644532471],[-85.67538790467458,38.1811302543216],[-85.67553215722855,38.18130074307372],[-85.67568139833944,38.18147710102578],[-85.67582735563397,38.181649513153374],[-85.67600811489648,38.18186315296415],[-85.67621023712266,38.18209651915004],[-85.67641789619913,38.18233608983051],[-85.67665603957913,38.1826109224724],[-85.6769253986699,38.18292197957628],[-85.6770436198095,38.18305836103308],[-85.67716743953126,38.183201285088735],[-85.67723253987182,38.18328094699677],[-85.6772933809905,38.183355365279375],[-85.67748590029191,38.183574682495774],[-85.67755514399899,38.183652904298974],[-85.67771602580589,38.18383450766737],[-85.67779798797368,38.18392711304471],[-85.67790757456811,38.18405084315141],[-85.67628369561592,38.18502068664703],[-85.67540771702795,38.18550565506785],[-85.67425781345167,38.18613891507613],[-85.6740378956736,38.186263255245585],[-85.67569300707387,38.18814498038882],[-85.67478370647713,38.188649058636734],[-85.6738198334588,38.18918752177071],[-85.67356482125872,38.18930722176424],[-85.67329539323887,38.189405420041396],[-85.67301483809153,38.18948134921548],[-85.67272571892231,38.18953385763802],[-85.67262249252471,38.1895600895364],[-85.67282127883968,38.1897306177839],[-85.67301131440185,38.18988075277477],[-85.67439821348341,38.19107856574324],[-85.67454965211346,38.19120814305585],[-85.67472063107775,38.1913542249153],[-85.67490640196235,38.19151305656948],[-85.67507926868922,38.191660966268735],[-85.67525688340818,38.191812869117534],[-85.67543541260352,38.19196544529603],[-85.67561272536686,38.19211710684705],[-85.67582382208182,38.19229754115399],[-85.67590636136676,38.19236817507801],[-85.67597657834686,38.19233307212254],[-85.67621372817776,38.19253631302457],[-85.6763641392247,38.19266535844716],[-85.67651674083234,38.19279628085924],[-85.67666130845429,38.192920129959745],[-85.67681951170131,38.1930558630332],[-85.67697534186338,38.19318952669311],[-85.67712977319566,38.19332179547667],[-85.67728219500637,38.19345257260988],[-85.67776430366268,38.193926076636195],[-85.67807029188948,38.194206379843095],[-85.67812355286748,38.19425545483262],[-85.67858011236797,38.19463657676891],[-85.67886305235005,38.1948800349231],[-85.67919627700141,38.19515221304426],[-85.68086124050402,38.19651211101349],[-85.6811564896295,38.196769370021215],[-85.68207260261268,38.197529763570735],[-85.6822626654836,38.19769257715387],[-85.68244110093289,38.19784552625814],[-85.68260961464053,38.19798972010374],[-85.68281853029725,38.19812648383085],[-85.68297785066662,38.1982637957071],[-85.68315866361309,38.19841939030139],[-85.68333302369288,38.198569451716786],[-85.68417650056007,38.19939017696274],[-85.68454991798126,38.19967583782658],[-85.68526053482698,38.200219297941416],[-85.68553185269708,38.20042681710487],[-85.68573597006,38.20034956637973],[-85.68605462154233,38.200708419000364],[-85.68624714358648,38.20079607743189],[-85.68644790134768,38.20087066239058],[-85.68668820856279,38.200939738031074]]]},"properties":{"name":"WATTERSON PARK","ballot_code":"WAP"}},{"type":"Feature","geometry":{"type":"Polygon","coordinates":[[[-85.66562852315289,38.21901474372873],[-85.66622321386457,38.21976776570093],[-85.66637700932925,38.21968657137054],[-85.66652311926568,38.219610804239075],[-85.6666684370389,38.219535420179184],[-85.66680747204346,38.219463205623654],[-85.66695498431983,38.21938671726736],[-85.66709694620867,38.21931311062954],[-85.66724317593463,38.21923714987923],[-85.66738623532842,38.21916301389152],[-85.66753642943752,38.2190851328833],[-85.66797505051719,38.218861816293895],[-85.66812091237084,38.218787441697316],[-85.66826921297383,38.218711289196726],[-85.6684173307608,38.21863494357601],[-85.66856496028059,38.21855888574148],[-85.66870716282466,38.218485757537316],[-85.66885832839931,38.21840777910232],[-85.66900248099286,38.21833354639272],[-85.66915291457966,38.21825599954098],[-85.66958420329472,38.21804204828386],[-85.66968841662329,38.21798620152024],[-85.66966835686915,38.21793839614816],[-85.66980198847928,38.21789896504051],[-85.66980994799002,38.21797681211303],[-85.66989843775151,38.21808904325617],[-85.66998899724129,38.218204304777544],[-85.67007018406842,38.2183073472976],[-85.67013670385921,38.21839177310614],[-85.67084287338686,38.21803909878468],[-85.67098342553571,38.217967360526046],[-85.67112982980579,38.21789278975976],[-85.67127751587984,38.217817498891065],[-85.67156434946816,38.21767123647376],[-85.67170996079545,38.21759700141975],[-85.67185715670298,38.217521901403366],[-85.67200386561511,38.21744699278722],[-85.67215508507468,38.2173699714873],[-85.67229703775038,38.21729755955618],[-85.67245203753633,38.217218569943725],[-85.67266972065484,38.21710740616892],[-85.67271941481218,38.21708214851984],[-85.67284971984937,38.21701564225355],[-85.6729635005781,38.216956241815794],[-85.67310386728076,38.216883154854436],[-85.67325374518872,38.2168047374724],[-85.67339673362882,38.21673025716578],[-85.67354630560355,38.216652223924704],[-85.67368898859074,38.21657769531341],[-85.67383520613012,38.21650278409187],[-85.67398514286081,38.21642561635533],[-85.67412215185249,38.21635526675869],[-85.67456067808897,38.21613005063374],[-85.6747366490663,38.21603967595263],[-85.67488426989456,38.21596062978166],[-85.67468140353185,38.21571375213954],[-85.67449016643621,38.21547875900102],[-85.67430325074136,38.21524920023185],[-85.67371799285897,38.214523053058706],[-85.67309787475759,38.2137512029442],[-85.67276515731105,38.21333081287549],[-85.67265334035098,38.213381608422566],[-85.67246037359067,38.21346937324061],[-85.67239184311441,38.21350231090524],[-85.67216131239714,38.21361308110469],[-85.67202230344547,38.213675013029466],[-85.6718393978967,38.21375638839565],[-85.67165984521937,38.21383512135943],[-85.67153297093522,38.21389057017478],[-85.67147546742692,38.21392457235529],[-85.67126588346774,38.21404881695349],[-85.67113556042372,38.21413676543279],[-85.67101090760006,38.21422082267252],[-85.67076704254009,38.21443028937889],[-85.67060620046448,38.21461899268226],[-85.67056784708794,38.21452549881333],[-85.67050141723138,38.21436372969963],[-85.67040363293427,38.214390184804586],[-85.67031633151134,38.21441997776614],[-85.66979252732133,38.214562981107235],[-85.6698416020547,38.214708473694415],[-85.66985611710645,38.21475392920525],[-85.6698870296949,38.2148517447036],[-85.66993373223109,38.214998950174106],[-85.66997697389598,38.21513543087207],[-85.67002045957824,38.215272393731226],[-85.67006546364084,38.215414116501975],[-85.6701047582295,38.2155377574953],[-85.67012419288314,38.21559931295772],[-85.66997041265556,38.215733833266],[-85.66973973862358,38.21585527234086],[-85.66962235844626,38.21591692777576],[-85.66954918517237,38.21595558265817],[-85.66941473141097,38.21602621701827],[-85.66922454380797,38.216126382903106],[-85.66911850460967,38.21618208298087],[-85.66903484373621,38.21622616410066],[-85.66898283057509,38.2162535818407],[-85.66881886245461,38.21633962975838],[-85.6686852012877,38.216407907799166],[-85.66854465101962,38.21647964245746],[-85.66840220796358,38.216552626183415],[-85.66828921863717,38.21661029293325],[-85.66810330144895,38.216703151310924],[-85.66795476185013,38.2167789674165],[-85.6678110989658,38.216852093734005],[-85.66765877798053,38.21692963759436],[-85.66759847146616,38.21696041495834],[-85.66751176185511,38.217004588371346],[-85.6673673060954,38.21707824246028],[-85.66722181268281,38.21715228035806],[-85.66717040942358,38.217178448081505],[-85.66707473519597,38.217227182793756],[-85.66692802192453,38.21730189249422],[-85.66675667382472,38.217389134237926],[-85.66663874228657,38.21744924745105],[-85.6665461765371,38.217496396420586],[-85.66649312613845,38.21752347626535],[-85.66634147082434,38.21760169190879],[-85.6662006100381,38.21767433802272],[-85.66612950842277,38.217710828120126],[-85.66605413844573,38.217749863979016],[-85.66590602004445,38.21782615800702],[-85.66576210862335,38.21790034027646],[-85.66570722693929,38.21792847619638],[-85.66561880713151,38.21797418494225],[-85.66547574865385,38.21804798275655],[-85.6653286648564,38.21812427679549],[-85.66524548853012,38.21816715277184],[-85.66518097206222,38.218200570213476],[-85.6650357778185,38.2182757597549],[-85.66562852315289,38.21901474372873]]]},"properties":{"name":"WELLINGTON","ballot_code":"WEL"}},{"type":"Feature","geometry":{"type":"Polygon","coordinates":[[[-85.65604572331907,38.19239195026245],[-85.65587961760362,38.192416098474354],[-85.65579936794455,38.19242771838336],[-85.65569303886704,38.192443211444676],[-85.65584521624837,38.19263935730208],[-85.65596862309144,38.192799948427755],[-85.65608162915834,38.19294711657889],[-85.65607461183028,38.193051685969856],[-85.65622373748998,38.193205806631674],[-85.6563547857556,38.19334673876684],[-85.65649307216411,38.19349868635607],[-85.6565467413339,38.19354993464092],[-85.65659543927616,38.19362959473749],[-85.65689401471961,38.193926631167734],[-85.65720124936583,38.1942193462455],[-85.65724407826475,38.194268085498074],[-85.65732451218403,38.1943536841482],[-85.65747571597036,38.194506265941754],[-85.65762752929898,38.19465942463351],[-85.65792690322179,38.1949581897582],[-85.65804927298592,38.19507742859588],[-85.65836812653514,38.195392171131125],[-85.65860014802062,38.19562126239141],[-85.65872519477122,38.195746127342225],[-85.65887245179368,38.19589231004615],[-85.6590959587238,38.196112834508455],[-85.65939838836532,38.19641332979863],[-85.65952617488037,38.196540600665855],[-85.65983610060825,38.1968422537777],[-85.6601424995268,38.19714048959065],[-85.66025938378596,38.19726727113641],[-85.66032107680222,38.19733881361503],[-85.66092506302263,38.19792416891422],[-85.66115612772985,38.198152292033974],[-85.66119075291446,38.198186647743796],[-85.66133104200927,38.19830974277532],[-85.66137156226569,38.19835713269395],[-85.66243474195697,38.199588544642296],[-85.66265349695834,38.19987762159435],[-85.66303760362234,38.20043381073866],[-85.66429432793858,38.20226337174124],[-85.66445612826168,38.20255163442237],[-85.6646037067489,38.202758198348555],[-85.6652394088692,38.20243209368935],[-85.66592174385814,38.202082170973156],[-85.66738370414248,38.20137771642637],[-85.66762579224708,38.201255953386294],[-85.66781832025315,38.20115622468558],[-85.66805711848845,38.20103258355077],[-85.66848963826327,38.20077449766275],[-85.67256436182637,38.1986698692415],[-85.67429969849633,38.19778188943059],[-85.67517213739681,38.19733366106349],[-85.67694894367773,38.19640234692407],[-85.67815344597753,38.19577525011229],[-85.67883438428,38.19541770225636],[-85.67919627700141,38.19515221304426],[-85.67886305235005,38.1948800349231],[-85.67858011236797,38.19463657676891],[-85.67812355286748,38.19425545483262],[-85.67807029188948,38.194206379843095],[-85.67776430366268,38.193926076636195],[-85.67728219500637,38.19345257260988],[-85.67712977319566,38.19332179547667],[-85.67697534186338,38.19318952669311],[-85.67681951170131,38.1930558630332],[-85.67666130845429,38.192920129959745],[-85.67651674083234,38.19279628085924],[-85.6763641392247,38.19266535844716],[-85.67621372817776,38.19253631302457],[-85.67597657834686,38.19233307212254],[-85.67590636136676,38.19236817507801],[-85.67582382208182,38.19229754115399],[-85.67561272536686,38.19211710684705],[-85.67543541260352,38.19196544529603],[-85.67525688340818,38.191812869117534],[-85.67507926868922,38.191660966268735],[-85.67490640196235,38.19151305656948],[-85.67472063107775,38.1913542249153],[-85.67454965211346,38.19120814305585],[-85.67439821348341,38.19107856574324],[-85.67301131440185,38.18988075277477],[-85.67282127883968,38.1897306177839],[-85.67262249252471,38.1895600895364],[-85.67272571892231,38.18953385763802],[-85.67301483809153,38.18948134921548],[-85.67329539323887,38.189405420041396],[-85.67356482125872,38.18930722176424],[-85.6738198334588,38.18918752177071],[-85.67478370647713,38.188649058636734],[-85.67569300707387,38.18814498038882],[-85.6740378956736,38.186263255245585],[-85.67362128197857,38.18649886721005],[-85.67211636430797,38.187325760504265],[-85.67174848604773,38.187563005239845],[-85.6709518492424,38.18809948797953],[-85.6712060266342,38.19014424690146],[-85.66860411134584,38.190532658872215],[-85.66772244519706,38.1906603273879],[-85.66647901269509,38.19085451806055],[-85.66636232925786,38.19087111979957],[-85.6662361415525,38.19088915714845],[-85.66596847202474,38.1909272874059],[-85.66582101857931,38.19094833826772],[-85.66570604179677,38.19096469911312],[-85.66559155247528,38.190981013344114],[-85.665474015705,38.19099775775275],[-85.66522334528655,38.19103349467789],[-85.66498467816338,38.19106750803244],[-85.66487146732663,38.19108362967697],[-85.6645014927906,38.19113634804958],[-85.6643665900943,38.19115562675016],[-85.66425295306085,38.19117184389779],[-85.66282083000458,38.19136508967617],[-85.66149240536072,38.19154435681255],[-85.66096833255324,38.19161536366459],[-85.66027035447259,38.191714170112085],[-85.66017587760005,38.19175366910099],[-85.66007749880332,38.191794894914345],[-85.65964249859397,38.19185952073565],[-85.65948419539873,38.19188310335212],[-85.65917532466996,38.191928975589555],[-85.65910202247005,38.191939881397666],[-85.65894201199238,38.19196365478374],[-85.65886261585047,38.191975469336754],[-85.65862887670208,38.192010435895455],[-85.65855209971886,38.192021916200936],[-85.65839550162374,38.19204530586994],[-85.65823981683285,38.19206860053711],[-85.65808888414816,38.19209122566658],[-85.65792058663361,38.19211638503299],[-85.65783296446462,38.19212944213741],[-85.65775405543118,38.19214125722645],[-85.65767770525709,38.19215264089293],[-85.65736804059473,38.19219894025494],[-85.65720882121052,38.19222275966617],[-85.65713119238788,38.19223404557218],[-85.65704935820817,38.19224595339653],[-85.65689135895215,38.192268907504626],[-85.65676845569152,38.19228679317728],[-85.65604572331907,38.19239195026245]]]},"properties":{"name":"WEST BUECHEL","ballot_code":"WBU"}},{"type":"Feature","geometry":{"type":"Polygon","coordinates":[[[-85.58039420332925,38.27769516327],[-85.58053499385879,38.27797840887587],[-85.58064578042018,38.27820723351866],[-85.58075174127966,38.27841258765337],[-85.58088399499312,38.278669232587895],[-85.5809624498823,38.27882127573461],[-85.58112415622563,38.279134936799124],[-85.58123852994942,38.27937006357306],[-85.58144504508775,38.279748166401305],[-85.58160876206655,38.28006505047665],[-85.58171981920015,38.28028435399691],[-85.58183785400789,38.28052054392876],[-85.58196184023592,38.28076861761068],[-85.58204207711836,38.28091657575652],[-85.58218148670721,38.281195874597685],[-85.58229126600862,38.28141565680076],[-85.58241185408869,38.28165704187387],[-85.58251228463028,38.28185791496293],[-85.58253262632664,38.281898715370644],[-85.58258684862986,38.28200745123805],[-85.58271703316133,38.28226788931837],[-85.58279062585832,38.282415164489024],[-85.58284867434648,38.282531550189624],[-85.58294485745213,38.282723907380834],[-85.58311767011753,38.28306993774855],[-85.58321257897421,38.28325979275591],[-85.5833206540346,38.28348077423035],[-85.58338304854867,38.28361798401017],[-85.58486223747816,38.28288953869528],[-85.58438838232354,38.28214326171561],[-85.58473498627345,38.28197133288417],[-85.58516420854122,38.28175841040062],[-85.58562038258685,38.28233926687581],[-85.58567889594374,38.28241377564136],[-85.5857222698129,38.282465953128245],[-85.5867275622906,38.281970827982605],[-85.58813261642504,38.28127887555736],[-85.58806858203991,38.28119032181202],[-85.58782151081682,38.28076467345581],[-85.58773946875196,38.28062777503672],[-85.58756858070717,38.280342381541566],[-85.58742121043662,38.28009639704983],[-85.58728727185098,38.279872787924624],[-85.58719975764811,38.279728862259624],[-85.58706249967774,38.27948995914312],[-85.58695061195134,38.279308209317854],[-85.58683458861822,38.27912121194046],[-85.58672160417208,38.27893921981196],[-85.58660837801136,38.278756698372895],[-85.58649205242472,38.27856917225232],[-85.5863855150982,38.278396275674865],[-85.58628007153624,38.278225159884535],[-85.58616411497465,38.2780369122581],[-85.5860212369953,38.27780511574754],[-85.58598252416691,38.27774222252375],[-85.58593184278784,38.277658734055876],[-85.58579189031204,38.27742828731749],[-85.5856906065421,38.27725299359905],[-85.58552399256442,38.27697231476012],[-85.5854880197,38.27691168475282],[-85.58533307379379,38.276650589610774],[-85.5850933655235,38.27624682121708],[-85.58486775594422,38.275866727361574],[-85.58087739035503,38.277403291047165],[-85.58079282191001,38.277258451162815],[-85.58032828394356,38.27742481381627],[-85.58035521958926,38.27748769292706],[-85.5803201964654,38.27754625147128],[-85.58039420332925,38.27769516327]]]},"properties":{"name":"WESTWOOD","ballot_code":"WES"}},{"type":"Feature","geometry":{"type":"Polygon","coordinates":[[[-85.57469436948935,38.24771297771292],[-85.57436901004992,38.24634697847908],[-85.57339557553873,38.246259610542744],[-85.57306776641596,38.24622988830435],[-85.57283729942733,38.246209831378934],[-85.57249363621473,38.246181382096296],[-85.57255322098426,38.246931757850675],[-85.57228554066744,38.24694491470819],[-85.57229305204457,38.24699045781321],[-85.57232791444792,38.24714652943202],[-85.57237622814354,38.2473628170711],[-85.572439055816,38.24765307364967],[-85.57215577990615,38.24768582341554],[-85.57162954539332,38.247743688392966],[-85.57174446217809,38.24799882961736],[-85.57180522576787,38.24813383357174],[-85.57186016786837,38.24825594229729],[-85.5719532700017,38.24845604684303],[-85.57198353583472,38.24852109662532],[-85.57208895190858,38.24874785554497],[-85.5721888498739,38.24896253770921],[-85.5722255445857,38.24904144392816],[-85.57228650432661,38.2491716403669],[-85.57234194466409,38.24929009618748],[-85.572391619329,38.24937243466736],[-85.57249663006776,38.24959111545493],[-85.57259326480293,38.249794542047404],[-85.57268971670901,38.24999772771834],[-85.57278774879458,38.25020394468965],[-85.57289300745018,38.25042171186874],[-85.57292576328246,38.25049152486556],[-85.57298436061795,38.250616427820916],[-85.5730868750684,38.25083510426813],[-85.57317404399573,38.251020870873916],[-85.57319764060381,38.25107124541832],[-85.573349413439,38.25139490556263],[-85.5734038869839,38.251511051105645],[-85.57344440859492,38.25159746307961],[-85.57372848550813,38.25151634345364],[-85.57382549564343,38.25148860142619],[-85.57401195157233,38.25143526998727],[-85.57420963440315,38.25137878085276],[-85.57446961009828,38.25130445110983],[-85.57469114710433,38.251241217732854],[-85.57476393478855,38.25122026651816],[-85.57503061744758,38.25114532020665],[-85.57522384243369,38.25109093913754],[-85.5754490972768,38.2510276134278],[-85.57589480123663,38.25089624253507],[-85.57600322046268,38.25086495851779],[-85.57611005265177,38.250834151379365],[-85.57670443489805,38.25066241750533],[-85.57700442893409,38.25057645624108],[-85.5771399974253,38.25053761397735],[-85.57739783726731,38.250461446626566],[-85.57771789828425,38.250371908079295],[-85.5781423479647,38.250252325558044],[-85.57840695027264,38.25017775331595],[-85.57834293402273,38.24994129921378],[-85.5781873704746,38.249614371183505],[-85.57807270085114,38.249373372782635],[-85.57797635432051,38.24917091240455],[-85.57787533644277,38.248958781448806],[-85.57772529815344,38.248643303838776],[-85.57757441188903,38.248326045377354],[-85.57750839335858,38.24832128489795],[-85.57704303943079,38.24828666111884],[-85.57669752933633,38.24826096209859],[-85.57652245880723,38.248248012863456],[-85.57638728032363,38.24823795902328],[-85.57619357499738,38.24822352601],[-85.57599414951743,38.248280536686856],[-85.57579169879939,38.248338359744196],[-85.57569550770407,38.24836580819171],[-85.57542089975377,38.24844427701664],[-85.57516924323176,38.24851621922565],[-85.57510920739752,38.248533291996225],[-85.57491449845361,38.24858896449052],[-85.57489657672448,38.248594063533396],[-85.57478071343363,38.248100960719775],[-85.57476455357731,38.24803214310032],[-85.57469436948935,38.24771297771292]]]},"properties":{"name":"WILDWOOD","ballot_code":"WLW"}},{"type":"Feature","geometry":{"type":"Polygon","coordinates":[[[-85.62754978883648,38.270172149079656],[-85.62823198159283,38.27095829749811],[-85.6288495296257,38.27163587028597],[-85.62888360052331,38.271673057745716],[-85.62883141352944,38.27170234206938],[-85.6303805207664,38.27332136006683],[-85.6315757753534,38.27461372552254],[-85.63215115193043,38.275235971915585],[-85.63322861429111,38.27538070360044],[-85.63378178831918,38.276029577366046],[-85.63416789423448,38.27648251369908],[-85.63436326659533,38.27671166801975],[-85.63454478255335,38.27692458595679],[-85.6346693173395,38.277070711930335],[-85.63530295245017,38.27781390150339],[-85.63508296112029,38.27793375973465],[-85.63504498776537,38.27795444744868],[-85.63604521403154,38.27868451811789],[-85.63656783357848,38.279294986289926],[-85.63661306345085,38.27927011021844],[-85.63729141868744,38.27889698498479],[-85.6382360747213,38.2781653731477],[-85.64072833256638,38.276612388447255],[-85.64262042825666,38.275574916247564],[-85.64373665331885,38.27496663498031],[-85.64522505893709,38.27416296017182],[-85.64913482320847,38.27223954070081],[-85.65186962120282,38.270861774405674],[-85.65277667438426,38.27044610601889],[-85.65376231813457,38.26999622590846],[-85.65449971967685,38.269637464448955],[-85.6538714617264,38.26881451261833],[-85.65388549134268,38.268807906508115],[-85.6535574281097,38.2684018745737],[-85.6534862019147,38.26844326038189],[-85.6528806364678,38.26879903451595],[-85.65229523825403,38.26888004491166],[-85.65212219748787,38.26891388682008],[-85.65162322769322,38.26921527904524],[-85.65150207249859,38.269288451023954],[-85.65136841010434,38.26918011451576],[-85.65126643982326,38.26911384817951],[-85.65113507025292,38.26905250794209],[-85.65098375145155,38.269000196444],[-85.65078073083271,38.268960209714756],[-85.65026145793445,38.26889990677475],[-85.65008106083532,38.26887421621332],[-85.64986707314122,38.268858930908245],[-85.64918724432265,38.26878613886001],[-85.6490521214015,38.268770926427905],[-85.64890145718971,38.26874689374914],[-85.64860478983316,38.268668649866896],[-85.6484095157705,38.268570995667105],[-85.64829367340154,38.26846242409051],[-85.64822898049626,38.26839426540993],[-85.64661777165871,38.266461824243436],[-85.64579435292798,38.265483740781015],[-85.64546330855428,38.265075925585506],[-85.64485924510056,38.26434084231589],[-85.64476382133397,38.26422435507394],[-85.64454675052944,38.263959367687754],[-85.64453975432194,38.263962877880864],[-85.64399132090196,38.26423790262388],[-85.64376338289783,38.26435226095425],[-85.63891782725868,38.266706178905274],[-85.63860493482217,38.26694008336654],[-85.6385973634024,38.26694574684572],[-85.63859613453133,38.26694449786783],[-85.63541905603459,38.26374746702726],[-85.63541550677235,38.26374965291185],[-85.63539589146494,38.26376173104279],[-85.6350529891245,38.2639728805769],[-85.6346743264684,38.26420600369465],[-85.63445129721072,38.264340556404086],[-85.6342200853347,38.26448009738012],[-85.6339769792624,38.26462672936842],[-85.63388921834849,38.26466810614771],[-85.63379249372191,38.264676204508255],[-85.63370458314802,38.26468419702865],[-85.63368025310422,38.264627154402234],[-85.63342287169098,38.26468427218289],[-85.63313921564259,38.26471938557737],[-85.63313978977062,38.264772328042675],[-85.63275118617703,38.26476114039731],[-85.63239862888896,38.264696483199835],[-85.63207407092969,38.264607206331725],[-85.63087751715682,38.264213014399985],[-85.63061148317593,38.2641245014405],[-85.63038462767355,38.264052432065746],[-85.63014676571527,38.263976972529015],[-85.62986120790416,38.2638862839212],[-85.62958298584502,38.2638033196648],[-85.62935768057643,38.263735520416844],[-85.62909854697054,38.26369189214754],[-85.62880233078717,38.2636673255918],[-85.62850609452258,38.26366472806178],[-85.62815284096135,38.263714725622634],[-85.62789471328799,38.26378153661845],[-85.6276227752707,38.26388069327348],[-85.62750164995529,38.263933699996784],[-85.6272470886263,38.264059342021596],[-85.62711769489958,38.26412411795818],[-85.62682742413477,38.264269661930605],[-85.62644524799806,38.26445954167696],[-85.62612564762591,38.26461993256647],[-85.6255567434233,38.26490521146806],[-85.62517287204973,38.26509759625662],[-85.62471265157667,38.26532846706918],[-85.62483041755416,38.26568419212762],[-85.62498044274295,38.26601884444773],[-85.62506356423528,38.266200668231534],[-85.62514714836311,38.266383515018134],[-85.62529764132256,38.26669671023218],[-85.62539342472519,38.26688010033078],[-85.62549375464398,38.267073563286665],[-85.62558559069984,38.26725562645604],[-85.62568575829533,38.26744025159807],[-85.6257904219982,38.26763237639935],[-85.62589032236865,38.26780327323107],[-85.6259929282739,38.26797885776432],[-85.62620088502439,38.26831394647964],[-85.62627534573558,38.268428842785795],[-85.62635588767247,38.26856606832468],[-85.62644821426645,38.26868161294003],[-85.62654680923742,38.26882926229403],[-85.62664356956148,38.26897196431267],[-85.62669239213741,38.269043650905566],[-85.62754978883648,38.270172149079656]]]},"properties":{"name":"WINDY HILLS","ballot_code":"WDH"}},{"type":"Feature","geometry":{"type":"Polygon","coordinates":[[[-85.52808165828412,38.242960692846],[-85.52808724888794,38.243153643462584],[-85.52815264770456,38.24317571442849],[-85.52815594394012,38.24333551884025],[-85.52823322902924,38.243342256047164],[-85.52827387196217,38.24334580361708],[-85.5286869265507,38.24338196035417],[-85.52880245379077,38.24339210947412],[-85.52895705144311,38.243405647912766],[-85.52902543844625,38.243411634596704],[-85.52923655681232,38.24343009474795],[-85.52940897949014,38.24344519117826],[-85.52957211239392,38.24345945558281],[-85.52966728081995,38.24346777121504],[-85.52964471632625,38.24422468221459],[-85.52974995475624,38.24422010935027],[-85.5298434616722,38.2442277595377],[-85.52986206774403,38.24262149069376],[-85.53040647960131,38.24267063616037],[-85.53045390598132,38.242674507304],[-85.5305036771143,38.24267857558398],[-85.53070425591577,38.2426948611742],[-85.53089849261269,38.24271063374626],[-85.53113343433763,38.24272977611427],[-85.53116740784779,38.24273252741901],[-85.53132905322859,38.24274564513661],[-85.53140337436356,38.24275169547187],[-85.53167483663952,38.242773858479794],[-85.5320506735287,38.242804320914246],[-85.53195182061683,38.242584984271105],[-85.53185079484464,38.24236084770315],[-85.53180339345357,38.24225572523068],[-85.53177412026982,38.24219082629342],[-85.53164026445248,38.241872794644586],[-85.53400571068815,38.241248641931115],[-85.53391013493939,38.24099778453552],[-85.53380588333641,38.24074156668263],[-85.53377600682363,38.240668161125086],[-85.53364700782389,38.2403568472618],[-85.5335471005113,38.24013429523987],[-85.53346832939614,38.23994403806827],[-85.53344048705215,38.239876802320104],[-85.53342623498496,38.239843447819496],[-85.53339836622145,38.23977822836576],[-85.53334969552772,38.23966443504919],[-85.53332595531171,38.2396089265041],[-85.53325182641183,38.23943543827169],[-85.53321199637439,38.23934233097233],[-85.53318010454191,38.23926784579119],[-85.53310507016859,38.2390921286092],[-85.53304015293844,38.23894035139122],[-85.53288168543219,38.238562499523454],[-85.53282159690889,38.2384071361787],[-85.53278675761437,38.238323719618066],[-85.53274717813493,38.238228948511946],[-85.53272420224543,38.238172551974664],[-85.53267654330642,38.238068098668116],[-85.53266628422438,38.2380456197115],[-85.53254162624664,38.23777256096681],[-85.53251659338221,38.23771769764444],[-85.53247246703307,38.23762098820788],[-85.53240840261867,38.237480690417556],[-85.53220590733423,38.23703698436361],[-85.53181717914438,38.23613292508798],[-85.53174016865337,38.2359562851478],[-85.53166770993876,38.23579024798161],[-85.53159003964159,38.23561216336366],[-85.53155596640894,38.23553403464068],[-85.53151576551005,38.235441847662],[-85.53148763768262,38.23537729570835],[-85.53144375673213,38.235276576983026],[-85.53129612037125,38.23493793091465],[-85.53080128027315,38.235093274790465],[-85.53072390648877,38.23511607356781],[-85.5305934500883,38.23515451371193],[-85.5302935249879,38.235249641334015],[-85.53015230368555,38.23529444703398],[-85.53022518239649,38.23546656744552],[-85.52361292576555,38.23721516138559],[-85.52370165554609,38.23743557889499],[-85.52631362034255,38.2433439459377],[-85.52714747776717,38.243112653024966],[-85.5280531493289,38.2428577810341],[-85.52808165828412,38.242960692846]]]},"properties":{"name":"WOODLAND HILLS","ballot_code":"WLH"}},{"type":"Feature","geometry":{"type":"Polygon","coordinates":[[[-85.62463328352707,38.26520701993888],[-85.62471265157667,38.26532846706918],[-85.62517287204973,38.26509759625662],[-85.6255567434233,38.26490521146806],[-85.62612564762591,38.26461993256647],[-85.62644524799806,38.26445954167696],[-85.62682742413477,38.264269661930605],[-85.62711769489958,38.26412411795818],[-85.6272470886263,38.264059342021596],[-85.62750164995529,38.263933699996784],[-85.6276227752707,38.26388069327348],[-85.62789471328799,38.26378153661845],[-85.62815284096135,38.263714725622634],[-85.62850609452258,38.26366472806178],[-85.62880233078717,38.2636673255918],[-85.62909854697054,38.26369189214754],[-85.62935768057643,38.263735520416844],[-85.62958298584502,38.2638033196648],[-85.62986120790416,38.2638862839212],[-85.63014676571527,38.263976972529015],[-85.63038462767355,38.264052432065746],[-85.63061148317593,38.2641245014405],[-85.63087751715682,38.264213014399985],[-85.63207407092969,38.264607206331725],[-85.63239862888896,38.264696483199835],[-85.63275118617703,38.26476114039731],[-85.63313978977062,38.264772328042675],[-85.63313921564259,38.26471938557737],[-85.63342287169098,38.26468427218289],[-85.63368025310422,38.264627154402234],[-85.63370458314802,38.26468419702865],[-85.63379249372191,38.264676204508255],[-85.63388921834849,38.26466810614771],[-85.6339769792624,38.26462672936842],[-85.6342200853347,38.26448009738012],[-85.63445129721072,38.264340556404086],[-85.6346743264684,38.26420600369465],[-85.6350529891245,38.2639728805769],[-85.63539589146494,38.26376173104279],[-85.63541550677235,38.26374965291185],[-85.63541905603459,38.26374746702726],[-85.6353571868021,38.263685206093086],[-85.63691872904896,38.26275104121874],[-85.6373168062956,38.262515019236254],[-85.63766348294557,38.262309390406635],[-85.63887642794808,38.26159389209339],[-85.63918899708379,38.26140951900289],[-85.63913509503263,38.26132873750988],[-85.63911201128714,38.26129414532246],[-85.63763451432364,38.26219198555582],[-85.63738792956137,38.262326566549056],[-85.63710517880308,38.262006717541226],[-85.6368536902437,38.26172228544206],[-85.63675512221587,38.26161076911663],[-85.63645201460506,38.26126781831953],[-85.63614685426944,38.26092257180304],[-85.63609657295761,38.260865838900564],[-85.63636572843191,38.260670749705625],[-85.6370078352042,38.260284047170174],[-85.63696865432912,38.26023868267338],[-85.63681126301707,38.26005637611208],[-85.63668698804288,38.25991255473896],[-85.63654607103678,38.25974927735155],[-85.63642179837713,38.259605368295794],[-85.63629373827719,38.259457043482996],[-85.63616724123435,38.25931058680907],[-85.6360320557925,38.25915393451696],[-85.6359042778248,38.2590059509961],[-85.63578039666073,38.25886246415952],[-85.63565618056734,38.25871863990575],[-85.63560528557025,38.25866097007042],[-85.63554320548019,38.25859073186794],[-85.63535191889152,38.258374154150104],[-85.63491911757475,38.25788426343978],[-85.63461456301107,38.257894911736415],[-85.63426660546688,38.25790710339998],[-85.63398543774315,38.25791721435138],[-85.63380950732261,38.2579294272169],[-85.63357782135563,38.25794581678132],[-85.63336263687792,38.25796020941875],[-85.63314256492437,38.25797483108806],[-85.63297901562568,38.25798569269687],[-85.63285864977638,38.258003681949575],[-85.63264603774338,38.25803554988005],[-85.63242326300133,38.258068824537446],[-85.63219648436795,38.2581027551913],[-85.63212561048331,38.25811337087041],[-85.63193276804202,38.25815495780437],[-85.63170844060006,38.25820335662466],[-85.63132334170479,38.25828592306138],[-85.63107618507729,38.25835037985997],[-85.63084923041818,38.258409534532],[-85.63059291777827,38.25847633079616],[-85.62996620642981,38.25864010426782],[-85.62990601888791,38.25866888011979],[-85.62964797150835,38.25873612395324],[-85.62921160311186,38.2588498413919],[-85.62877175595561,38.258964458216276],[-85.6283165725545,38.25908217134201],[-85.62800489854614,38.25916274555194],[-85.62780527444727,38.259214362622544],[-85.62762163233788,38.25926184157318],[-85.62740689869912,38.25931741286078],[-85.62715837453932,38.259381705084984],[-85.62700620331715,38.259424609149725],[-85.62681251569214,38.25947924350962],[-85.6266004248012,38.25953624049404],[-85.62641719058851,38.25958551630674],[-85.62622412950623,38.259636023076496],[-85.62605997665993,38.25966998942193],[-85.62581315411184,38.259743592881165],[-85.62561494795723,38.25979544829513],[-85.62542085692466,38.259846222957115],[-85.62521766937037,38.259899421192664],[-85.62501951608591,38.25995127296093],[-85.62476688482397,38.260017326197804],[-85.62381094044758,38.26026750280043],[-85.62423022618948,38.26075982414627],[-85.62534638183982,38.26205858915985],[-85.62463246254347,38.26241401345022],[-85.62428502955323,38.262588564527604],[-85.6239261876801,38.26276889376723],[-85.62410526471658,38.26341980738887],[-85.6243937117468,38.26446627574486],[-85.62463328352707,38.26520701993888]]]},"properties":{"name":"WOODLAWN PARK","ballot_code":"WLP"}},{"type":"Feature","geometry":{"type":"Polygon","coordinates":[[[-85.52235453222566,38.308846724896895],[-85.52236474894484,38.30885883701605],[-85.52271824737046,38.30927793900804],[-85.52293347163088,38.30955158493542],[-85.52304609921711,38.309694787933154],[-85.52327706907853,38.3099883688368],[-85.52339948318503,38.3101439457635],[-85.52356158903926,38.310350034218146],[-85.5236687293404,38.31049250533806],[-85.52378917905376,38.31065269452019],[-85.52391614063191,38.310818665648675],[-85.52403933477181,38.31097953280245],[-85.52416465685427,38.31114319229903],[-85.52429016111988,38.311307284454216],[-85.5243572593472,38.311394868753446],[-85.52441390309971,38.31146901804272],[-85.52454038616875,38.31163272797647],[-85.52466583651339,38.31179518529091],[-85.52478514829076,38.31194974572949],[-85.52485110297914,38.31203176062249],[-85.52490612096203,38.312100174764346],[-85.52501503698583,38.3122421182006],[-85.52512905931765,38.31239070667605],[-85.52523846284595,38.312533180573205],[-85.52540408778358,38.312749224839514],[-85.52551142574059,38.3128891944314],[-85.52568504914997,38.31312458138183],[-85.52579919878447,38.31327206395043],[-85.52591177015977,38.31341752350013],[-85.52601886974604,38.31355604973856],[-85.52613800587646,38.313710079534935],[-85.52625003047478,38.313854912453145],[-85.52630431070315,38.31392501828257],[-85.52636448766332,38.31400277972372],[-85.526476937923,38.314148190721085],[-85.5266259827362,38.314340787254025],[-85.52671047105301,38.31445066342909],[-85.52681989513678,38.31458875992226],[-85.52686871059751,38.31465015296805],[-85.52693059627642,38.31472820472196],[-85.52704275554801,38.31486962432068],[-85.52708646569899,38.31492456501657],[-85.52736818230564,38.31485403387044],[-85.5274996669303,38.31482125055538],[-85.5276336463291,38.314790443041396],[-85.52776677054372,38.31475992207315],[-85.52784255353161,38.31474251566318],[-85.52793299269396,38.31472177075946],[-85.52804298415036,38.3146928890706],[-85.52820262672758,38.314650782521426],[-85.52840978371965,38.31459636047006],[-85.52850084187999,38.31457234676772],[-85.52861785636715,38.31454155506477],[-85.52882464524573,38.31448727575012],[-85.52892718601318,38.314460301939384],[-85.52903009162357,38.314433281871416],[-85.5291508911209,38.31440158224515],[-85.52924066692049,38.314377950285206],[-85.52936867292465,38.31434424485395],[-85.52944244787732,38.314325055217324],[-85.52963644288391,38.31428382785141],[-85.52994387307997,38.31420415509589],[-85.53014846034996,38.314150879335195],[-85.53045526760346,38.31407533942458],[-85.53066357521958,38.31402279042383],[-85.53086553126805,38.31397147891408],[-85.53106907449026,38.31392007449336],[-85.53129081672041,38.31386389499371],[-85.53149807884854,38.313813746310444],[-85.53159126650509,38.31379127296976],[-85.53172683518785,38.31375854114036],[-85.53190905743907,38.31371459543516],[-85.53197354739615,38.31369798274199],[-85.53221654382567,38.31363515833231],[-85.53236781369708,38.31359610749108],[-85.53242735629836,38.31358078371961],[-85.5321036483794,38.31316257434871],[-85.53196244451169,38.31297672914433],[-85.53170696445763,38.312640859793525],[-85.53138426030978,38.31221625527306],[-85.5310613521179,38.31177963084315],[-85.53101114922157,38.311712082561584],[-85.53092429828345,38.311595426296776],[-85.53077259619934,38.31139167551655],[-85.53065802921066,38.311238379501454],[-85.53049483954001,38.31101994239896],[-85.53040183509272,38.31090058229807],[-85.52916836987049,38.30927533851816],[-85.53155341988307,38.308112314603584],[-85.52984755143659,38.30581047079897],[-85.53034664215919,38.3056721086097],[-85.52975926041337,38.30435661175831],[-85.52893508926006,38.30457917299946],[-85.52893419768439,38.30457795145445],[-85.52875997515326,38.30462628260328],[-85.52780198578401,38.30488406874432],[-85.52630395446367,38.30527713150869],[-85.52504635649686,38.30559534110453],[-85.5239077440435,38.3061747793012],[-85.52380666693739,38.305937977257656],[-85.5238069770292,38.30593790036859],[-85.52378685851515,38.30589281195709],[-85.52362954786145,38.305539321739936],[-85.5234820595197,38.30520647721578],[-85.52323658845131,38.30465386634698],[-85.5222209131172,38.30493327637921],[-85.52187670126685,38.305019300174855],[-85.52191084885523,38.30510485129929],[-85.52224095305219,38.30590960955421],[-85.52240327646875,38.30630547458354],[-85.522403649826,38.30630638435511],[-85.520736832917,38.30674854380698],[-85.52127921591361,38.30749077144282],[-85.5212876511174,38.30748662176139],[-85.52129964131029,38.30750190692836],[-85.52234692760841,38.308837029627185],[-85.52235453222566,38.308846724896895]]]},"properties":{"name":"WORTHINGTON HILLS","ballot_code":"WOH"}}]}